id,score,name,sex,age_months,age_band,birth_date,size,weight_kg,breed,breed_type,ppp,province,location,shelter,status,urgent,good_with_kids,sterilized,vaccinated,chipped,source,url,photo,first_seen,last_seen,description
miwuki:ihezwzpxnz,100,Alma,hembra,3,cachorro,,mediano,15.0,Malinois,raza,False,Alicante,"Alicante, España",Ana P.,disponible,False,True,,,,miwuki,https://petshelter.miwuki.com/c/ihEzWZpXnZ,https://img.miwuki.com/kZ1uO6n4,2026-08-03T01:11:33Z,2026-08-03T01:11:33Z,"En adopción, una perrita de 4 meses, la cogimos de la calle maltratada, y necesita una buena educación y tiempo para ello. Es muy buena y cariñosa. Es desconfiada por lo que ha podido pasar, quien le interese que me hable."
miwuki:j290hyvued,97,Nati,hembra,2,cachorro,,mediano,20.0,Mestizo,mestizo,False,Alicante,"Alicante, España",Leticia A.,disponible,False,True,,True,True,miwuki,https://petshelter.miwuki.com/c/j290HYVuED,https://img.miwuki.com/PP8jk3N3,2026-08-03T01:11:33Z,2026-08-03T01:11:33Z,"Hace 2 meses, un miembro de la familia desarrolló alergia al ácaro de la piel de Nati, teniendo que dejarla mucho tiempo en la terraza. Sigue siendo la misma cachorra que conocimos con solo 3 meses, a pesar de haber cumplido ya el año esperado a su nueva familia. Ha sido una decisión muy difícil de tomar. Apta con niños (les encanta) y con otros perros/as convive perfectamente, posiblemente también con gatos. Nati es suave, bellísima y un amor. Lo está pasando muy mal."
miwuki:93eipvi7rq,97,Petra,hembra,7,cachorro,,pequeno,5.0,Mestizo,mestizo,False,Alicante,"Alicante, España",Sophie J.,disponible,False,True,,,,miwuki,https://petshelter.miwuki.com/c/93eiPVI7rq,https://img.miwuki.com/hw5SR5F0,2026-08-03T01:11:33Z,2026-08-03T01:11:33Z,No sabemos mucho
asoka:asokaelgrande-org-pinda,96,Pinda,hembra,7,cachorro,,mediano,,Podenca,raza,False,Alicante,"Alicante 
                 (Alicante)",ASOKA el Grande,disponible,False,,True,True,,asoka,https://asokaelgrande.org/ficha-11747,https://asokaelgrande.org/ficha-banner-11747,2026-08-03T01:11:33Z,2026-08-03T01:11:33Z,"Asoka el Grande - Ficha de Pinda Foto 1 de 7 | Ficha de Pinda en adopción Nombre Pinda Clase perros Desde 10-6-2026 Sexo Hembra Edad 1 año y 7 meses fecha de nacimiento 12/2024 Raza Podenca Tamaño Mediano Localidad Alicante (Alicante) ID 11747 Descripción Pinda llega desde Asoka Orihuela, donde les avisaron de una perrita que andaba perdida. Intentaron cogerla pero fue misión imposible. Varios días después, la volvieron a localizar y de nuevo dieron aviso. Por fin, tras un buen rato, consiguiero"
miwuki:t3zhi3brj6,95,Agustin Felix,hembra,8,cachorro,,pequeno,7.0,Mestizo,mestizo,False,Alicante,"Alicante, España",Agustin Felix R.,disponible,False,True,,,,miwuki,https://petshelter.miwuki.com/c/T3Zhi3BRj6,https://img.miwuki.com/JQ6UW5P0,2026-08-03T01:11:33Z,2026-08-03T01:11:33Z,No puedo tenerla
miwuki:2zbkyhxoac,95,Luna,hembra,8,cachorro,,pequeno,6.0,Mestizo,mestizo,False,Alicante,"Alicante, España",Agustin Felix R.,disponible,False,True,,,,miwuki,https://petshelter.miwuki.com/c/2ZBKyhXoAc,https://img.miwuki.com/Ph4Ib6A1,2026-08-03T01:11:33Z,2026-08-03T01:11:33Z,Encontrada en la calle y no puedo tenerla por motivos de salud
miwuki:wmahbvlvge,94,Cachorro Malinois,hembra,5,cachorro,,mediano,,Mestizo,mestizo,False,Alicante,"Alicante, España",Andreea P.,disponible,False,,,,,miwuki,https://petshelter.miwuki.com/c/wmAHBvlvGE,https://img.miwuki.com/dB5kU0q2,2026-08-03T01:11:33Z,2026-08-03T01:11:33Z,"Nació a finales de febrero, es mezcla entre pastor belga malinois y border collie, es muy lista y espabilada, perfecta si tienes campo y necesitas un perro."
asoka:asokaelgrande-org-julieta,94,Julieta,hembra,10,cachorro,,mediano,18.5,Husky,raza,False,Alicante,"Alicante 
                 (Alicante)",ASOKA el Grande,disponible,False,,True,True,,asoka,https://asokaelgrande.org/ficha-11698,https://asokaelgrande.org/ficha-banner-11698,2026-08-03T01:11:33Z,2026-08-03T01:11:33Z,"Asoka el Grande - Ficha de Julieta Foto 1 de 4 | Ficha de Julieta en adopción Nombre Julieta Clase perros Desde 29-4-2026 Sexo Hembra Edad 1 año y 10 meses fecha de nacimiento 9/2024 Raza Husky Tamaño Mediano Peso 18,5 KG Localidad Alicante (Alicante) ID 11698 Descripción Julieta es cedida por problemas de escapismo, así que ahora mismo está en acogida, intentando trabajar sus problemas para mejorar y poder encontrar una familia definitiva. Es una perra muy buena, juguetona, sociable con perros "
miwuki:rmxnmzosdh,93,Guapi,hembra,8,cachorro,,mediano,14.0,Podenco Andaluz,raza,False,Valencia,"Valencia, España",Luis D.,disponible,False,True,,True,True,miwuki,https://petshelter.miwuki.com/c/RmXNMzosdH,https://img.miwuki.com/NV3HF7x0,2026-08-03T01:11:33Z,2026-08-03T01:11:33Z,La adopte y me la trajeron desde murcia. Es mitad podenca mitad Jack russell
miwuki:mnubpbf3c6,92,Bianca,hembra,4,cachorro,,mediano,19.0,Mestizo,mestizo,False,Valencia,"Valencia, España",Marcela C.,disponible,False,True,True,True,,miwuki,https://petshelter.miwuki.com/c/MnUBPbf3c6,https://img.miwuki.com/XP6yy7a9,2026-08-03T01:11:33Z,2026-08-03T01:11:33Z,"Bianca es una perra muy noble, buena y hermosa, la tengo desde que ha nacido. Vive con 2 perros y 1 gato. Le gusta salir a pasear y no se escapa. Es un excelente perro de compañía para personas mayores porque es muy tierna y necesita cariño."
miwuki:p9nszzprpe,92,Chloe,hembra,3,cachorro,,mediano,,Podenco Andaluz,raza,False,Castellón,"Castellón, España",Huellas Callejeras,disponible,False,,,True,True,miwuki,https://petshelter.miwuki.com/c/P9NszzprPe,https://img.miwuki.com/uH6lx7J3,2026-08-03T01:11:33Z,2026-08-03T01:11:33Z,"Chloe nació el 24 de abril de 2025 en Alcora, junto a su hermana Terra, hijas de Xispa. Ha crecido en la asociación, donde destaca por su espíritu explorador y su carácter curioso. Le encanta descubrir nuevos lugares, jugar en el agua y disfrutar de paseos al aire libre. Es cariñosa, sociable y se lleva muy bien con personas y otros perros. Aunque alegre y encantadora, Chloe aún busca una familia que le brinde el amor y la estabilidad que necesita. Independiente y especial, está lista para llena"
miwuki:zrzr4uy6su,92,Dema,hembra,6,cachorro,,mediano,,Mestizo,mestizo,False,Murcia,"Murcia, España",Spandy,disponible,False,True,True,True,True,miwuki,https://petshelter.miwuki.com/c/ZrzR4uY6Su,https://img.miwuki.com/aT3qW2b4,2026-08-03T01:11:33Z,2026-08-03T01:11:33Z,Es una cachorra súper juguetona se lleva bien con otros perros y es muy cariñosa con la gente
miwuki:hnm7nbyyyg,92,Loli,hembra,3,cachorro,,mini,3.0,Mestizo,mestizo,False,Valencia,"Valencia, España",Gherghina G.,disponible,False,True,,True,True,miwuki,https://petshelter.miwuki.com/c/HnM7NbyYyg,https://img.miwuki.com/yA9TR4w2,2026-08-03T01:11:33Z,2026-08-03T01:11:33Z,Loli es una perrita de 1 añito de edad.
miwuki:xskxxsb1uu,92,Nala,hembra,9,cachorro,,mediano,25.0,Pastor Aleman,raza,False,Castellón,"Castellón, España",Nayara M.,disponible,False,True,,True,True,miwuki,https://petshelter.miwuki.com/c/XskxXsB1UU,https://img.miwuki.com/Ak6aO6h7,2026-08-03T01:11:33Z,2026-08-03T01:11:33Z,"🐾 NALA BUSCA HOGAR 🐾  Mestiza de Pastor Alemán y Pastor Belga Malinois ❤️  Nala aún no llega al año de edad y ya es una perra excepcional. Se encuentra perfecta de salud y ha sido adiestrada desde los 2 meses de vida por el equipo de Dallas M.Team (Castellón).  614326842 DALLAS M.TEAM"
miwuki:s7lhfhkg7b,92,Noa,hembra,6,cachorro,,mediano,15.0,Mestizo,mestizo,False,Murcia,"Murcia, España",SOS Animals,disponible,False,True,True,,,miwuki,https://petshelter.miwuki.com/c/S7LHFHKG7b,https://img.miwuki.com/Oh4jm8v2,2026-08-03T01:11:33Z,2026-08-03T01:11:33Z,"muy buena y sociable con perros, gatos, gente... rescatada de un abandono de cachorra"
miwuki:4ykejf56ce,92,Sisí,hembra,5,cachorro,,mediano,16.0,Mestizo,mestizo,False,Murcia,"Murcia, España",Cuatro Patas Jumilla,disponible,False,True,,True,True,miwuki,https://petshelter.miwuki.com/c/4ykEjf56ce,https://img.miwuki.com/Hy3LL1p6,2026-08-03T01:11:33Z,2026-08-03T01:11:33Z,"Carácter: Muy cariñosa, inteligente, juguetona y sociable. Es muy equilibrada y educada para su edad. Tranquila para ser un cachorro. Historia: Encontrada sola en la calle. Salud: No tiene analítica. No tiene síntomas de enfermedad. Vacunas al día. Requisitos: Sacar licencia PPP"
miwuki:xrrgpvuvpq,92,Sky,hembra,9,cachorro,,mediano,15.0,Border Collie,raza,False,Castellón,"Castellón, España",Giipsy B.,disponible,False,True,,,,miwuki,https://petshelter.miwuki.com/c/XrRgPVUVpQ,https://img.miwuki.com/wa4Xn2Y2,2026-08-03T01:11:33Z,2026-08-03T01:11:33Z,"Lo encontramos en un criadero ilegal, sus ojos color miel son tan expresivos, lleva con nosotros varios meses ya que eran muy bebés cuando los rescatamos.  Se lleva muy bien con niños, gatos y perros. Muy juguetona es muy dulce, necesita adopción urgente ya no la podemos mantener en casa, tenemos más animales."
miwuki:x5cuqlud32,91,Cafe,hembra,7,cachorro,,mediano,25.0,Mestizo,mestizo,False,Murcia,"Murcia, España",Khalid T.,disponible,False,True,True,True,True,miwuki,https://petshelter.miwuki.com/c/X5cuQLUd32,https://img.miwuki.com/Gl6Um8k5,2026-08-03T01:11:33Z,2026-08-03T01:11:33Z,Me la dieron y no me puedo hacer cargo
apadac:mikita,91,Mika,hembra,12,joven,,pequeno,,Mezcla de Podenco Andaluz,mezcla,False,Alicante,Callosa de Segura,APADAC Callosa de Segura,disponible,False,,,,,apadac,https://protectora-apadac.org/adopta/mikita,https://protectora-apadac.org/_next/image?url=%2Fapi%2Fmedia%2Ffile%2F850baff7-7988-4906-b751-6c847c18c500.jpg&w=3840&q=75,2026-08-03T10:39:22Z,2026-08-03T10:39:22Z,"Adopción responsable Ella es Mika: entusiasmo puro, saltos de alegría y mimos infinitos esperándote. 💛 Convivencia Cuidados Historia 🐾 Mika , una explosión de felicidad que siempre te recibe con una sonrisa."
apadac:pepita,91,Pepa,hembra,12,joven,,mediano,,Mezcla de Bodeguero,mezcla,False,Alicante,Callosa de Segura,APADAC Callosa de Segura,disponible,False,,,,,apadac,https://protectora-apadac.org/adopta/pepita,https://protectora-apadac.org/_next/image?url=%2Fapi%2Fmedia%2Ffile%2FWhatsApp%2520Image%25202026-07-30%2520at%252023.33.07%2520(4).jpg&w=3840&q=75,2026-08-03T10:39:22Z,2026-08-03T10:39:22Z,"Adopción responsable Ella es Pepa: intensidad, juego y un corazón gigante esperando por ti. 💛 Convivencia Cuidados Historia 🐾 Pepa , una terremoto de alegría con un corazón enorme."
villena:10073,90,Anael,hembra,10,cachorro,2025-10-01,mini,4.4,,desconocido,False,Alicante,Alicante,SPAP Villena,disponible,False,,,,,villena,https://protectoravillena.com/animal/anael/,https://protectoravillena.com/wp-content/uploads/Anael-1.jpg,2026-08-03T01:11:33Z,2026-08-03T01:11:33Z,"Anael llegó a la protectora el 4 de junio de 2026 y, actualmente, se encuentra en una casa de acogida, donde está demostrando lo especial que es.   Es un auténtico caramelico: una perrita simpática, muy cariñosa y con ganas de compartir momentos con las personas. Con otros perros se relaciona bien y, durante los paseos, camina por la calle con tranquilidad, sin mostrar miedos.   Ahora solo le falta encontrar un hogar definitivo donde pueda seguir siendo esa compañera dulce y encantadora que está"
miwuki:jxmnno0g2j,90,Shuri,hembra,8,cachorro,,mediano,12.0,Mestizo,mestizo,False,Valencia,"Valencia, España",Aurelio M.,disponible,False,True,,True,True,miwuki,https://petshelter.miwuki.com/c/jxmnNo0G2j,https://img.miwuki.com/pe8xS9z5,2026-08-03T01:11:33Z,2026-08-03T01:11:33Z,Es muy amigable. Se lleva bien con otros perros y con las personas.
miwuki:x0lz65xmds,90,Tequila,hembra,8,cachorro,,mediano,10.0,Mestizo,mestizo,False,Valencia,"Valencia, España",Carlos H.,disponible,False,True,,True,True,miwuki,https://petshelter.miwuki.com/c/x0LZ65XMDs,https://img.miwuki.com/pV8KN3Z4,2026-08-03T01:11:33Z,2026-08-03T01:11:33Z,Necesito encontrarle una buena casa
kerubi:alondra,89,Alondra,hembra,2,cachorro,2026-06-02,mediano,,Mestizo,mestizo,False,Valencia,Valencia,Salvando patitas,disponible,False,,,,,kerubi,https://kerubi.es/animales/perros-en-adopcion/alondra/,https://kerubi.es/wp-content/uploads/2026/07/FB_IMG_1784663704452.jpg,2026-08-03T01:11:33Z,2026-08-03T01:11:33Z,"¡ALONDRA BUSCA CASA DEFINITIVA! 🏡❤️ Hembra 10/10/25 Será de tamaño mediano (no creemos que más de 20kg) Alondra fue encontrada junto con sus hermanos, y acabaron en el servicio de recogida. 4 fueron separados prematuramente pero 4 pudieron permanecer juntos. Faltan Piano y ella por encontrar casas. Buscamos para ella un entorno tranquilo, no urbano. Necesita un sitio y una familia tranquila, porque cuando tiene muchos estímulos y se pone nerviosa, le cuesta gestionar algunas cosas por miedo. Es "
kerubi:arena,89,Arena,hembra,3,cachorro,2026-05-13,mediano,,Mestizo,mestizo,False,Valencia,Valencia,Salvando patitas,disponible,False,,,,,kerubi,https://kerubi.es/animales/perros-en-adopcion/arena/,https://kerubi.es/wp-content/uploads/2026/07/FB_IMG_1783195167710.jpg,2026-08-03T01:11:33Z,2026-08-03T01:11:33Z,"¡ARENA NECESITA UNA ACOGIDA O ADOPCIÓN, NO VE BIEN! 💔 Arena fue sacada de la perrera, o sea que alguien la tuvo que abandonar. Nunca más fue reclamada por nadie. Estuvo un tiempo en una casa pero ahora está con nosotras en el refugio. Nos hemos dado cuenta de que NO VE BIEN. Cuando hay luz parece que tiene una ceguera casi total, y cuando hay algo menos creemos que ve sombras. Sospechamos de una acromatopsia como Sayan, pero tenemos cita con ella para oftalmología el viernes y sabremos su diagnó"
kerubi:candy-2,89,Candy,hembra,6,cachorro,2026-02-05,mediano,,Mestizo,mestizo,False,Valencia,Valencia,Salvando patitas,disponible,False,,,,,kerubi,https://kerubi.es/animales/perros-en-adopcion/candy-2/,https://kerubi.es/wp-content/uploads/2026/07/FB_IMG_1784898024517.jpg,2026-08-03T01:11:33Z,2026-08-03T01:11:33Z,"CANDY !!!! 💚 Nuestra cachorra orejona favorita , que con estos calores va con dos palmos de lengua fuera . SEGUIMOS BUSCANDO UN HOGAR !!! La peque va creciendo sin familia , ella es cariñosa , muy muy sociable y juguetona . Muy atenta a seguirte . No se entiende como aún no tiene familia. De adulta pesará unos 25 kg , tiene 5.5 meses , se nota que ya va madurando un poquito. Necesita a alguien tan alegre y cariñoso como ella !!! Contacto: 628 64 72 84. ( Wasap ) #adopta #cachorros #rescate"
kerubi:moka-y-chia,89,Chia,hembra,2,cachorro,2026-06-21,mediano,,Mestizo,mestizo,False,Valencia,Valencia,Salvando patitas,disponible,False,,,,,kerubi,https://kerubi.es/animales/perros-en-adopcion/moka-y-chia/,https://kerubi.es/wp-content/uploads/2026/06/FB_IMG_1781779731011.jpg,2026-08-03T01:11:33Z,2026-08-03T01:11:33Z,"Chia es una perra muy vital , activa , tremendamente cariñosa y sociable , con un carácter muy noble . Está esterlizada y tiene unos 3 o 4 años . Es de talla mediana y la actual ley requiere seguro y licencia. Os rogamos difusión , pues a pesar de ser maravillosa lo tiene muy difícil por el estigma social . Valencia , contacto : [email protected]"
kerubi:flora,89,Flora,hembra,3,cachorro,2026-05-18,mediano,,Mestizo,mestizo,False,Valencia,Valencia,Salvando patitas,disponible,False,,,,,kerubi,https://kerubi.es/animales/perros-en-adopcion/flora/,https://kerubi.es/wp-content/uploads/2026/05/FB_IMG_1779047421122.jpg,2026-08-03T01:11:33Z,2026-08-03T01:11:33Z,"¡CUATRO AÑOS BUSCANDO CASA! ⚠️☹️ FLORA 🫶🏽 Hembra Edad: 10/06/22 Tamaño mediano Buscamos ACOGIDA de larga estancia o ADOPCIÓN 🏡 A Flora la recogimos de la perrera cuando apenas tenía 3 meses, junto con sus dos hermanos, Botón y Flaca. Flaca ya está adoptada pero ellos todavía no. Y de eso hace ya CUATRO AÑOS. Han pasado por la Dana y por varios sitios y ahora Flora está en una residencia. Queremos que Flora por fin, tenga la oportunidad de estar en un hogar 🏡 Es una perreta con muchos miedos. Al "
kerubi:freya-4,89,Freya,hembra,3,cachorro,2026-05-11,mediano,,Mestizo,mestizo,False,Valencia,Valencia,Salvando patitas,disponible,False,,True,,True,kerubi,https://kerubi.es/animales/perros-en-adopcion/freya-4/,https://kerubi.es/wp-content/uploads/2026/05/FB_IMG_1778437702730.jpg,2026-08-03T01:11:33Z,2026-08-03T01:11:33Z,"⚡ADOPCIÓN ESPECIAL ⚡ Esta perrita tan guapa es Freya, tiene 3 añitos, pesa 18 a 20 kg y necesita una familia paciente y adecuada para ella. Es una perrita insegura y activa (dentro de casa es buena y tranquila). Tambien es muy cariñosa, obediente y juguetona cuando gana confianza. Freya muestra reactividad a personas y a perros cuando pasea por ciudad, ya que va muy estresada y asustada si hay mucho tránsito y ruidos… Por lo que buscamos un hogar apartado de ciudades, casa a las afueras de la ci"
kerubi:kira-5,89,Kira,hembra,3,cachorro,2026-05-18,mediano,,Mestizo,mestizo,False,Castellón,Castellón,Lloc de felins,disponible,False,,,,,kerubi,https://kerubi.es/animales/perros-en-adopcion/kira-5/,https://kerubi.es/wp-content/uploads/2026/05/Screenshot_2026-05-17-12-43-39-97_6012fa4d4ddec268fc5c7112cbb265e7.jpg,2026-08-03T01:11:33Z,2026-08-03T01:11:33Z,Después de 5 años atada a una cadena Kira por fin conoce la libertad pero le sigue faltando una familia que quiera cuidarla y quererla para siempre. Buena con perros y personas.
kerubi:linda-4,89,Linda,hembra,3,cachorro,2026-05-06,mediano,,Mestizo,mestizo,False,Valencia,Valencia,Help Dog Valencia,disponible,False,,True,,,kerubi,https://kerubi.es/animales/perros-en-adopcion/linda-4/,https://kerubi.es/wp-content/uploads/2026/07/cd4c0b5f-7646-4db3-bee6-7642f3ead9c5.jpeg,2026-08-03T01:11:33Z,2026-08-03T01:11:33Z,"𝗟𝗜𝗡𝗗𝗔 𝗕𝗨𝗦𝗖𝗔 𝗙𝗔𝗠𝗜𝗟𝗜𝗔 𝗗𝗘 𝗔𝗗𝗢𝗣𝗖𝗜𝗢́𝗡 Tiene 1 mes y medio o 2 meses aprox… Será tamaño mediana grande. Está en Valencia y su adopción será en Valencia. Se hace cuestionario previo de preguntas, contrato de adopción, se entregará con vacunas, chip etcétera… Lógicamente los gastos veterinarios los debe de cubrir la familia que la adopte. Si quieres que 𝗟𝗶𝗻𝗱𝗮 sea parte de tú familia envía WhatsApp a 661 75 51 27 ¿𝗡𝗢𝗦 𝗔𝗬𝗨𝗗𝗔𝗦 𝗔 𝗦𝗘𝗚𝗨𝗜𝗥 𝗔𝗬𝗨𝗗𝗔́𝗡𝗗𝗢𝗟𝗢𝗦! 🐕🐈‍⬛ ¡𝗣𝗢𝗥 𝗦𝗢𝗟𝗢 𝟭 𝗘𝗨𝗥𝗢 𝗔𝗟 𝗠𝗘𝗦 𝗣𝗨𝗘𝗗𝗘𝗦 𝗛𝗔𝗖𝗘𝗥𝗟𝗢? 👇🏾 https://w"
kerubi:micaela,89,Micaela,hembra,1,cachorro,2026-07-19,mediano,,Mestizo,mestizo,False,Valencia,Valencia,Salvando patitas,disponible,False,,,,,kerubi,https://kerubi.es/animales/perros-en-adopcion/micaela/,https://kerubi.es/wp-content/uploads/2026/07/FB_IMG_1784319534210.jpg,2026-08-03T01:11:33Z,2026-08-03T01:11:33Z,"Micaela Edad: 05/08/19 Tamaño mediano Busca tanto ACOGIDA como ADOPCIÓN ❤️ Ella fue recogida por una chica que se la encontró por la calle, evidentemente sin identificar 😔 y nadie la reclamó nunca. Vino con una herida en la cabeza. Micaela tiene alergia ambiental, si alguien se interesara en su adopción, pagaríamos la medicación de por vida. Ahora está bien con ella y come pienso sin cereales. No le puede dar mucho el sol. Para Micaela buscamos una casa donde sea hija única ya que creemos qué es"
kerubi:noah,89,Noah,hembra,1,cachorro,2026-07-14,mediano,,Mestizo,mestizo,False,Valencia,Valencia,Salvando patitas,disponible,False,,,,,kerubi,https://kerubi.es/animales/perros-en-adopcion/noah/,https://kerubi.es/wp-content/uploads/2026/07/FB_IMG_1784059173859.jpg,2026-08-03T01:11:33Z,2026-08-03T01:11:33Z,"¡BUSCAMOS ACOGIDA O ADOPCIÓN PARA NOAH! 🙏🏽 ⚠️NO SIRVE PARA CAZAR⚠️ Hembra Edad: 15-12-24 Tamaño mediano (unos 25kg) Noah ha llegado a nosotras porque la que era su familia no ha podido gestionar bien las introducciones y los gatos de la familia se han deprimido con su llegada. Ahora es ella la que está buscando un nuevo hogar 💔 Es una perrita muy miedosa al principio, le asustan algunos ruidos. Una vez te coge confianza, es un bombón. Es muy muy cariñosa. No deja de ser una perrita que necesita "
miwuki:w1oicvqpp7,89,Prim,hembra,4,cachorro,,mediano,,Mestizo,mestizo,False,Castellón,"Castellón, España",Refugio Alcolea,disponible,False,,,,,miwuki,https://petshelter.miwuki.com/c/W1oIcVqpP7,https://img.miwuki.com/jm7VV3o3,2026-08-03T01:11:33Z,2026-08-03T01:11:33Z,
kerubi:sarabi,89,Sarabi,hembra,3,cachorro,2026-05-04,mediano,,Mestizo,mestizo,False,Valencia,Valencia,Help Dog Valencia,disponible,False,,True,,,kerubi,https://kerubi.es/animales/perros-en-adopcion/sarabi/,https://kerubi.es/wp-content/uploads/2026/07/7ff36329-66b3-491b-8e8e-e708c8d38ec2.jpeg,2026-08-03T01:11:33Z,2026-08-03T01:11:33Z,"𝐒𝐀𝐑𝐀𝐁𝐈 𝐁𝐔𝐒𝐂𝐀 𝐅𝐀𝐌𝐈𝐋𝐈𝐀 𝐃𝐄 𝐀𝐃𝐎𝐏𝐂𝐈𝐎́𝐍 Es algo tímida al principio y tiene un poco de miedo, pero es muy buena y cariñosa. Tiene unos 3 meses y medio aprox…Está en un pueblo de Valencia y la adopción será en Valencia. Se hace contrato de adopción. Irá con vacunas, chip etcétera… lógicamente los gastos veterinarios los debe de cubrir la familia que la adopte. Si quieres que 𝐒𝐚𝐫𝐚𝐛𝐢 sea parte de tú familia envía WhatsApp a 661 75 51 27 ¿𝗡𝗢𝗦 𝗔𝗬𝗨𝗗𝗔𝗦 𝗔 𝗦𝗘𝗚𝗨𝗜𝗥 𝗔𝗬𝗨𝗗𝗔́𝗡𝗗𝗢𝗟𝗢𝗦! 🐕🐈‍⬛ ¡𝗣𝗢𝗥 𝗦𝗢𝗟𝗢 𝟭 𝗘𝗨𝗥𝗢 𝗔𝗟 𝗠𝗘𝗦 𝗣𝗨𝗘𝗗"
kerubi:urgente-2,89,Urgente,hembra,1,cachorro,2026-07-05,mediano,,Mestizo,mestizo,False,Valencia,Valencia,Salvando patitas,disponible,False,,,,,kerubi,https://kerubi.es/animales/perros-en-adopcion/urgente-2/,https://kerubi.es/wp-content/uploads/2026/07/FB_IMG_1783194943479.jpg,2026-08-03T01:11:33Z,2026-08-03T01:11:33Z,"¡OS NECESITAMOS OTRA VEZ! 🙏🏽 Buscamos acogidas de al menos un mes para estos perretes. NECESITAMOS hacer unas reformas en las jaulas donde viven. Lo ideal sería que no volvieran, pero al menos, que puedan estar fuera en lo que hacemos las obras, y que tengan un sitio mejor después. Porque con ellos dentro viviendo es muy difícil hacer obras. La otra vez que pedimos acogidas no salieron todos, pero sí para algunos y fue de mucha ayuda. Piano, Yoda, Jade, Fleicon, Dodot y Micaela buscan ACOGIDAS e"
miwuki:oopyrpkcmj,89,Zori,hembra,5,cachorro,,mediano,,Mestizo,mestizo,False,Valencia,"Valencia, España",Adaana,disponible,False,,True,True,True,miwuki,https://petshelter.miwuki.com/c/oopyrpkCmJ,https://img.miwuki.com/Do3ft9K6,2026-08-03T01:11:33Z,2026-08-03T01:11:33Z,"Zori es muy buena, sociable con otros perros y con personas. Pasea muy bien con correa, agradecida, simpática... una perrita de 10.¡Impsoible resistirse! ¿Quieres darle a Zori la oportunidad de empezar su nueva vida contigo?"
miwuki:nyipkugy1k,88,Canela,hembra,11,cachorro,,mediano,10.0,Mestizo,mestizo,False,Valencia,"Valencia, España",Alicia,disponible,False,True,True,True,,miwuki,https://petshelter.miwuki.com/c/NyipKugY1K,https://img.miwuki.com/BS8DB2C9,2026-08-03T01:11:33Z,2026-08-03T01:11:33Z,"Perrita encontrada en la calle muy cariñosa y con ganas de dar cariño y de ser mimada, cachorrita juguetona y muy lista."
villena:10078,87,Estela,hembra,13,joven,2025-07-15,mediano,16.0,,desconocido,False,Alicante,Alicante,SPAP Villena,disponible,False,,,,,villena,https://protectoravillena.com/animal/estela/,https://protectoravillena.com/wp-content/uploads/Estela-1.jpg,2026-08-03T01:11:33Z,2026-08-03T01:11:33Z,"Estela es una perrita sociable con las personas. Cuando sale a la calle puede mostrarse algo cohibida al principio, ya que necesita unos minutos para sentirse segura en un entorno nuevo. Sin embargo, en cuanto gana confianza, deja ver su lado más cariñoso y lo único que busca son mimos, atención y disfrutar de tu compañía.   Con otros perros convive bien, aunque tiene su carácter. En algunas situaciones puede gruñir por celos si siente que tiene que competir por la atención de la persona que est"
villena:9989,86,Sofía,hembra,15,joven,2025-05-25,mediano,18.8,,desconocido,False,Alicante,Alicante,SPAP Villena,disponible,False,,,,,villena,https://protectoravillena.com/animal/sofia/,https://protectoravillena.com/wp-content/uploads/Sofia-1.jpg,2026-08-03T01:11:33Z,2026-08-03T01:11:33Z,"Sofía llegó a la protectora el 26 de mayo de 2026 y, desde entonces, nos ha conquistado por su forma de ser. Es una perrita muy guapa, cariñosa y sociable, de esas que disfrutan de la compañía y se muestran cercanas con las personas. A pesar de ser jovencita, tiene una energía media, por lo que resulta una compañera muy agradable para el día a día. Además, pasea muy bien, haciendo que los momentos fuera sean tranquilos y disfrutables.   Sofía es, sencillamente, un pequeño tesoro: una perrita equ"
miwuki:fnmp01tlxv,85,Alma,hembra,11,cachorro,,pequeno,,Mestizo,mestizo,False,Castellón,"Castellón, España",Huellas Callejeras,disponible,False,,,True,True,miwuki,https://petshelter.miwuki.com/c/FNmP01TLXv,https://img.miwuki.com/ig8pI0O1,2026-08-03T01:11:33Z,2026-08-03T01:11:33Z,"*Conoce a Alma: La cachorrita llena de energía* 🌼  Alma es una adorable cachorra de tres meses y medio que actualmente pesa seis kilos. Es una podenca muy juguetona y activa, siempre lista para jugar y explorar. Su alegría es contagiosa y está llena de vitalidad.  Alma fue encontrada en unos caminos de zonas periurbanas y ha estado criada en exteriores. Aunque le cuesta un poco adaptarse a la vida dentro de una vivienda, su casa de acogida está trabajando con ella para ayudarla a convivir co"
miwuki:a1kl9syvhe,85,Balma,hembra,11,cachorro,,mediano,,Mestizo,mestizo,False,Valencia,"Valencia, España",Helpdog Valencia,disponible,False,,,,,miwuki,https://petshelter.miwuki.com/c/A1kL9SyVHE,https://img.miwuki.com/wg2bW5i6,2026-08-03T01:11:33Z,2026-08-03T01:11:33Z,"🐾BALMA BUSCA FAMILIA 🏡   Balma es una preciosa cruce de podenco de 9 meses, pesa 15 kg es tamaño mediana.   👉Es una perrita muy activa.  👉 Lo ideal sería casa con terreno o chalet. 👉 No testada con gatos.  👉 Es muy simpática y sociable con otros perros  👉 Le encanta correr y jugar.   ¿Te animas a darle una nueva vida?  ▪️TODOS NUESTROS PERRETES SE DAN EN ADOPCIÓN EN VALENCIA Y/O PUEBLOS DE ALREDEDOR ▪️  ▶️ Si quieres conocer más sobre alguno de nuestros peques o deseas recibir el cuestionario de"
villena:9666,85,León,hembra,16,joven,2025-04-01,mediano,17.6,,desconocido,False,Alicante,Alicante,SPAP Villena,disponible,False,,,,,villena,https://protectoravillena.com/animal/leon/,https://protectoravillena.com/wp-content/uploads/IMG_8170.jpg,2026-08-03T01:11:33Z,2026-08-03T01:11:33Z,"León llegó a la protectora el 20 de enero de 2026. Desde entonces se ha mostrado como un perro activo y muy sociable con las personas. Disfruta mucho del contacto humano y suele acercarse con buena actitud cuando alguien le presta atención. En la calle se muestra seguro y sin miedos aparentes. Durante los paseos camina con energía y a veces estira un poco de la correa, algo normal en un perro con su nivel de actividad, pero en general mantiene una buena actitud mientras pasea.   Es un compañero "
miwuki:hr8hxkn5we,83,Vela,hembra,32,joven,,mediano,10.0,Spaniel Breton,raza,False,Alicante,"Alicante, España",Rocio R.,disponible,False,True,,True,True,miwuki,https://petshelter.miwuki.com/c/Hr8HXKN5we,https://img.miwuki.com/wz0mY2L4,2026-08-03T01:11:33Z,2026-08-03T01:11:33Z,Vela es una perrita muy alegre. Muy activa que necesita una casa de campo para correr todos los dias. No tiene problema con otros perros. Sabe cazar. Por tanto es recomendable que no esté con gatos u otro animal.
miwuki:xhcvjoiexc,82,Ishkra,hembra,18,joven,,mediano,,Mestizo,mestizo,False,Murcia,"Murcia, España","Esprineco, S.l.",disponible,False,True,,True,True,miwuki,https://petshelter.miwuki.com/c/xHcVjOIExc,https://img.miwuki.com/Tj2rs9d0,2026-08-03T01:11:33Z,2026-08-03T01:11:33Z,"Es tranquilo y sociable con los demás perros y personas. Edad aproximada 1 año y medio."
miwuki:yelvcknbmm,82,Nut,hembra,18,joven,,pequeno,12.0,Mestizo,mestizo,False,Murcia,"Murcia, España",Spandy,disponible,False,True,True,True,True,miwuki,https://petshelter.miwuki.com/c/YelVcknBMM,https://img.miwuki.com/np8dm8U8,2026-08-03T01:11:33Z,2026-08-03T01:11:33Z,Nut es una perrita súper equilibrada e inteligente le gusta jugar con otros perros y es muy obediente a todo lo que le digas es súper cariñosa
miwuki:4dbgsjikol,82,Zelda,hembra,18,joven,,mediano,15.0,Mestizo,mestizo,False,Castellón,"Castellón, España",Refugio Alcolea,disponible,False,True,,,,miwuki,https://petshelter.miwuki.com/c/4dbGsjIKol,https://img.miwuki.com/MA3yf2l3,2026-08-03T01:11:33Z,2026-08-03T01:11:33Z,perrita nacida en la protectora tiene un poco de miedo pero una vez conoce a la persona es supercariñosa
miwuki:iuawneovkh,81,Hera,hembra,5,cachorro,,grande,35.0,Akita,raza,False,Valencia,"Valencia, España",Briana A.,disponible,False,True,,True,True,miwuki,https://petshelter.miwuki.com/c/iUAWNeovKh,https://img.miwuki.com/st5rk8O8,2026-08-03T01:11:33Z,2026-08-03T01:11:33Z,"Hera es una perrita que compré desde que tenía 3 meses, le dimos mucho amor y mucho cariño, pero ahora tengo un hijo y 2 perros más en casa y se dificulta tener 3 perros y un niño por el espacio, es un piso y es muy pequeño para ellos, ella es una perra muy imperativa y requiere de mucho espacio para poder jugar y quemar energía"
villena:10045,81,Kira,hembra,7,cachorro,2026-01-01,,,,desconocido,False,Alicante,Alicante,SPAP Villena,disponible,False,,,,,villena,https://protectoravillena.com/animal/kira/,https://protectoravillena.com/wp-content/uploads/Kira-1.jpg,2026-08-03T01:11:33Z,2026-08-03T01:11:33Z,"Kira llegó a la protectora el 16 de junio de 2026 y, desde entonces, ha dejado claro que tiene una personalidad imposible de pasar por alto.   Es una perra muy sociable, llena de energía y con una simpatía que contagia a todo el que la conoce. Es un auténtico torbellino: siempre está dispuesta a moverse, explorar y disfrutar de cada momento con entusiasmo.   Además, convive con otros perros sin ningún problema, por lo que comparte espacio con ellos de forma tranquila.   Kira busca una familia qu"
kerubi:tonaa,81,Toñaa,hembra,15,joven,2025-05-01,pequeno,,Mestizo,mestizo,False,Valencia,Valencia,Salvando patitas,disponible,False,,,,,kerubi,https://kerubi.es/animales/perros-en-adopcion/tonaa/,https://kerubi.es/wp-content/uploads/2026/07/FB_IMG_1784664352183.jpg,2026-08-03T01:11:33Z,2026-08-03T01:11:33Z,"¡NECESITAMOS UNA CASA QUE AYUDE A TOÑA! 🤞🏽 Toña es esta perrita de tamaño pequeño (no pesa ni 10kg) que necesita una casa con urgencia. Vino con sus dos bebés que ya están adoptados, de una perrera. Ahora la que necesita una vida mejor es Toña. Y ya lleva con nosotras MÁS DE UN AÑO. Vino con muchísimo miedo y aunque lo ha ido poco a poco perdiendo aún sigue siendo una perra muy miedosa. No tenemos el suficiente tiempo que requiere ayudar a una perra con sus miedos así que por eso buscamos ALGUIE"
miwuki:tksjfj21gf,79,Ariel,hembra,18,joven,,pequeno,6.0,Mestizo,mestizo,False,Valencia,"Valencia, España",Associació Animalista Tavernes,disponible,False,,True,,,miwuki,https://petshelter.miwuki.com/c/TKSJfJ21gF,https://img.miwuki.com/no-pic,2026-08-03T01:11:33Z,2026-08-03T01:11:33Z,
miwuki:2n2fbq33yz,79,Sin Nombre,hembra,18,joven,,mediano,15.0,Mestizo,mestizo,False,Valencia,"Valencia, España",Leonor R.,disponible,False,,,,,miwuki,https://petshelter.miwuki.com/c/2n2FBq33yZ,https://img.miwuki.com/ef9aF1J9,2026-08-03T01:11:33Z,2026-08-03T01:11:33Z,"La encontré en la calle, parece tranquila es bastante juguetona"
miwuki:xxpi7689ko,79,Tina,hembra,3,cachorro,,grande,30.0,Mestizo,mestizo,False,Murcia,"Murcia, España",Aproama,disponible,False,True,True,True,True,miwuki,https://petshelter.miwuki.com/c/xxpi7689kO,https://img.miwuki.com/IH5uT9Z8,2026-08-03T01:11:33Z,2026-08-03T01:11:33Z,"Tina es una perrita muy buena, cariñosa y tranquila, que disfruta de la compañía y del contacto con las personas. También le gusta correr y relacionarse con otros perros. Sabemos que anteriormente vivía en familia, con dos adultos, tres niños y otros perros, por lo que está acostumbrada al hogar y a la convivencia. La rescatamos de la perrera en 2025, y poco después dio a luz a 11 cachorros. Muchos de ellos enfermaron de parvovirus, una enfermedad muy dura. Aunque algunos no pudieron salir ade"
miwuki:zborhssbk4,78,Perma,hembra,6,cachorro,,gigante,,Mastin Espanol,raza,False,Murcia,"Murcia, España",Spandy,disponible,False,True,True,True,True,miwuki,https://petshelter.miwuki.com/c/zbORHsSbk4,https://img.miwuki.com/Rw0er2U1,2026-08-03T01:11:33Z,2026-08-03T01:11:33Z,"Fue abandonada junto a todos sus hermanos de una camada indeseada es la única que queda en adopción tras meses de difusión, es una perra muy tranquila para ser cachorra y súper cariñosa"
villena:10087,76,Gaia,hembra,,,,mediano,16.0,,desconocido,False,Alicante,Alicante,SPAP Villena,disponible,False,,,,,villena,https://protectoravillena.com/animal/gaia/,https://protectoravillena.com/wp-content/uploads/Gaia-1.jpg,2026-08-03T01:11:33Z,2026-08-03T01:11:33Z,"Gaia llegó a la protectora el 18 de julio de 2026 y, desde entonces, ha demostrado ser una perra muy sociable y cariñosa. Disfruta muchísimo del contacto con las personas y siempre está encantada de recibir mimos. Está muy unida a Atlas, con quien ha creado un fuerte vínculo. Cuando está sola puede mostrarse un poco insegura, pero con compañía y cariño se siente mucho más tranquila.   Tiene un carácter muy bueno y es una compañera dulce que solo busca sentirse querida. Gaia espera encontrar una "
villena:9971,76,Hera,hembra,31,joven,2024-01-01,mediano,14.0,,desconocido,False,Alicante,Alicante,SPAP Villena,disponible,False,,,,,villena,https://protectoravillena.com/animal/hera/,https://protectoravillena.com/wp-content/uploads/Hera-4.jpg,2026-08-03T01:11:33Z,2026-08-03T01:11:33Z,"Hera llegó a la protectora el 30 de mayo de 2026 y actualmente se encuentra esperando una oportunidad para encontrar un hogar definitivo.   Es una perra muy activa y sociable, pero la estancia en la protectora le está resultando complicada y actualmente se encuentra muy estresada, algo comprensible en un entorno con tantos cambios, ruidos y estímulos. Por ello, creemos que un hogar estable, con rutinas claras y el tiempo necesario para adaptarse, podría ayudarla a mostrar una versión más tranqui"
anaa:anaaweb-org-kleine,76,Kleine,hembra,18,joven,2025-02-01,pequeno,10.0,Podenco,raza,False,Madrid,*,ANAA — Asociación Nacional Amigos de los Animales,disponible,False,,True,,,anaa,https://www.anaaweb.org/animales/43242,https://www.anaaweb.org/animals/image/43242?field=image_1920,2026-08-03T01:11:33Z,2026-08-03T01:15:20Z,"Anterior Siguiente 1 / 5 Adóptame Apadríname Comparte a KLEINE KLEINE Información Básica Especie Perro Raza Podenco Sexo Hembra Tamaño Pequeño Peso 10.0 kg Pelo Corto Color Marrón / Blanco Fecha de nacimiento 01/02/2025 Esterilizado Sí Padrinos Inmaculada Balmaseda Ver más animales Ayuda a KLEINE Formulario de Adopción ¡Gracias por elegir la adopción! Nuestro equipo le devolverá el mensaje tan pronto como sea posible. Mientras tanto, le invitamos a visitar nuestras redes sociales Redes sociales "
villena:10001,76,Loli,hembra,19,joven,2025-01-15,pequeno,11.3,,desconocido,False,Alicante,Alicante,SPAP Villena,disponible,False,,,,,villena,https://protectoravillena.com/animal/loli/,https://protectoravillena.com/wp-content/uploads/Loli-1.jpg,2026-08-03T01:11:33Z,2026-08-03T01:11:33Z,"Loli llegó a la protectora el 26 de febrero de 2026. Es una perrita activa, sociable y muy cariñosa, a la que le encanta recibir atención y compartir tiempo con las personas. Tiene mucho cariño para dar y, cuando se siente querida, lo devuelve con creces. Con las personas que no conoce puede mostrarse un poco tímida al principio, pero cuando gana confianza deja ver su lado más alegre y afectuoso.   En la calle es algo insegura con los ruidos y necesita cierta precaución y paciencia durante los p"
kerubi:luni,76,Luni,hembra,3,cachorro,2026-05-22,grande,,Mestizo,mestizo,False,Valencia,Valencia,Salvando patitas,disponible,False,,True,,True,kerubi,https://kerubi.es/animales/perros-en-adopcion/luni/,https://kerubi.es/wp-content/uploads/2026/05/FB_IMG_1778437424757.jpg,2026-08-03T01:11:33Z,2026-08-03T01:11:33Z,"💝 EN ADOPCIÓN 💝 Esta grandullona mestiza de Braco, es Luni. Tiene casi un añito de vida y esta en busca de hogar. Es activa, juguetona, muy cariñosa sociable con otros perros. Se busca casa con jardin para ella, no apta para piso si no tienes tiempo para dedicarle. Esta esterilizada, con chip y vacunas. En Sueca, Valencia Contacto 617198153"
villena:9341,76,Marta,hembra,35,joven,2023-09-04,mediano,22.4,,desconocido,False,Alicante,Alicante,SPAP Villena,disponible,False,,,,,villena,https://protectoravillena.com/animal/marta/,https://protectoravillena.com/wp-content/uploads/IMG_5569.jpg,2026-08-03T01:11:33Z,2026-08-03T01:11:33Z,"Marta llegó a la protectora el 24 de septiembre de 2025 y, desde entonces, se ha ganado el cariño de todo el equipo. Es una perra sociable y muy cariñosa, de esas que disfrutan de la compañía humana y buscan estar cerca para recibir una caricia o compartir un rato tranquilo.   Convive bien con otros perros y sabe relacionarse, aunque no es una perra sumisa: tiene su propia personalidad y lo demuestra con seguridad, sin conflictos. Con las personas es cercana y afectuosa, y agradece muchísimo la "
miwuki:rxy7nsyraz,76,Milky,hembra,5,cachorro,,grande,,Mestizo,mestizo,False,Valencia,"Valencia, España",Helpdog Valencia,disponible,False,,,,,miwuki,https://petshelter.miwuki.com/c/RXY7NSyraZ,https://img.miwuki.com/dO7gh6r4,2026-08-03T01:11:33Z,2026-08-03T01:11:33Z,"Fue rescatada junto a su madre, la mami es una podenca , padre desconocido. Tiene 2,5 meses y será tamaño mediana/grande.   Está en Málaga , puede viajar  📝Se rellena cuestionario que lo enviamos por WhatsApp o por e-mail.   📱 Para adoptar contacta SOLO por WhatsApp al 622 44 61 10"
miwuki:9prmcgrxjh,76,Mocha,hembra,5,cachorro,,grande,,Mestizo,mestizo,False,Valencia,"Valencia, España",Helpdog Valencia,disponible,False,,,,,miwuki,https://petshelter.miwuki.com/c/9pRMCgrxJh,https://img.miwuki.com/DU6hV0b2,2026-08-03T01:11:33Z,2026-08-03T01:11:33Z,"Fue rescatada junto a su madre, la mami es una podenca , padre desconocido. Tiene 2,5 meses y será tamaño mediana/grande.   Está en Málaga , puede viajar  📝Se rellena cuestionario que lo enviamos por WhatsApp o por e-mail.   📱 Para adoptar contacta SOLO por WhatsApp al 622 44 61 10"
kerubi:nuca-2,76,Nuca,hembra,4,cachorro,2026-04-23,grande,,Mestizo,mestizo,False,Valencia,Valencia,Help Dog Valencia,disponible,False,,True,,,kerubi,https://kerubi.es/animales/perros-en-adopcion/nuca-2/,https://kerubi.es/wp-content/uploads/2026/07/099fedba-fd3f-4c2a-b69b-4d30384318d8.jpeg,2026-08-03T01:11:33Z,2026-08-03T01:11:33Z,"𝐍𝐔𝐂𝐀 𝐁𝐔𝐒𝐂𝐀 𝐅𝐀𝐌𝐈𝐋𝐈𝐀 𝐃𝐄 𝐀𝐃𝐎𝐏𝐂𝐈𝐎́𝐍 Tienes 2 meses y medio. Será tamaño mediano grande. Es muy sociable y cariñosa. Está en Valencia y la adopción será en Valencia. Se hace contrato de adopción. Irá con vacunas, chip etcétera… lógicamente los gastos veterinarios los debe de cubrir la familia que la adopte. Si quieres que 𝐍𝐮𝐜𝐚 sea parte de tú familia envía WhatsApp a 661 75 51 27 ¿𝗡𝗢𝗦 𝗔𝗬𝗨𝗗𝗔𝗦 𝗔 𝗦𝗘𝗚𝗨𝗜𝗥 𝗔𝗬𝗨𝗗𝗔́𝗡𝗗𝗢𝗟𝗢𝗦! 🐕🐈‍⬛ ¡𝗣𝗢𝗥 𝗦𝗢𝗟𝗢 𝟭 𝗘𝗨𝗥𝗢 𝗔𝗟 𝗠𝗘𝗦 𝗣𝗨𝗘𝗗𝗘𝗦 𝗛𝗔𝗖𝗘𝗥𝗟𝗢? 👇🏾 https://www.teaming.net/group/list?q=He"
villena:9953,76,Sally,hembra,29,joven,2024-03-01,mediano,20.0,,desconocido,False,Alicante,Alicante,SPAP Villena,disponible,False,,,,,villena,https://protectoravillena.com/animal/sally/,https://protectoravillena.com/wp-content/uploads/Sally-1-1.jpg,2026-08-03T01:11:33Z,2026-08-03T01:11:33Z,"Sally llegó a la protectora el 26 de abril de 2026. Acaba de ser mamá, por lo que todavía es pronto para conocer cómo es realmente su carácter una vez se sienta tranquila y segura.   Por ahora se muestra esquiva y huidiza, y necesita que las personas respeten su espacio y sus tiempos. Con Sally es importante ir poco a poco, sin presiones, permitiendo que sea ella quien marque el ritmo mientras se adapta a su nueva situación.   Buscamos para ella un entorno paciente y tranquilo, donde pueda ganar"
miwuki:yuvfkmxmlg,75,Akira,hembra,36,adulto,,mediano,,Shar Pei,raza,False,Murcia,"Murcia, España",Asena Protectora,disponible,False,,True,True,,miwuki,https://petshelter.miwuki.com/c/yuvFKMxmLg,https://img.miwuki.com/OL2eU9D0,2026-08-03T01:11:33Z,2026-08-03T01:11:33Z,"Es una perrita cuya historia nos ha roto el corazón. Su dueño trabaja mucho viajando y llorando nos dijo que no podía cuidar de ella como merecía, que le rompía el alma, pero que era lo mejor (muchas gracias por ser responsable con la vida de Akira, pocas personas serían capaces de tomar la mejor decisión).   Es muy maja, cariñosa y juguetona. Busca familia activa y responsable"
miwuki:8z7g2dxrmw,75,Dama,hembra,24,joven,,mediano,25.0,Mestizo,mestizo,False,Castellón,"Castellón, España",Nayara M.,disponible,False,True,True,True,True,miwuki,https://petshelter.miwuki.com/c/8Z7g2dxRmW,https://img.miwuki.com/FJ6cg3a7,2026-08-03T01:11:33Z,2026-08-03T01:11:33Z,"🐾 DAMA BUSCA HOGAR 🐾  Dama es una perra maravillosa que solo necesita una oportunidad. ❤️ Es cariñosa, equilibrada, obediente y muy sociable. Disfruta de la compañía de las personas y está preparada para formar parte de una familia que la quiera para siempre.  📍 Castellón 📞 614 326 842  ✅ 1 año de asesoramiento gratuito de adiestramiento con Dallas M.Team."
villena:10076,75,Kiara,hembra,11,cachorro,2025-09-04,grande,30.0,,desconocido,False,Alicante,Alicante,SPAP Villena,disponible,False,,,,,villena,https://protectoravillena.com/animal/kiara/,https://protectoravillena.com/wp-content/uploads/Kiara-1.jpg,2026-08-03T01:11:33Z,2026-08-03T01:11:33Z,"Kiara llegó a la protectora el 1 de julio de 2026 y, desde el primer momento, ha demostrado ser una perra con mucha energía y ganas de disfrutar de la compañía de las personas.   Es una perra activa, fuerte y muy sociable con la gente. Le encanta estar cerca de las personas, captar su atención y aprovechar cualquier oportunidad para compartir juegos, paseos o momentos de actividad. Si te acercas a ella, es muy probable que enseguida quiera interactuar contigo.   Kiara busca una familia que disfr"
miwuki:sknume8tmi,75,Loby,hembra,27,joven,,mediano,15.0,Mestizo,mestizo,False,Murcia,"Murcia, España",Cuatro Patas Jumilla,disponible,False,True,True,True,True,miwuki,https://petshelter.miwuki.com/c/SKNUME8tmi,https://img.miwuki.com/AH0Po8a0,2026-08-03T01:11:33Z,2026-08-03T01:11:33Z,"Comportamiento con perros: Bien, se lleva bien con hembras y machos. En el albergue comparte espacio con otros perros y no tiene prolemas con ninguno// Comportamiento con gatos: No comprobado, creemos que iría bien// Niños: Bien si no son demasiado pequeños y la asusran// Paseo con correa: Sí, pero insegura todavía, está aprendiendo// Carácter: Muy cariñosa, juguetona y timida e insegura hasta que conoce el lugar un poco. // Historia: Encontrada cerca de la carretera con otra perrita muy pa"
miwuki:org262s2li,75,Lola,hembra,29,joven,,mediano,20.0,Mestizo,mestizo,False,Castellón,"Castellón, España",Toni G.,disponible,False,True,,True,True,miwuki,https://petshelter.miwuki.com/c/orG262S2li,https://img.miwuki.com/kr5io8x7,2026-08-03T01:11:33Z,2026-08-03T01:11:33Z,Perra montañera
miwuki:oubi2swa7f,75,Luci,hembra,31,joven,,mediano,12.0,Mestizo,mestizo,False,Valencia,"Valencia, España",El Refugio De Maria,disponible,False,True,True,True,True,miwuki,https://petshelter.miwuki.com/c/ouBI2swA7f,https://img.miwuki.com/HI8wa3L2,2026-08-03T01:11:33Z,2026-08-03T01:11:33Z,Lucy es una perrita adorable. es muy dulce y cariñosa. es juguetona y se lleva muy bien con otros perros. Fue abandonada como un juguete roto... y esta deseando tener un hogar y una familia.
reinasbiberon:15550,75,Melo,hembra,,,,mediano,,Border Collie,mezcla,False,Alicante,Alicante,Las Reinas del Biberón,disponible,False,,True,,,reinasbiberon,https://www.lasreinasdelbiberon.org/producto/melo/,https://www.lasreinasdelbiberon.org/wp-content/uploads/2026/07/31-2.jpg,2026-08-03T01:11:33Z,2026-08-03T01:11:33Z,"Melo es una perrita de 15 kilos, castrada, mestiza de Border Collie con podenco y de carácter dócil 🐾💜       A veces querer no es suficiente, y por motivos personales su familia ha tenido que tomar la difícil decisión de buscarle un nuevo hogar.       Ahora comienza un nuevo capítulo para ella, con la esperanza de encontrar una familia que la quiera para toda la vida. Si estás interesado en su adopción, envía un Whatsapp a uno de estos teléfonos: 644 21 90 01 / 644 20 94 49   📲 Bizum ONG: 03760 "
miwuki:tdd5n0bhmm,75,Misty,hembra,26,joven,,mediano,18.0,Podenco Andaluz,raza,False,Valencia,"Valencia, España",El Refugio De Maria,disponible,False,,True,True,True,miwuki,https://petshelter.miwuki.com/c/tDD5N0Bhmm,https://img.miwuki.com/aq9eG4m5,2026-08-03T01:11:33Z,2026-08-03T01:11:33Z,"🌹 EN ADOPCIÓN 🌹  Esta Pondenquita Andaluza tan preciosa es Misty.  Tiene sobre un añito de vida y esta en busca de hogar. Es muy cariñosa, tímida al principio pero no miedosa, muy noble, agradecida y también sociable con otros perros.  Lo ideal para Misty seria una familia que viva en casa con terreno, ya que no sabe pasear con correa y le da miedo la ciudad. No apta con gatos. Se entrega con chip, vacunas y con compromiso de esterilización  Esta en Sueca, Valencia. Contacto: 662681799 SÓLO WHAT"
miwuki:evwppvfjdm,75,Nala,hembra,28,joven,,mediano,9.0,Mestizo,mestizo,False,Valencia,"Valencia, España",Maria R.,disponible,False,True,True,True,True,miwuki,https://petshelter.miwuki.com/c/eVwPpVFjDm,https://img.miwuki.com/JB2vi4J5,2026-08-03T01:11:33Z,2026-08-03T01:11:33Z,"La cogimos y ahora no nos podemos hacer frente, tenemos 4 niños y vamos a tener un quinto y ya no cabemos en casa"
anaa:anaaweb-org-nata,75,Nata,hembra,16,joven,2025-04-28,mediano,23.0,Mestizo,mestizo,False,Madrid,*,ANAA — Asociación Nacional Amigos de los Animales,disponible,False,,True,,,anaa,https://www.anaaweb.org/animales/42628,https://www.anaaweb.org/animals/image/42628?field=image_1920,2026-08-03T01:11:33Z,2026-08-03T01:15:20Z,Anterior Siguiente 1 / 4 Adóptame Apadríname Comparte a NATA NATA Información Básica Especie Perro Raza Mestizo Sexo Hembra Tamaño Mediano Peso 23.0 kg Pelo Corto Color Crema Fecha de nacimiento 28/04/2025 Esterilizado No Carácter y Compatibilidad Carácter: Una luchadora desde que nació. Sobre mí Nata apareció en el campó abandonada junto a su hermana. Llegó a ANAA después de que su caso se hubiera desestimado anteriormente por su rareza y complejidad. Sus patitas nos impactaron en cuando la vim
miwuki:2lsdrbul67,75,Raven,hembra,36,adulto,,mediano,,Pastor Aleman,raza,False,Murcia,"Murcia, España",Ayuda Animal Protectora Murcia,disponible,False,,True,True,True,miwuki,https://petshelter.miwuki.com/c/2lSdrbul67,https://img.miwuki.com/Pq3zW6H1,2026-08-03T01:11:33Z,2026-08-03T01:11:33Z,"Raven, así la hemos bautizado, está viviendo una segunda oportunidad. Ha estado con brotes de dermatitis mal controladas desde el año de edad. Sus dueños se cansaron y la querían eutanasiar, asi que fue cedida a la asociación. Buscamos una acogida para ella. Actualmente vive en una habitación donde ha estado haciendo reposo y recibiendo sus curas para las lesiones tan extensas que tenía. Raven ya se muestra como lo que siempre debió ser: una perrita jovial, cariñosa y sociable. Atrás quedaron "
miwuki:opef0i9g6p,74,Alaska,hembra,70,adulto,,pequeno,8.0,Mestizo,mestizo,False,Alicante,"Alicante, España",Patas Sin Fronteras,disponible,False,True,True,True,True,miwuki,https://petshelter.miwuki.com/c/OpeF0i9G6P,https://img.miwuki.com/lW9uw6o8,2026-08-03T01:11:33Z,2026-08-03T01:11:33Z,"‼️ ADOPCIÓN PARA ALASKA ‼️  Recogimos a esta perrita tras haber pasado por dos familias en tan solo un año. La llamamos Alaska, tiene unos cuatro años y cuenta con un tamaño pequeño pesando solamente 8 kg. Además, es albina, casi ciega (ve sombras) y casi sorda (hay sonidos que sí los oye) aunque hace vida completamente normal y sin problema. Está vacunada, esterilizada, desparasitada y lleva chip. Sobre su carácter, primero reacciona marcando al no verse bien con otros perros, pero es buenísima"
kerubi:carmen,74,Carmen,hembra,50,adulto,2022-06-01,mediano,,Mestizo,mestizo,False,Alicante,Alicante,Akira Animal Sanctuary,disponible,False,True,True,True,True,kerubi,https://kerubi.es/animales/perros-en-adopcion/carmen/,https://kerubi.es/wp-content/uploads/2024/02/IMG-20240203-WA0207.jpg,2026-08-03T01:11:33Z,2026-08-03T01:11:33Z,"Carmen ha llegado con nosotros porque su dueño tiene que volver a su país de origen para cuidar a un familiar enfermo. Es desgarrador para ella y para él, y le deseamos lo mejor a su familia. Nos encantaría encontrarle un hogar definitivo lo antes posible, ya que no es culpa suya que esté en el refugio, y la vida en un refugio no es fácil para muchos perros, especialmente para los que han estado viviendo en un hogar confortable. Carmen tiene 20 meses, por lo que todavía es un polluelo, por así d"
kerubi:fee,74,Fee,hembra,55,adulto,2022-01-01,mediano,,Podenco,raza,False,Alicante,Alicante,Akira Animal Sanctuary,disponible,False,,True,True,True,kerubi,https://kerubi.es/animales/perros-en-adopcion/fee/,https://kerubi.es/wp-content/uploads/2024/09/IMG-20240206-WA0177.jpg,2026-08-03T01:11:33Z,2026-08-03T01:11:33Z,"FEE BUSCA UN HOGAR CARIÑOSO Fee es una preciosa jovencita de 2 años. Es un poco tímida en el refugio, pero ha estado haciendo muchos viajes con uno de nuestros voluntarios a sus casas, donde está cogiendo confianza. Siempre le ha gustado el entorno familiar y correr por el jardín. Esperamos encontrarle un hogar que tenga perros residentes y también en un entorno más rural que urbano. Puedes ver algunos videos aquí / videos 1. Honorarios Aventura 2. Fee Aprendiendo sobre el mundo Fee progresaría "
miwuki:gt83htkipa,74,Helga,hembra,62,adulto,,mediano,15.0,Mestizo,mestizo,False,Alicante,"Alicante, España",Acción por el Rescate,disponible,False,True,,True,True,miwuki,https://petshelter.miwuki.com/c/Gt83HtKipa,https://img.miwuki.com/ry1TA7k6,2026-08-03T01:11:33Z,2026-08-03T01:11:33Z,"HELGA es un mix de Podenco y Galgo.   La madre podenca, fue abandonada embarazada, y la camada tuvo la suerte de nacer ya en una casa de acogida.  Helga vive actualmente junto a su hermana Lena en acogida, pero espera encontrar su hogar definitivo. Puede ser adoptada sola on en pareja con su hermana.  Es una perra divertida, cariñosa, y movida como buena adolescente que es ahora mismo!"
miwuki:ifygp9u4d4,74,Katrina,hembra,60,adulto,,mediano,,Mestizo,mestizo,False,Alicante,"Alicante, España",Mascotas de Zero,disponible,False,True,True,True,True,miwuki,https://petshelter.miwuki.com/c/ifygP9u4D4,https://img.miwuki.com/UT8XI2G4,2026-08-03T01:11:33Z,2026-08-03T01:11:33Z,"Katrina es un amor de perra, la pobre fue encontrada sola por la calle y nadie ha venido a buscarla.   Es una perra tranquila, le gusta pasear y recibir cariño. Es sociable con otros perros, ya sean machos o hembras.   La perra perfecta para quien quiera compañia y salir a pasear, pero a la vez una perra calmada."
miwuki:bbtojtk1x9,74,Lena,hembra,62,adulto,,mediano,15.0,Mestizo,mestizo,False,Alicante,"Alicante, España",Acción por el Rescate,disponible,False,True,,True,True,miwuki,https://petshelter.miwuki.com/c/BBtojtK1X9,https://img.miwuki.com/NG3SH3B4,2026-08-03T01:11:33Z,2026-08-03T01:11:33Z,"Lena es un mix de Podenco y Galgo.   La madre podenca, fue abandonada embarazada, y la camada tuvo la suerte de nacer ya en una casa de acogida.  Lena vive actualmente junto a su hermana Helga en acogida, pero espera encontrar su hogar definitivo. Puede ser adoptada sola on en pareja con su hermana.  Es una perra divertida, cariñosa, y movida como buena adolescente que es ahora mismo!"
miwuki:ysayqpburi,74,Pati,hembra,55,adulto,,mediano,23.0,Mestizo,mestizo,False,Alicante,"Alicante, España",Eloi B.,disponible,False,True,True,True,True,miwuki,https://petshelter.miwuki.com/c/ysaYQPbuRI,https://img.miwuki.com/Ad3nf5B2,2026-08-03T01:11:33Z,2026-08-03T01:11:33Z,"Es una perrita que fue rescatada del monte. Fue abandonada con una pata rota pero ya está perfectamente. Cruce mestizo de labrador, con un pelo precioso. Es súper silenciosa y tranquila en casa. Jamás la escuché dar un ladrido en casa. Es muy juguetona con otros perros, muy cuidadosa con los niños y todo un amor. Tristemente por el trabajo no puedo hacerme cargo de ella. Viajo con mucha frecuencia y merece estar en buena compañía. Es cariñosa, hace sus cosas en la calle y está educada para pasea"
kerubi:ruda,74,Ruda,hembra,68,adulto,2020-12-11,mediano,,Labrador Retriever,raza,False,Alicante,Alicante,Akira Animal Sanctuary,disponible,False,,True,True,True,kerubi,https://kerubi.es/animales/perros-en-adopcion/ruda/,https://kerubi.es/wp-content/uploads/2024/03/DSC_3631.jpg,2026-08-03T01:11:33Z,2026-08-03T01:11:33Z,RUDA NECESITA UN HOGAR PARA SIEMPRE Ruda está buscando una familia para siempre donde pueda volver al sofá y un buen abrazo. Es una chica encantadora a la que le gustan las personas y los mimos. Ella es fácil de caminar con la correa y es bueno con algunos otros perros que prefiere una introducción suave y es generalmente más entusiasta de los machos que las hembras. Es una chica dulce que merece una segunda oportunidad. Ruda necesita a alguien que le ayude a perder un poco de peso ya que ha emp
miwuki:skvnraligj,73,Luna,hembra,9,cachorro,,grande,20.0,Mestizo,mestizo,False,Valencia,"Valencia, España",Eva Maria B.,disponible,False,,,,,miwuki,https://petshelter.miwuki.com/c/SkVnrALIGj,https://img.miwuki.com/Di3Kd4j9,2026-08-03T01:11:33Z,2026-08-03T01:11:33Z,La perra es de unos amigos que por problemas económicos no pueden hacerse cargo de ella
miwuki:rcgkgl08wp,72,Ada,hembra,38,adulto,,mediano,8.0,Podenco Andaluz,raza,False,Valencia,"Valencia, España",Maria Jose D.,disponible,False,True,,True,True,miwuki,https://petshelter.miwuki.com/c/RCgkgL08wP,https://img.miwuki.com/Ok8XJ0k3,2026-08-03T01:11:33Z,2026-08-03T01:11:33Z,falta de tiempo
miwuki:fzopbcidf9,72,Bella,hembra,36,adulto,,mediano,13.0,Mestizo,mestizo,False,Valencia,"Valencia, España",Kevin V.,disponible,False,,,,,miwuki,https://petshelter.miwuki.com/c/FzOPBciDf9,https://img.miwuki.com/Ao6hp6o8,2026-08-03T01:11:33Z,2026-08-03T01:11:33Z,"Hace 2 años que la rescatamos de un chalet de acogidas, vivía con muchos perros y nos contaron que anteriormente le maltrataron y le cortaron el rabo a la mitad, es una perrita que le encanta jugar con la pelota y le cuesta un poco hacer migas con otros perros, pero se puede con paciencia, es muy juguetona pero territorial con los peques, hemos tenido un incidente con ella y nuestro bebé, pero por que es territorial, ha estado jugando con ella en la terraza meses y no ha pasado nada."
miwuki:zvc0u3m8sf,72,Blanca,hembra,28,joven,,mediano,,Mestizo,mestizo,False,Valencia,"Valencia, España",Helpdog Valencia,disponible,False,,True,True,True,miwuki,https://petshelter.miwuki.com/c/zvC0u3m8sF,https://img.miwuki.com/GQ9Dy4l3,2026-08-03T01:11:33Z,2026-08-03T01:11:33Z,"𝗕𝗟𝗔𝗡𝗖𝗔  Muchos conocéis la historia de esta preciosa pitbull, pero no todos! Se acercó a una chica como pidiéndole ayuda, llevaba la cara llena de mordiscos, sospechamos que algún perro le atacaría...Ella al ver la actitud de la perrita, no dudo ni un segundo en ayudarla y la entró en su casa. Al día siguiente fue llevada a una clínica veterinaria y no tenía chip, el veterinario le calculó poco más de una año. Le hizo unas curas y le mando un tratamiento de antibióticos porque tenía una gran inf"
kerubi:chelsie,72,Chelsie. ADOPTADA!!,hembra,27,joven,2024-05-01,mediano,,Mestizo,mestizo,False,Valencia,Valencia,Sociedad Protectora Animales de Burjassot (SPAB),disponible,False,,True,True,,kerubi,https://kerubi.es/animales/perros-en-adopcion/chelsie/,https://kerubi.es/wp-content/uploads/2024/05/872a38a7-e822-46d5-a3d8-df881f4454ce.jpg,2026-08-03T01:11:33Z,2026-08-03T01:11:33Z,"CHELSIE? Nuestra preciosa Chelsie es una nena guapísima, cariñosa y de lo más lista e inteligente, que merece un dulce hogar donde ser muy muy feliz ? Chelsie es muy buena, estamos trabajando con ella para su socialización con otros perros y poco a poco va teniendo más amiguetes perrunos ?? Nuestra belleza es activa, enérgica y cruce de labrador. Si quieres conocerla no lo dudes y contáctanos ❤ Fotografía realizada por nuestro gran fotógrafo de confianza Enrique Llacer ? ?655685859✉️ [email prot"
miwuki:xtqt5fjrlt,72,Coocky,hembra,42,adulto,,mediano,,Beagle,raza,False,Valencia,"Valencia, España",Jazmin M.,disponible,False,True,,True,True,miwuki,https://petshelter.miwuki.com/c/XtQT5FJRLt,https://img.miwuki.com/dc7UU9g9,2026-08-03T01:11:33Z,2026-08-03T01:11:33Z,Perrita llamada Coocky le decimos asi por q se parace los colores a una galleta es cariñosa y muy buena
miwuki:n4lude6so1,72,Dacota,hembra,128,senior,,mediano,20.0,Mestizo,mestizo,False,Alicante,"Alicante, España",Eliaquim S.,disponible,False,True,True,True,True,miwuki,https://petshelter.miwuki.com/c/N4LUDe6SO1,https://img.miwuki.com/BT4XD7j6,2026-08-03T01:11:33Z,2026-08-03T01:11:33Z,"buenas,necesito dar a mi perra en adopción por que m ke hijo pequeño tiene alergia a los perros( me da pena pero tengo que hacerlo )esta vacunada y castrada es buena,cariñosa y muy familiar gracias   un saludo"
miwuki:munvmu6nz4,72,Dakota,hembra,128,senior,,mediano,18.0,Mestizo,mestizo,False,Alicante,"Alicante, España",Eliaquim S.,disponible,False,True,True,True,True,miwuki,https://petshelter.miwuki.com/c/mUnvmu6NZ4,https://img.miwuki.com/ic1rt1N8,2026-08-03T01:11:33Z,2026-08-03T01:11:33Z,"buenas,Necesito que la adopten por no poder atender como se merece,estoy todo el día trabajndo y esta en casa todo el día sola y me da mucha pena gracias   Un saludo"
kerubi:helga,72,Helga. ADOPTADA,hembra,27,joven,2024-05-01,mediano,,Mestizo,mestizo,False,Valencia,Valencia,Sociedad Protectora Animales de Burjassot (SPAB),disponible,False,,True,True,,kerubi,https://kerubi.es/animales/perros-en-adopcion/helga/,https://kerubi.es/wp-content/uploads/2024/05/3f70ecb9-3b17-4e34-93c4-4630139c2176.jpg,2026-08-03T01:11:33Z,2026-08-03T01:11:33Z,"HELGA? ?Esta cachorrina pequeñaja, nacida sobre mayo de 2023 y de carilla preciosa, apareció abandonada hace poquito. Nadie la reclamó, por lo que pasamos a buscarle el hogar que merece. ?Esta preciosidad pesa unos 7-8 kg y se quedará de tamaño peque. Es guapa, buena y un amor de nena. ?Nuestra nena es muy sociable con otros perretes y le encanta estar con ellos y con las personas. ??¿Te animas con ella? ¡¡Te enamorará!! ?655685859 ✉️ [email protected] ?www.protectoraburjassot.com Está en Burjas"
kerubi:kalma-3,72,Kalma,hembra,31,joven,2024-01-01,mediano,,Mestizo,mestizo,False,Castellón,Castellón,RASE -Rescate Animal en Situaciones de Emergencia-,disponible,False,,,,,kerubi,https://kerubi.es/animales/perros-en-adopcion/kalma-3/,https://kerubi.es/wp-content/uploads/2025/03/1736628562984-2.jpg,2026-08-03T01:11:33Z,2026-08-03T01:11:33Z,"Hembra de 1 año de edad, 17Kg. Muy activa y cariñosa. Sociable con personas y otros perros. No apta con gatos. Pasea muy bien con correa y también sabe ir suelta; acude a la llamada."
miwuki:xneo0icasl,72,Kiara,hembra,96,senior,,mediano,23.0,Mestizo,mestizo,False,Alicante,"Alicante, España",Mar B.,disponible,False,True,True,,True,miwuki,https://petshelter.miwuki.com/c/xNeo0icASl,https://img.miwuki.com/yv7hI4s7,2026-08-03T01:11:33Z,2026-08-03T01:11:33Z,"Mestiza de pastor belga groenlandel de 5 años, operada de la pata delantera izquierda a los seis meses por mal crecimiento del cúbito, vuelta a operar a los dos años de la misma pata para corregir desviación, se le implantó placa de titanio con 6 tornillos de los cuales previamente se le retiraron tres, las indicaciones del veterinaria hasta la fecha es que a no ser que presente nuevas molestias no requiere más operaciones. El animal corre con mucha agilidad y presenta un leve cojeo al caminar p"
miwuki:qoykftwiyx,72,Kika,hembra,192,senior,,mediano,24.0,Mestizo,mestizo,False,Alicante,"Alicante, España",Rescate Animal Marina Alta,disponible,False,True,,,,miwuki,https://petshelter.miwuki.com/c/QOYkFtWiYX,https://img.miwuki.com/aV2HF4D0,2026-08-03T01:11:33Z,2026-08-03T01:11:33Z,"Kika, hembra, 6,5 años, sobre 23/24kg, sana, cariñosa, con energía, apta convivencia con otros perros, niños, gatos No. Tira un poco de la correa los primeros 5 minutos del paseo. Kika, female, 6,5 years old, around 23-24kgs, healthy, energetic dog, good with other dogs, kids... NO cats. Beggins the walk a bit nerves ( just 5 minutes) after this she walks right."
miwuki:bfnfxzevr8,72,Kitty,hembra,122,senior,,mediano,15.0,Mestizo,mestizo,False,Alicante,"Alicante, España",Rescate Animal Marina Alta,disponible,False,True,,,,miwuki,https://petshelter.miwuki.com/c/BfnfXzevr8,https://img.miwuki.com/xY0Dn1I4,2026-08-03T01:11:33Z,2026-08-03T01:11:33Z,"Kitty, hembra, 10 meses, tamaño mediado, excelente carácter, sociable, sana, bien con gatos, niños etc Kitty, female, 10 months old, a bit shy, medium size, about 15kgs, healthy, good with dogs, cats, kids...."
miwuki:mfytynujgl,72,Lilith,hembra,33,joven,,pequeno,13.0,Mestizo,mestizo,False,Murcia,"Murcia, España",Cuatro Patas Jumilla,disponible,False,,True,True,True,miwuki,https://petshelter.miwuki.com/c/MfYTYNujGL,https://img.miwuki.com/XP2Hb8s4,2026-08-03T01:11:33Z,2026-08-03T01:11:33Z,"Carácter: Muy cariñosa con las personas, le encanta estar con gente y recibir mimos. Con los perros también está bien. Creemos que no ha vivido en casa o, si lo ha hecho, no había paseado nunca. Está aprendiendo a pasear con arnés porque no está acostumbrada, tiene miedo con la correa.// Historia: Encontrada por un trabajador a la salida del turno de noche en las inmediaciones de una fábrica, junto a la carretera."
miwuki:qayigojopm,72,Luna,hembra,126,senior,,mini,3.0,Yorkshire Terrier,raza,False,Alicante,"Alicante, España",Ana D.,disponible,False,,True,,True,miwuki,https://petshelter.miwuki.com/c/QaYIGOJopM,https://img.miwuki.com/nT3Cw6m6,2026-08-03T01:11:33Z,2026-08-03T01:11:33Z,La perrita es muy buena de hecho duerme conmigo en la habitaciónz
miwuki:iljny7m9y2,72,Merche,hembra,78,adulto,,mediano,,Pastor Aleman,raza,False,Valencia,"Valencia, España",Autoritet-21,disponible,False,True,,,True,miwuki,https://petshelter.miwuki.com/c/iljnY7m9Y2,https://img.miwuki.com/EE4NI8w0,2026-08-03T01:11:33Z,2026-08-03T01:11:33Z,Desde su nacimiento con nosotros .
miwuki:cgnj0gho2b,72,Nala,hembra,27,joven,,mediano,12.0,Mestizo,mestizo,False,Valencia,"Valencia, España",Lazaro M.,disponible,False,,True,True,True,miwuki,https://petshelter.miwuki.com/c/CgNj0gHo2b,https://img.miwuki.com/Ky1bX5J3,2026-08-03T01:11:33Z,2026-08-03T01:11:33Z,Avmcabe contrato de alquiler y en el nuevo no admiten perros
miwuki:tjamfsye8n,72,Nina,hembra,168,senior,,mediano,18.0,Mestizo,mestizo,False,Alicante,"Alicante, España",Rescate Animal Marina Alta,disponible,False,True,,,,miwuki,https://petshelter.miwuki.com/c/TJamfSyE8n,https://img.miwuki.com/bM5lF1X3,2026-08-03T01:11:33Z,2026-08-03T01:11:33Z,"Nina, hembra, 4,5años, cruce de Braco, sana, mediana sobre 17-18kg, bien con machos y hembras, de carácter activo. Nina, female, 4,5 years old, Braco x, healthy, medium sized around 17-18kgs, good with other dogs, people... Energetic dog."
kerubi:nirvana-2,72,Nirvana,hembra,31,joven,2024-01-05,mediano,,Mestizo,mestizo,False,Murcia,Murcia,ASOC. PROTECCIÓN ANIMAL DE MAZARRON (APROAMA),disponible,False,,,,,kerubi,https://kerubi.es/animales/perros-en-adopcion/nirvana-2/,https://kerubi.es/wp-content/uploads/2025/04/IMG_9633.jpeg,2026-08-03T01:11:33Z,2026-08-03T01:11:33Z,"🏡🏡 NIRVANA EN ADOPCIÓN ➡️ Hembra ➡️ Mestiza de tamaño mediano ➡️ Es una peluda adorable, y al mismo tiempo activa y juguetona. Sieeeempre va detrás de las personas ➡️ Apta con perros, gatos y todo lo que le pongan ☎️📲 642899947 📩 [email protected]"
kerubi:p1538-roser,72,P1538 – Roser,hembra,28,joven,2024-04-22,mediano,,Mestizo,mestizo,False,Castellón,Castellón,Huellas Callejeras,disponible,False,,,,,kerubi,https://kerubi.es/animales/perros-en-adopcion/p1538-roser/,https://kerubi.es/wp-content/uploads/2024/04/f1e0090d-9c13-4122-8069-d1ff48a40ae2.jpg,2026-08-03T01:11:33Z,2026-08-03T01:11:33Z,"Roser es una perra mediana, cruce de border collie, de color canela y unos cinco años de edad, en busca de una nueva familia de adopción. Fue encontrada en Noviembre de 2021 en Alcora, cerca de una fábrica. No tenía chip ni ninguna otra identificación, y no fue reclamada. Actualmente busca acogida o adopción con una familia con tiempo para pasear y darle todas las atenciones que necesita. Roser es una perrita de energía media, cariñosa, equilibrada e inteligente. Es sociable, se lleva bien con n"
kerubi:p1729-cuqui,72,P1729 – Cuqui,hembra,28,joven,2024-04-22,mediano,,Mestizo,mestizo,False,Castellón,Castellón,Huellas Callejeras,disponible,False,,,,,kerubi,https://kerubi.es/animales/perros-en-adopcion/p1729-cuqui/,https://kerubi.es/wp-content/uploads/2024/04/8e8a5304-b9d3-4d8a-abbc-895c5fefe9fc.jpeg,2026-08-03T01:11:33Z,2026-08-03T01:11:33Z,"Cuqui es una perrita muy lista y cariñosa, una preciosa mestiza, de tamaño mediano, en busca de un nuevo hogar de adopción. Fue recogida por una voluntaria, con la pata rota, la pobre ya no tenia fuerzas para seguir corriendo e iba arrastrándola. No tenía chip ni placa de identificación. Es una perra muy valiente, una luchadora que tuvo que pasar por muchos meses de rehabilitación. Lamentablemente, el tratamiento no consiguió salvarle la pierna y hubo que amputar. Actualmente ha conseguido recup"
kerubi:p1743-xena,72,P1743 – Xena,hembra,28,joven,2024-04-22,mediano,,Mestizo,mestizo,False,Castellón,Castellón,Huellas Callejeras,disponible,False,,True,,,kerubi,https://kerubi.es/animales/perros-en-adopcion/p1743-xena/,https://kerubi.es/wp-content/uploads/2024/04/e8176361-8c03-4b49-8dbe-96725c4d22f1.jpeg,2026-08-03T01:11:33Z,2026-08-03T01:11:33Z,"Xena es un perrita adulta, de tamaño grande, de raza Braco alemán, cariñosa y obediente, que busca de una nueva familia adoptiva. Fue recogida por una pareja de Alcora y entregada a la policía, tenia chip y, en la búsqueda de su responsable legal, nos comunican que éste ha fallecido. Los guardianes de la casa del fallecido no podían evitar que se escapase, por lo que nos hacemos cargo de ella. Xena es una perra muy buena, cariñosa y obediente, de energía media, le gusta pasear y se lleva bien co"
kerubi:p1774-lexi,72,P1774 – Lexi,hembra,28,joven,2024-04-22,mediano,,Mestizo,mestizo,False,Castellón,Castellón,Huellas Callejeras,disponible,False,,True,,,kerubi,https://kerubi.es/animales/perros-en-adopcion/p1774-lexi/,https://kerubi.es/wp-content/uploads/2024/04/40a2ccb2-9fe5-404a-a43f-6e2d7a036774.jpg,2026-08-03T01:11:33Z,2026-08-03T01:11:33Z,"Lexi es una perrita joven de color canela, cruce de podenco, una mamá de 8 cachorritos, valiente y cariñosa, en busca de una nueva familia. Apareció en Alcora, en la puerta de un maset, pidiendo agua y comida, no tenia chip y nadie la reclamó. Estaba preñada y tuvo 8 cachorros, de los cuales, en la actualidad, aún hay 7 disponibles para su adopción. Lexi es cariñosa, bastante independiente y tiene energía media/alta. Es sociable, se lleva bien con personas y perros, con gatos no ha sido testada."
miwuki:tp8zmcg6u8,72,Rita,hembra,99,senior,,mediano,20.0,Mestizo,mestizo,False,Alicante,"Alicante, España",Guiomar D.,disponible,False,True,True,True,True,miwuki,https://petshelter.miwuki.com/c/TP8zMcg6U8,https://img.miwuki.com/AV2NG6X2,2026-08-03T01:11:33Z,2026-08-03T01:11:33Z,"Siempre hemos tenido perros y sabemos el bien que hacen a sus dueños. Rita es encantadora y está súper bien educada, pero no nos la podemos quedar en casa. Su dueño falleció hace unos meses de cáncer con 40 años y Rita merece ser feliz. ¿ Nos ayudáis a encontrarle una familia estable? Muchas gracias"
miwuki:sngvjjzcnr,72,Sheba,hembra,86,adulto,,mediano,,Mestizo,mestizo,False,Alicante,"Alicante, España",Mascotas de Zero,disponible,False,True,True,True,True,miwuki,https://petshelter.miwuki.com/c/SngVJJZCNR,https://img.miwuki.com/Jj4PT6I4,2026-08-03T01:11:33Z,2026-08-03T01:11:33Z,"Hemos encontrado este perro el día 30 de septiembre del 2021 en Almoradi, Alicante.  Sheba es una perrita buena con la gente aunque algo tímida, puede ser que nunca haya tenido suficiente trato con la gente, o básicamente que no fuese el correcto... Le gustan las caricias y si le hablas despacio mueve la cola. Tiene una cara muy bonita.  Comparte jaula con otro perro y se quieren mucho. Nunca se han peleado, ni por la comida ni por nada."
miwuki:3nbmufapss,72,Shiva,hembra,148,senior,,pequeno,6.0,Mestizo,mestizo,False,Alicante,"Alicante, España",Mi Pequeño Refugio,disponible,False,True,True,True,True,miwuki,https://petshelter.miwuki.com/c/3NbmUfAPSs,https://img.miwuki.com/Kr9jJ8W6,2026-08-03T01:11:33Z,2026-08-03T01:11:33Z,"Es muy noble, buena, cariñosa y agradecida. Ya se le han hecho analiticas, esta sana y se entregará chipada, vacunada y esterilizada. Con otros perros se lleva bien, de momento todo positivo cuando pasea por la calle. Shiva estaba maltratada y sentenciada, un muchacho la rescató. La tiene en acogida, pero el trabaja muchisimo y no puede atenderla cómo debería."
miwuki:zcayyqgsql,72,Shiva,hembra,110,senior,,mediano,12.0,Mestizo,mestizo,False,Alicante,"Alicante, España",Rescate Animal Marina Alta,disponible,False,True,,,True,miwuki,https://petshelter.miwuki.com/c/zcAyyQGsql,https://img.miwuki.com/no-pic,2026-08-03T01:11:33Z,2026-08-03T01:11:33Z,"Shiva cachorra cruce de Rhodesian,de adulto sobre unos 20kg"
miwuki:lajl7basbm,72,Sila,hembra,237,senior,,mediano,15.0,Mestizo,mestizo,False,Alicante,"Alicante, España",Adopción de rescatados,disponible,False,True,True,,True,miwuki,https://petshelter.miwuki.com/c/LaJL7BASbM,https://img.miwuki.com/FX0WU9D3,2026-08-03T01:11:33Z,2026-08-03T01:11:33Z,Rescatada de una muerte segura en Toledo. A pesar de su edad es una perrita muy activa.
miwuki:4bm7civmup,72,Skadi,hembra,110,senior,,mediano,12.0,Mestizo,mestizo,False,Alicante,"Alicante, España",Rescate Animal Marina Alta,disponible,False,True,,,True,miwuki,https://petshelter.miwuki.com/c/4bm7cIVMUP,https://img.miwuki.com/no-pic,2026-08-03T01:11:33Z,2026-08-03T01:11:33Z,
miwuki:atadu4eoho,72,Tina,hembra,29,joven,,mediano,19.0,Mestizo,mestizo,False,Murcia,"Murcia, España",Cuatro Patas Jumilla,disponible,False,,True,True,True,miwuki,https://petshelter.miwuki.com/c/AtaDU4eoHO,https://img.miwuki.com/Bk0Cy7Z2,2026-08-03T01:11:33Z,2026-08-03T01:11:33Z,"Carácter: Está muy asustada en el albergue, se queda quieta un rincón y le da miedo acercarse a las personas. Pero cuando sale del albergue y empieza a dar pequeños paseos está mucho más contenta activa. Parece que no hay tenido mucho trato con personas, ni ha paseado, antes de llegar al albergue.// Historia: Aviso de Policía Local, encontrada sola en la calle."
miwuki:r2ixde5u7u,72,Yira,hembra,50,adulto,,mediano,20.0,Perro Lobo Checoslovaco,raza,False,Valencia,"Valencia, España",Manu P.,disponible,False,True,,True,True,miwuki,https://petshelter.miwuki.com/c/r2Ixde5u7U,https://img.miwuki.com/Fn0fl7p2,2026-08-03T01:11:33Z,2026-08-03T01:11:33Z,"Yira es una loba checa, del criador La Gretosa. Es una perra muy buena con niños y con adultos.  No se relaciona bien con hembras, cosa habitual en las lobitas y se relaciona muy bien con machos.  le gusta mucho pasear y es muy buena."
kerubi:antica-4151,71,Antica 4151,hembra,50,adulto,2022-06-01,mediano,,Mestizo,mestizo,False,Alicante,Alicante,Mascotas de Zero,disponible,False,,,,,kerubi,https://kerubi.es/animales/perros-en-adopcion/antica-4151/,https://kerubi.es/wp-content/uploads/2025/04/WhatsApp-Image-2025-03-12-at-13.10.46.jpeg,2026-08-03T01:11:33Z,2026-08-03T01:11:33Z,"Es una perrita joven, encontrada muy muy delgada y por unos chicos jovenes que dieron el aviso.Se pone nerviosa con otros perretes, pero no es mala.. de momento esta sola en un recinto y no comparte hasta que veamos caracter.Es super cariñosa con gente y se sube para que la abraces, aunque no puedes tocarle la cola… se la persigue y «ataca», esterotipia que tiene adquirida; pero eso con ejercicio y una estabilidad puede ir a menos.No apta con gatos, ya que le llaman mucho la atencion y los quier"
kerubi:beily,71,Beily,hembra,42,adulto,2023-02-06,mediano,,Mestizo,mestizo,False,Alicante,Alicante,Mascotas de Zero,disponible,False,,,,,kerubi,https://kerubi.es/animales/perros-en-adopcion/beily/,https://kerubi.es/wp-content/uploads/2026/04/WhatsApp-Image-2026-04-29-at-08.39.24.jpeg,2026-08-03T01:11:33Z,2026-08-03T01:11:33Z,"Es una perrita muy buena , sociable con gente y con otros perros. Le encanta jugar y es muy cariñosa. Esta deseando tener un hogar donde ser feliz"
kerubi:chop,71,Chop,hembra,84,adulto,2019-08-28,mediano,,Mestizo,mestizo,False,Alicante,Alicante,Mascotas de Zero,disponible,False,,,,,kerubi,https://kerubi.es/animales/perros-en-adopcion/chop/,https://kerubi.es/wp-content/uploads/2026/05/WhatsApp-Image-2026-05-06-at-13.27.34-2.jpeg,2026-08-03T01:11:33Z,2026-08-03T01:11:33Z,"Es un amor de perra. Si lo que buscas es una compañera tranquila y cariñosa ella es ideal. Llegó aquí con su compañero, él ya ha tenido la suerte de encontrar un hogar, pero ella sigue esperando. Es compatible con otros perros, sabe pasear con correa y no tendría problema para convivir con niños."
kerubi:danae,71,Danae,hembra,84,adulto,2019-08-03,mediano,,Mestizo,mestizo,False,Alicante,Alicante,Mascotas de Zero,disponible,False,,,,,kerubi,https://kerubi.es/animales/perros-en-adopcion/danae/,https://kerubi.es/wp-content/uploads/2024/10/WhatsApp-Image-2024-10-10-at-08.20.01-4.jpeg,2026-08-03T01:11:33Z,2026-08-03T01:11:33Z,"Danae vino de una casa abandonada, junto a 4 cachorros.. ellos fueron adoptados, pero ella sigue aqui… Es una perra buena, obediente y cariños con la gente pero no apta con otros perros ni con gatos. No ha sido socializada y no sabemos que ha podido vivir en la casa abandonada donde estaba…ella no tiene culpa pero es la que lo paga. Una invisible mas por su condicion de conducta.. sabe pasear con correa y es muy tranquila ."
miwuki:2n1eexcr3t,71,Danae,hembra,84,adulto,,mediano,,Mestizo,mestizo,False,Alicante,"Alicante, España",Mascotas de Zero,disponible,False,,True,True,True,miwuki,https://petshelter.miwuki.com/c/2n1EExcr3T,https://img.miwuki.com/ps4Up6C4,2026-08-03T01:11:33Z,2026-08-03T01:11:33Z,"Danae vino de una casa abandonada, junto a 4 cachorros.. ellos fueron adoptados, pero ella sigue aqui... Es una perra buena, obediente y cariños con la gente pero no apta con otros perros ni con gatos. No ha sido socializada y no sabemos que ha podido vivir en la casa abandonada donde estaba...ella no tiene culpa pero es la que lo paga.  Una invisible mas por su condicion de conducta.. sabe pasear con correa y es muy tranquila ."
villena:10094,71,Gitana,hembra,79,adulto,2020-01-01,mediano,21.2,,desconocido,False,Alicante,Alicante,SPAP Villena,disponible,False,,,,,villena,https://protectoravillena.com/animal/gitana/,https://protectoravillena.com/wp-content/uploads/Gitana-3.jpg,2026-08-03T01:11:33Z,2026-08-03T01:11:33Z,"Gitana llegó a la protectora el 27 de julio de 2026 y, desde entonces, nos ha demostrado que sigue siendo una perra con ganas de disfrutar de la vida.   Es activa y sociable, siempre dispuesta a compartir tiempo con las personas y a apuntarse a un buen paseo. Sin embargo, los años también forman parte de su historia y se dejan notar: si toca echar una carrera, enseguida aparece el cansancio y prefiere bajar el ritmo.   Gitana es una perra que merece encontrar una familia que valore tanto su ener"
kerubi:iluminada-3290,71,Iluminada 3290,hembra,77,adulto,2020-03-01,mediano,,Mestizo,mestizo,False,Alicante,Alicante,Mascotas de Zero,disponible,False,,,,,kerubi,https://kerubi.es/animales/perros-en-adopcion/iluminada-3290/,https://kerubi.es/wp-content/uploads/2025/02/WhatsApp-Image-2025-02-06-at-15.07.22-1.jpeg,2026-08-03T01:11:33Z,2026-08-03T01:11:33Z,"Iluminada fue encontrada junto a sus 8 cachorros en una finca donde se refugió para que sus bebés naciesen.Estaba asustada y tenía miedo a los movimientos bruscos, desconocemos su pasado pero sabemos que no ha sido del todo bueno.Es muy buena con la gente aunque sigue un poco insegura. En estar en una casa y tener muchos mimos mejorará sus miedos, aquí se pone muy contenta cada vez que nos ve llegar.Con otros perros es dominante, no sabemos si a la hora de comer o porque se pone nerviosa en la j"
miwuki:22t6a3mftw,71,Kora,hembra,52,adulto,,pequeno,7.0,Mestizo,mestizo,False,Alicante,"Alicante, España",Francisco Javier R.,disponible,False,,,,True,miwuki,https://petshelter.miwuki.com/c/22T6a3mFTW,https://img.miwuki.com/Pp3CH6f0,2026-08-03T01:11:33Z,2026-08-03T01:11:33Z,"Es muy buena , pero es muy miedosa , es cariñosa , la cuide desde las tres semanas dándole biberón , es muy bonica"
kerubi:lana-4374,71,Lana 4374,hembra,53,adulto,2022-03-01,mediano,,Mestizo,mestizo,False,Alicante,Alicante,Mascotas de Zero,disponible,False,,,,,kerubi,https://kerubi.es/animales/perros-en-adopcion/lana-4374/,https://kerubi.es/wp-content/uploads/2024/05/5d8a8d77-cf62-4b6f-8d87-7de9be66c62e.jpg,2026-08-03T01:11:33Z,2026-08-03T01:11:33Z,"Encontrada sola por la calle, es una perra que se muestra sociable con nosotros , aunque al llegar nos gruñia, pero suele pasar cuando llegan.Con otros perros se lleva bien aunque es un poco celosona y cuando nos arrimamos a su jaula les marca a los demas para que le dejen hueco y recibir ellas las caricias , y en los paseos tira de la correa, pero nada que no se solucione con paciencia y dedicacion.No testada con gatos."
villena:9859,71,Maka,hembra,16,joven,2025-04-01,grande,33.5,,desconocido,False,Alicante,Alicante,SPAP Villena,disponible,False,,,,,villena,https://protectoravillena.com/animal/maka/,https://protectoravillena.com/wp-content/uploads/Maka-1.jpg,2026-08-03T01:11:33Z,2026-08-03T01:11:33Z,"Maka es una perra fuerte, activa y con mucha energía. Disfruta especialmente de los paseos, donde puede explorar y mantenerse en movimiento, algo importante para su bienestar diario. Es muy sociable con las personas, se muestra cercana y cómoda en el trato, y tiene buen comportamiento con niños, lo que la hace una compañera agradable en entornos familiares.   Llegó a la protectora el 21 de febrero de 2026, y desde entonces ha demostrado ser una perra con ganas de actividad y contacto humano. Por"
villena:10077,71,Pastora,hembra,62,adulto,2021-06-20,mediano,24.0,,desconocido,False,Alicante,Alicante,SPAP Villena,disponible,False,,,,,villena,https://protectoravillena.com/animal/pastora/,https://protectoravillena.com/wp-content/uploads/Pastora-1.jpg,2026-08-03T01:11:33Z,2026-08-03T01:11:33Z,"Pastora llegó a la protectora el 16 de julio de 2026 y ahora espera encontrar una familia con la que comenzar una nueva etapa.   Es una perra de buen carácter, sociable tanto con las personas como con otros perros. En los paseos se comporta bien, por lo que disfrutar de un rato juntos al aire libre resulta fácil y agradable. Sin embargo, es importante tener en cuenta que no es compatible con gatos, conejos u otros animales similares, por lo que su futuro hogar deberá adaptarse a esta necesidad. "
miwuki:rsh6rlcikh,71,Pedroche,hembra,18,joven,,grande,20.0,Galgo Espanol,raza,False,Murcia,"Murcia, España",Spandy,disponible,False,True,True,True,True,miwuki,https://petshelter.miwuki.com/c/RsH6RLCIkh,https://img.miwuki.com/qQ7NJ7g6,2026-08-03T01:11:33Z,2026-08-03T01:11:33Z,es una mix de galga muy cariñosa  quiere estar todo el tiempo con gente es muy juguetona con otros perros
kerubi:rita-4310,71,Rita 4310 (*) (*),hembra,54,adulto,2022-02-01,mediano,,Mestizo,mestizo,False,Alicante,Alicante,Mascotas de Zero,disponible,False,,,,,kerubi,https://kerubi.es/animales/perros-en-adopcion/rita-4310/,https://kerubi.es/wp-content/uploads/2024/05/666c0a68-e94b-4335-aba4-4917513e1d1d.jpg,2026-08-03T01:11:33Z,2026-08-03T01:11:33Z,"La peque llego con dos compis mas, dejados dentro de un parque canino solos llegan aqui con nosotros.Es una perrita timida al principio, cruce de border collie y pastor, es pequeñita, pero alegre , juguetona y traviesa.Nada mas verte te ladra para pedirte caricias y que la saques al parque con todos sus compis, con los que se lleva genial y se lo pasa bomba corriendo y jugando.Sabe pasear con la correa un poco, pero eso es algo que aprendera rapido, ya que es super lista e inteligente.Es activa,"
villena:9877,71,Sera,hembra,43,adulto,2023-01-01,mediano,20.0,,desconocido,False,Alicante,Alicante,SPAP Villena,disponible,False,,,,,villena,https://protectoravillena.com/animal/sera/,https://protectoravillena.com/wp-content/uploads/Sera-1.jpg,2026-08-03T01:11:33Z,2026-08-03T01:11:33Z,"Sera llegó a la protectora el 26 de septiembre de 2025. Desde entonces ha ido avanzando poco a poco, pero sigue siendo una perra desconfiada y huidiza. Aunque ha mejorado, todavía le queda camino por recorrer y necesita tiempo para seguir ganando seguridad.   Buscamos para ella una familia con experiencia, paciente y comprometida, que entienda su ritmo y respete sus tiempos sin forzarla. No es una perra para cualquiera: requiere un entorno tranquilo y personas dispuestas a trabajar con ella desd"
miwuki:wgxlnfxbcp,70,Chocolatina,hembra,98,senior,,mini,3.0,Pomeranian,raza,False,Murcia,"Murcia, España",Huellitas Doradas,disponible,False,True,True,True,True,miwuki,https://petshelter.miwuki.com/c/wgxlnFXbCP,https://img.miwuki.com/IK6rk3s2,2026-08-03T01:11:33Z,2026-08-03T01:11:33Z,"Rescatamos a Chocolatina de un criadero ilegal, ha pasado toda su vida en una jaula en una azotea al sol. Cuando llegó tenía mucho miedo, pero ahora es un amor de perrita, y buscamos la familia perfecta para ella. Debe ser un lugar tranquilo preferiblemente con jardín porque le asusta la correa. Tiene una cojera crónica debido a estar en jaula durante tantos años, requiere medicación que la toma una vez al mes , además de suplementos de condoprotectores y debe tener una alimentación de calidad. "
miwuki:rp1pdqficg,70,Dara,hembra,87,adulto,,mediano,29.0,Pastor Aleman,raza,False,Castellón,"Castellón, España",Huellas Callejeras,disponible,False,True,True,True,True,miwuki,https://petshelter.miwuki.com/c/rP1PDQFicG,https://img.miwuki.com/vD8Ft4m8,2026-08-03T01:11:33Z,2026-08-03T01:11:33Z,"Dara y Lobo, son dos hermanos pastores alemanes, buscan adopción conjunta. Son cariñosos, juguetones y enérgicos, disfrutan de la compañía humana y los paseos largos. En 2025 llegaron a la asociación tras el ingreso hospitalario de su responsable. Dara está chipada, esterilizada y vacunada; solo tiene displasia de cadera tratada con condroprotectores y Librela. Necesita un hogar que le dé cariño y atención."
anaa:anaaweb-org-lia,70,Lia,hembra,23,joven,2024-09-20,mediano,20.5,Pastor Belga Malinois,raza,False,Madrid,*,ANAA — Asociación Nacional Amigos de los Animales,disponible,False,,True,,,anaa,https://www.anaaweb.org/animales/43450,https://www.anaaweb.org/animals/image/43450?field=image_1920,2026-08-03T01:11:33Z,2026-08-03T01:15:20Z,"Adóptame Apadríname Comparte a LIA LIA Información Básica Especie Perro Raza Pastor Belga Malinois Sexo Hembra Tamaño Mediano Peso 20.5 kg Pelo Corto Color Marrón Fecha de nacimiento 20/09/2024 Esterilizado Sí Ver más animales Ayuda a LIA Formulario de Adopción ¡Gracias por elegir la adopción! Nuestro equipo le devolverá el mensaje tan pronto como sea posible. Mientras tanto, le invitamos a visitar nuestras redes sociales Redes sociales Otros Perro s en Adopción"
miwuki:c7cd6av9jw,70,Mia,hembra,138,senior,,mediano,30.0,Dalmata,raza,False,Castellón,"Castellón, España",Kevin T.,disponible,False,True,True,True,True,miwuki,https://petshelter.miwuki.com/c/C7Cd6aV9jW,https://img.miwuki.com/Oy6Qv8w1,2026-08-03T01:11:33Z,2026-08-03T01:11:33Z,.
miwuki:v6hp1exqoo,70,Truffi,hembra,102,senior,,mediano,,Bull Terrier Miniatura,raza,False,Valencia,"Valencia, España",Aitor G.,disponible,False,True,,True,True,miwuki,https://petshelter.miwuki.com/c/V6Hp1exqOO,https://img.miwuki.com/Oz8JN3p0,2026-08-03T01:11:33Z,2026-08-03T01:11:33Z,"La perra la tengo desde que nació con 3 meses de edad y siempre a estado con migo . Tiene todas las vacunas y ahora tiene lismania , lo detectamos hace unos meses con una analítica y la estamos tratando. Por lo demas esta bien."
miwuki:8yehrgwcki,70,Tula,hembra,99,senior,,mediano,18.0,Braco,raza,False,Castellón,"Castellón, España",Maria A.,disponible,False,True,,True,True,miwuki,https://petshelter.miwuki.com/c/8YeHRGwCkI,https://img.miwuki.com/kB6Bq8u1,2026-08-03T01:11:33Z,2026-08-03T01:11:33Z,"Braca Alemana adulta, con alta actividad diaria de camino por el monte. Apta para la caza de pluma."
miwuki:k6laierqjo,69,Ada,hembra,39,adulto,,pequeno,8.0,Mestizo,mestizo,False,Valencia,"Valencia, España",Maria Jose D.,disponible,False,True,,True,True,miwuki,https://petshelter.miwuki.com/c/k6laIErqJo,https://img.miwuki.com/te4rU8i1,2026-08-03T01:11:33Z,2026-08-03T01:11:33Z,"lo quieren dar en adopcion, por no poderle dedicar mas tiempo"
miwuki:utxnzxc2f8,69,Alania,hembra,43,adulto,,mediano,,Mestizo,mestizo,False,Murcia,"Murcia, España",Ayuda Animal Protectora Murcia,disponible,False,True,True,True,True,miwuki,https://petshelter.miwuki.com/c/UtxnzxC2f8,https://img.miwuki.com/Kb4nE1O9,2026-08-03T01:11:33Z,2026-08-03T01:11:33Z,"Estaba en la perrera y decidieron sacarla para darle acogida buscarle una familia definitiva. Es una perrita compatible con otros perros, gatos y niños. Es cariñosa y tranquila al pasear."
miwuki:pjfbw36ygo,69,Aldara,hembra,40,adulto,,pequeno,6.0,Mestizo,mestizo,False,Murcia,"Murcia, España",Imelda T.,disponible,False,True,True,True,True,miwuki,https://petshelter.miwuki.com/c/pJfBW36yGO,https://img.miwuki.com/Oe5rB8F7,2026-08-03T01:11:33Z,2026-08-03T01:11:33Z,
miwuki:p50wid7iwp,69,Aura,hembra,74,adulto,,mediano,19.0,Mestizo,mestizo,False,Valencia,"Valencia, España",Alejandro A.,disponible,False,True,True,True,True,miwuki,https://petshelter.miwuki.com/c/p50wiD7IWp,https://img.miwuki.com/wq6ed8J3,2026-08-03T01:11:33Z,2026-08-03T01:11:33Z,"Hola! Soy Aura, peso 20 kilos y soy una perrita de 3 años muy simpática y divertida. Busco una familia que me adopte! Me gusta jugar y correr pero también me encanta estar en casa con la familia viendo una película y tapada con la mantita.  Mis papis no pueden estar conmigo y necesito una casita en la que me den mucho amor y mimos.  Estoy esterilizada y me llevo bien con perros, con gatos y niños. Soy una perra sumisa y he vivido siempre con otros 2 perros. Estoy adiestrada y amo viajar en coc"
kerubi:balduina,69,Balduina,hembra,133,senior,2015-07-06,mediano,,Mestizo,mestizo,False,Alicante,Alicante,Mascotas de Zero,disponible,False,,,,,kerubi,https://kerubi.es/animales/perros-en-adopcion/balduina/,https://kerubi.es/wp-content/uploads/2025/01/WhatsApp-Image-2025-01-28-at-12.47.41.jpeg,2026-08-03T01:11:33Z,2026-08-03T01:11:33Z,"Es un amor de perra, llegó con collar pero no ha venido nadie a por ella. Es una perra muy tranquila, le encanta tumbarse al sol. Desde que está aquí no la hemos escuchado ladrar, es un poco tímida al principio, pero es muy cariñosa cuando te conoce. Está deseando encontrar un hogar donde vivir, aunque sabemos que por su edad lo tiene más difícil… Sabe pasear con correa y es compatible con niños. No testada con gatos."
miwuki:o5o3hmmyjx,69,Bimba,hembra,55,adulto,,mediano,12.0,Podenco Andaluz,raza,False,Albacete,"Albacete, España",Toñi S.,disponible,False,,True,True,True,miwuki,https://petshelter.miwuki.com/c/O5O3HMmyjX,https://img.miwuki.com/mU9hY0C7,2026-08-03T01:11:33Z,2026-08-03T01:11:33Z,"Necesito encontrarle un nuevo hogar, es urgente, SALGO AL EXTRANJERO Y NO ME PERMITEN LLEVARLA. Tiene todas las vacunas e incluso el chip. Adiestrada ya que la residencia es de un amigo y es adiestrador , acostumbrada a estar con más perritos.  Día 27 de septiembre 2025 la llevamos al veterinario para revisión y está totalmente sana y con todas las vacunas correspondientes, DESPARASITADA."
miwuki:hgwnavwhrr,69,Candela,hembra,71,adulto,,mediano,25.0,Mestizo,mestizo,False,Murcia,"Murcia, España",Aproama,disponible,False,True,True,True,True,miwuki,https://petshelter.miwuki.com/c/HGWNAvwHrr,https://img.miwuki.com/Vz3wc9s2,2026-08-03T01:11:33Z,2026-08-03T01:11:33Z,"Candela es una perrita a la que le encanta el contacto. Antes incluso de salir a pasear, lo primero que busca es un abrazo. Vive para los mimos, los besos y la cercanía con las personas. Pero su historia no ha sido fácil. Es una auténtica mamá coraje. Mientras luchaba contra el parvovirus, una enfermedad muy dura, no dejó de cuidar a sus cachorros ni un solo momento. A pesar de estar débil, seguía pendiente de ellos, dándolo todo. Hoy, afortunadamente, esa etapa quedó atrás: está completament"
miwuki:qmjwpvszyb,69,Carreras,hembra,56,adulto,,mediano,16.0,Mestizo,mestizo,False,Murcia,"Murcia, España",Jose Luis C.,disponible,False,True,,True,True,miwuki,https://petshelter.miwuki.com/c/QMJwPVszyB,https://img.miwuki.com/M1A19CD9,2026-08-03T01:11:33Z,2026-08-03T01:11:33Z,Nos la encontramos y la tuvimos en acogida y se la llevó una familia en adopción y no la trataron bien y la volvimos a acoger.
miwuki:octpxvdg8e,69,Chica,hembra,63,adulto,,pequeno,10.0,Mestizo,mestizo,False,Murcia,"Murcia, España",Aproama,disponible,False,True,True,True,True,miwuki,https://petshelter.miwuki.com/c/OCtPxVDG8e,https://img.miwuki.com/OU0Iw0e1,2026-08-03T01:11:33Z,2026-08-03T01:11:33Z,"Es miedosa y necesita un poco de paciencia pero es muy buena y le encantan las chuches, íntima de su compañero de chenil Terry. Le gusta mucho bailar jejee."
miwuki:niwhggk3bu,69,Chloe,hembra,57,adulto,,mediano,20.0,Mestizo,mestizo,False,Murcia,"Murcia, España",Cuatro Patas Jumilla,disponible,False,True,True,True,True,miwuki,https://petshelter.miwuki.com/c/NiwHgGK3bu,https://img.miwuki.com/ra5Ok8c8,2026-08-03T01:11:33Z,2026-08-03T01:11:33Z,"Comportamiento con perros: Bien, vive con 3 más (CUKY, KHIARA y SHASHA, en la misma situación de adopción)//  Niños: Bien, vive con una// Carácter: perrita de 4 años muy juguetona y cariñosa, le gustan los paseos largos, le gusta jugar con juguetes y también con las personas en cuanto tiene confianza, tiene muy buena relación con los otros perros, le gusta muchísimo el agua, jugar con ella y mojarse entera.// Historia: Su familia le busca hogar por problemas de salud de la niña de la familia."
miwuki:sdje0xzpbr,69,Cuky,hembra,81,adulto,,mediano,23.0,Mestizo,mestizo,False,Murcia,"Murcia, España",Cuatro Patas Jumilla,disponible,False,True,True,True,True,miwuki,https://petshelter.miwuki.com/c/SDje0XZpbr,https://img.miwuki.com/tH0Ce9M5,2026-08-03T01:11:33Z,2026-08-03T01:11:33Z,"Carácter: Muy sociable y mimosa, también juguetona // Historia: Su familia le busca hogar por problemas de salud de la niña de la familia. Su compañera Khiara también buscar hogar. // Ciudad en la que se encuentra: Jumilla (Murcia) *Esta información ha sido facilitada por su familia. Somos intermediarios para encontrarle un buen hogar Contacto: Cuatro Patas Jumilla"
kerubi:dona-2787-2,69,Dona 2787,hembra,164,senior,2012-12-01,mediano,,Mestizo,mestizo,False,Alicante,Alicante,Mascotas de Zero,disponible,False,,,,,kerubi,https://kerubi.es/animales/perros-en-adopcion/dona-2787-2/,https://kerubi.es/wp-content/uploads/2024/05/70301de4-97e4-4004-93b0-c89c47048a7c.jpg,2026-08-03T01:11:33Z,2026-08-03T01:11:33Z,"Dona fue encontrada en la calle delgadita y un poco sucia, aunque todo indicaba que tenía familia y que pronto volvería a casa, pero no fue así.Ha compartido jaula con otros perros y es buena con ellos, hasta que hay comida de por medio. Creemos que ha pasado hambre y esto hace que quiera todo para ella. Si no hay comida, juega y se divierte con los otros perros.Con la gente es simpática y cariñosa, mueve su pequeña colita muy rápido cuando nos ve.No es compatible con gatos, llaman mucho su aten"
kerubi:dona-2787,69,Dona 2787,hembra,164,senior,2012-12-01,mediano,,Mestizo,mestizo,False,Alicante,Alicante,Mascotas de Zero,disponible,False,,,,,kerubi,https://kerubi.es/animales/perros-en-adopcion/dona-2787/,https://kerubi.es/wp-content/uploads/2024/05/f6082d93-173b-4e5a-8f3b-575779607b0b.jpg,2026-08-03T01:11:33Z,2026-08-03T01:11:33Z,"Dona fue encontrada en la calle delgadita y un poco sucia, aunque todo indicaba que tenía familia y que pronto volvería a casa, pero no fue así.Ha compartido jaula con otros perros y es buena con ellos, hasta que hay comida de por medio. Creemos que ha pasado hambre y esto hace que quiera todo para ella. Si no hay comida, juega y se divierte con los otros perros.Con la gente es simpática y cariñosa, mueve su pequeña colita muy rápido cuando nos ve.No es compatible con gatos, llaman mucho su aten"
miwuki:5xam7fcntb,69,Freya,hembra,55,adulto,,mediano,13.0,Mestizo,mestizo,False,Castellón,"Castellón, España",Genoveva M.,disponible,False,True,True,True,True,miwuki,https://petshelter.miwuki.com/c/5xAm7fcnTB,https://img.miwuki.com/sw3eg3N1,2026-08-03T01:11:33Z,2026-08-03T01:11:33Z,"Freya es una perrita adoptada. Es muy temerosa de los hombres, pero muy cariñosa una vez coge confianza. Tiene un ojito marrón y otro azul."
miwuki:zpcpgahtd4,69,Frida,hembra,50,adulto,,mediano,15.0,Mestizo,mestizo,False,Murcia,"Murcia, España",Aproama,disponible,False,True,True,True,True,miwuki,https://petshelter.miwuki.com/c/zpcpgAHTD4,https://img.miwuki.com/wW4UF8G9,2026-08-03T01:11:33Z,2026-08-03T01:11:33Z,"Frida es una perrita muy cariñosa a la que le encanta el contacto con las personas. Disfruta de los mimos y de estar cerca, porque es así como ha crecido desde el principio. Su historia empieza de una forma muy dura. Fue abandonada junto a sus hermanos cuando apenas tenían 12 días de vida, dejados en la puerta de unas cuadras. Ese mismo día, su madre fue atropellada en otro punto del municipio, probablemente mientras intentaba buscarlos. Gracias a los cuidados de Mónica y su mamá Mercedes, y "
miwuki:js6tcv0tjs,69,Gufi,hembra,48,adulto,,mediano,27.0,Mestizo,mestizo,False,Valencia,"Valencia, España",PETJADES TROBADES,disponible,False,True,True,True,True,miwuki,https://petshelter.miwuki.com/c/JS6TcV0tJs,https://img.miwuki.com/DZ0Pc2J0,2026-08-03T01:11:33Z,2026-08-03T01:11:33Z,"Gufi llegó a la protectora cuando apenas tenía dos meses junto con su madre y sus hermanos. Todos ellos están adoptados menos él porque nació con una malformación y hubo que amputarle la patita. Hace vida normal, pero la gente lo discrimina por ello. Busca tanto acogida temporal como adopción."
miwuki:uzay3ygo5k,69,Hera,hembra,50,adulto,,pequeno,10.0,Mestizo,mestizo,False,Castellón,"Castellón, España",Arnau C.,disponible,False,True,True,True,,miwuki,https://petshelter.miwuki.com/c/UzAY3YGO5k,https://img.miwuki.com/nw2oz8q6,2026-08-03T01:11:33Z,2026-08-03T01:11:33Z,"Hera es una perrita muy cariñosa, sociable y bastante activa ya que aun es un cachorro."
miwuki:dbxcdhfbvm,69,Jana,hembra,60,adulto,,mediano,,Mestizo,mestizo,False,Valencia,"Valencia, España",Rescue and Love,disponible,False,True,True,True,True,miwuki,https://petshelter.miwuki.com/c/dbXCdhfBVm,https://img.miwuki.com/uK9Di0U1,2026-08-03T01:11:33Z,2026-08-03T01:11:33Z,"Jana es esta mestiza de 2 añitos. La sacamos de la perrera porque su número de entrada ya estaba pasado de plazo y podía ser asesinada en cualquier momento. Jana es todo dulzura y nobleza, no busca problemas y todas las caricias son bien recibidas. No dejemos que crezca tras los muros, por favor. Analíticas estupendas. Apta con hembras y machos. No testada con gatos. Se entrega vacunada, chipada, desparasitada y castrada. Está en Cullera (Valencia) 692153515 Olga"
miwuki:lb4hsm7vp8,69,Keila,hembra,55,adulto,,mediano,17.0,Mestizo,mestizo,False,Murcia,"Murcia, España",Blanca M.,disponible,False,True,,True,True,miwuki,https://petshelter.miwuki.com/c/LB4hSm7Vp8,https://img.miwuki.com/Nm5gR5g9,2026-08-03T01:11:33Z,2026-08-03T01:11:33Z,
miwuki:mujgdaiqxd,69,Kiara,hembra,47,adulto,,mediano,25.0,Pastor Aleman,raza,False,Castellón,"Castellón, España",Maryuri S.,disponible,False,,,True,True,miwuki,https://petshelter.miwuki.com/c/mUJGDaIqXd,https://img.miwuki.com/tK4sO9v9,2026-08-03T01:11:33Z,2026-08-03T01:11:33Z,"Kiara es una perrita muy cariñosa,le gusta ir de paseo tener actividad física se porta muy bien en casa hace sus necesidades fuera."
miwuki:2oaopjlkwa,69,Kira,hembra,68,adulto,,mediano,25.0,Mestizo,mestizo,False,Valencia,"Valencia, España",Pablo M.,disponible,False,True,True,True,True,miwuki,https://petshelter.miwuki.com/c/2oAOpJLKwA,https://img.miwuki.com/IV8na1O9,2026-08-03T01:11:33Z,2026-08-03T01:11:33Z,Lamentablemente por el tema de la vivienda en España me veo en la obligación de dar en adopción a mi perra que adopte con 4 meses...
miwuki:b1wsu0hebv,69,Kira,hembra,74,adulto,,pequeno,15.0,Shiba Inu,raza,False,Valencia,"Valencia, España",Estefania N.,disponible,False,,,,,miwuki,https://petshelter.miwuki.com/c/B1WSu0hebV,https://img.miwuki.com/Qy2VU9T8,2026-08-03T01:11:33Z,2026-08-03T01:11:33Z,"Me llamo Kira y tengo 6 años. Soy una perrita muy independiente y territorial, aunque también soy extremadamente cariñosa. Me encanta correr por la playa. Desde que mi dueña ha tenido un bebé, me estoy portando un poco mal y tengo algunos problemas de comportamiento con otros perros y con extraños, y como no puede dedicarme todo el tiempo que quisiera y me merezco, preferimos buscarme una familia que sí me pueda dar la atención que necesito."
miwuki:z1wz3p7knc,69,Kira,hembra,84,adulto,,mediano,19.0,Mestizo,mestizo,False,Albacete,"Albacete, España",Gabriela M.,disponible,False,True,,True,True,miwuki,https://petshelter.miwuki.com/c/z1Wz3p7kNc,https://img.miwuki.com/hq3zA2w5,2026-08-03T01:11:33Z,2026-08-03T01:11:33Z,Kira es una perrita muy cariñosa y le gustan los niños
miwuki:bpewwja6u8,69,Kirara,hembra,79,adulto,,mediano,13.0,Mestizo,mestizo,False,Castellón,"Castellón, España",Genoveva M.,disponible,False,True,True,True,True,miwuki,https://petshelter.miwuki.com/c/BPewWJa6U8,https://img.miwuki.com/XZ2fl9T6,2026-08-03T01:11:33Z,2026-08-03T01:11:33Z,Kirara es una perra rescatada tras ser abandonada en una maleta en un contenedor. Es muu cariñosa y juguetona. Y leal como la que mas.
kerubi:kuga-2890,69,Kuga 2890,hembra,87,adulto,2019-05-01,mediano,,Mestizo,mestizo,False,Alicante,Alicante,Mascotas de Zero,disponible,False,,,,,kerubi,https://kerubi.es/animales/perros-en-adopcion/kuga-2890/,https://kerubi.es/wp-content/uploads/2024/05/54c50df4-c0c3-4678-9ac7-adc30931ec5c.jpg,2026-08-03T01:11:33Z,2026-08-03T01:11:33Z,
miwuki:m8qczrcgtv,69,Lisa,hembra,67,adulto,,pequeno,10.0,Mestizo,mestizo,False,Murcia,"Murcia, España",María José I.,disponible,False,True,True,True,True,miwuki,https://petshelter.miwuki.com/c/m8qczrcgTv,https://img.miwuki.com/Dp9Sx5a6,2026-08-03T01:11:33Z,2026-08-03T01:11:33Z,Perra muy buena y casera. También le gusta salir
miwuki:vbtyygmk63,69,Lucy,hembra,53,adulto,,mediano,18.0,Mestizo,mestizo,False,Murcia,"Murcia, España",Cuatro Patas Jumilla,disponible,False,True,True,True,True,miwuki,https://petshelter.miwuki.com/c/vBTyYGMk63,https://img.miwuki.com/Yt9Yh0C2,2026-08-03T01:11:33Z,2026-08-03T01:11:33Z,"Lucy es la amiga perfecta. Es mix de Border Collie y es lleva muy bien con perros, de hecho vive con varios de ellos en su casa de acogida, le encanta jugar con ellos. No sabemos todavia como se lleva con gatos y con niños, pero creemos que bien. Tiene un carácter sensible, tímida al principio y muy cariñosa. Se siente arropada junto a otros perros. Fue encontrada por la Policía, en la calle, sola y sin chip.  Tlf.: 625 98 76 62 (Información general) // 656 98 94 17 (Adopciones y acogidas)"
miwuki:0apyafepik,69,Lulú,hembra,38,adulto,,mediano,,Mestizo,mestizo,False,Murcia,"Murcia, España","Esprineco, S.l.",disponible,False,True,,True,True,miwuki,https://petshelter.miwuki.com/c/0APYaFEpiK,https://img.miwuki.com/LU2kw5W6,2026-08-03T01:11:33Z,2026-08-03T01:11:33Z,Es tranquilo y sociable con perros y personas.
miwuki:djqgxrygah,69,Luna,hembra,89,adulto,,mediano,16.0,Mestizo,mestizo,False,Alicante,"Alicante, España",Sheila A.,disponible,False,,,True,True,miwuki,https://petshelter.miwuki.com/c/dJQgXRyGaH,https://img.miwuki.com/Ar6Ry5J7,2026-08-03T01:11:33Z,2026-08-03T01:11:33Z,"Luna es una perra muy activa, cariñosa y juguetona. Le encanta estar acompañada y seguirte a todas partes. Aunque al principio puede parecer tímida y algo miedosa, en cuanto recibe cariño se vuelve inseparable. Es ágil, obediente y acude enseguida cuando la llamas. Tomar esta decisión es muy difícil, pero deseo encontrarle una familia que la quiera tanto como merece y que pueda darle lo mejor."
miwuki:qhn9vyn4il,69,Luz,hembra,140,senior,,pequeno,9.0,Mestizo,mestizo,False,Alicante,"Alicante, España",Nieves R.,disponible,False,,True,True,,miwuki,https://petshelter.miwuki.com/c/QHN9VyN4il,https://img.miwuki.com/uB9mf6g7,2026-08-03T01:11:33Z,2026-08-03T01:11:33Z,Estaba acostumbrada a estar en campo y no se adapta a ciudad
miwuki:ue7vrq8ado,69,Malva,hembra,76,adulto,,pequeno,10.0,Mestizo,mestizo,False,Murcia,"Murcia, España",Mamen M.,disponible,False,True,,True,,miwuki,https://petshelter.miwuki.com/c/Ue7vrq8Ado,https://img.miwuki.com/wy3Sx1k3,2026-08-03T01:11:33Z,2026-08-03T01:11:33Z,"Es un podenca andaluza criada en familia desde el primer mes de edad, acostumbrada a los niños y disfruta muchisimo en la montaña, no ha cazado nunca."
kerubi:megan,69,Megan,hembra,315,senior,2000-05-01,mediano,,Mestizo,mestizo,False,Alicante,Alicante,Akira Animal Sanctuary,disponible,False,,,,,kerubi,https://kerubi.es/animales/perros-en-adopcion/megan/,https://kerubi.es/wp-content/uploads/2024/07/DSC_0141.jpg,2026-08-03T01:11:33Z,2026-08-03T01:11:33Z,"MEGAN NECESITA UN HOGAR PARA SIEMPRE Megan es una perra tan maravillosa que rezuma cariño y diversión y siempre está sonriendo. Ella tiene 4 años y es limpia en la casa. Ella es super fácil de caminar con la correa, y ella no es demasiado grande de un perro y cabría cómodamente en la mayoría de los hogares. Megan es muy bonita. Ella es un poco exigente con sus amigos, pero no son la mayoría de nosotros. Ella no es tan entusiasta de otras damas y ha tenido algunos novios durante su estancia en el"
miwuki:umavsdb4sx,69,Mina,hembra,51,adulto,,mediano,23.0,Mestizo,mestizo,False,Valencia,"Valencia, España",Sos Salvando Vidas España,disponible,False,True,True,True,True,miwuki,https://petshelter.miwuki.com/c/uMAVSdb4sx,https://img.miwuki.com/ur0oo3v3,2026-08-03T01:11:33Z,2026-08-03T01:11:33Z,
miwuki:2dkqr1uyjz,69,Nala,hembra,48,adulto,,pequeno,10.0,Mestizo,mestizo,False,Valencia,"Valencia, España",Lucia M.,disponible,False,True,,,,miwuki,https://petshelter.miwuki.com/c/2dkqr1UYjz,https://img.miwuki.com/Mb6If3Q7,2026-08-03T01:11:33Z,2026-08-03T01:11:33Z,"Buscamos nuevo hogar para Nala, una cachorra de ocho meses, es podenca con labrador, no podemos mantenerla por el tema trabajo,pasa muchas horas sola y nos gustaría poderle dar una vida mucho mejor que nosotros no podemos. Es un cachorro muy sociable,juguetona y se porta muy bien."
kerubi:p1688-yuki,69,P1688 – Yuki,hembra,64,adulto,2021-04-01,mediano,,Podenco,raza,False,Castellón,Castellón,Huellas Callejeras,disponible,False,,,,,kerubi,https://kerubi.es/animales/perros-en-adopcion/p1688-yuki/,https://kerubi.es/wp-content/uploads/2022/08/282488807_125793790078762_3870844599183809924_n.jpg,2026-08-03T01:11:33Z,2026-08-03T01:11:33Z,
miwuki:ozgohgkzft,69,Pimienta,hembra,48,adulto,,mediano,,Mestizo,mestizo,False,Murcia,"Murcia, España",Ayuda Animal Protectora Murcia,disponible,False,True,True,True,True,miwuki,https://petshelter.miwuki.com/c/oZGOhgKzFt,https://img.miwuki.com/Zd3vt1q3,2026-08-03T01:11:33Z,2026-08-03T01:11:33Z,"Pimienta es uno de los 12 bebes que tuvo Chia. Después de ser adoptada, fue devuelta porque no podían tenerla.  Es una perrita muy cariñosa y pegada a las personas. Le encanta pasear por el campo y estar en compañía. Ahora mismo busca una casa donde la quieran y aprecien todo el amor que tiene para dar."
miwuki:jkia8sjmrt,69,Saly,hembra,79,adulto,,mediano,13.0,Mestizo,mestizo,False,Murcia,"Murcia, España",SOS Animals,disponible,False,True,True,True,True,miwuki,https://petshelter.miwuki.com/c/jKIa8SJMRT,https://img.miwuki.com/KK0LJ6P7,2026-08-03T01:11:33Z,2026-08-03T01:11:33Z,"Saly es una perra muy joven, cariñosa y activa, perfecta para gente joven q quiera disfrutar de una buena amiga!!! No ha tenido suerte lo ha pasado mal desde q nació rescatada por la policía con meses llegó a nuestras manos, wsta castrada, chipeada y vacunada"
miwuki:0czxri1nqc,69,Saly,hembra,79,adulto,,mediano,13.0,Mestizo,mestizo,False,Murcia,"Murcia, España",SOS Animals,disponible,False,True,True,True,True,miwuki,https://petshelter.miwuki.com/c/0CZxri1NqC,https://img.miwuki.com/Ox0VT8G9,2026-08-03T01:11:33Z,2026-08-03T01:11:33Z,"Saly es una perra muy joven, cariñosa y activa, perfecta para gente joven q quiera disfrutar de una buena amiga!!! No ha tenido suerte lo ha pasado mal desde q nació rescatada por la policía con meses llegó a nuestras manos, wsta castrada, chipeada y vacunada"
miwuki:duhbay3cks,69,Sara,hembra,67,adulto,,pequeno,7.0,Mestizo,mestizo,False,Murcia,"Murcia, España",Cuatro Patas Jumilla,disponible,False,True,True,True,True,miwuki,https://petshelter.miwuki.com/c/DuhBay3CKs,https://img.miwuki.com/vO4DF2D8,2026-08-03T01:11:33Z,2026-08-03T01:11:33Z,"Comportamiento con perros: Bien, se lleva bien con otros perros//  Comportamiento con gatos: Muy bien, convive con 3 en su casa de acogida//  Niños: Muy bien, en su antigua familia vivía con una niña pequeña//  Pasea con correa: Sí, sin problema//  Carácter: Alegre, cariñosa, tranquila, equilibrada y sensible.//  Historia: Fue encontrada sola en la calle, en Jumilla. Su familia la buscó y fue localizada. Pero decidieron que preferían darla en adopción para que tuviera una vida mejor que la "
kerubi:sheba-ppp-1723-2,69,Sheba Ppp 1723,hembra,87,adulto,2019-05-01,mediano,,Mestizo,mestizo,False,Alicante,Alicante,Mascotas de Zero,disponible,False,,,,,kerubi,https://kerubi.es/animales/perros-en-adopcion/sheba-ppp-1723-2/,https://kerubi.es/wp-content/uploads/2024/11/WhatsApp-Image-2024-11-28-at-10.45.33.jpeg,2026-08-03T01:11:33Z,2026-08-03T01:11:33Z,"Hemos encontrado este perro el día 30 de septiembre del 2021 en Almoradi, Alicante.Sheba es una perrita buena con la gente aunque algo tímida, puede ser que nunca haya tenido suficiente trato con la gente, o básicamente que no fuese el correcto… Le gustan las caricias y si le hablas despacio mueve la cola. Tiene una cara muy bonita.Comparte jaula con otro perro y se quieren mucho. Nunca se han peleado, ni por la comida ni por nada. Hemos comprobado que es algo dominante con otras perras, por lo "
miwuki:o6nufbh3m8,69,Sol,hembra,38,adulto,,mediano,15.0,Mestizo,mestizo,False,Valencia,"Valencia, España",Apea Ayuda A Perros y Gatos Entre Amigos,disponible,False,True,,True,True,miwuki,https://petshelter.miwuki.com/c/O6nufBH3m8,https://img.miwuki.com/JY6FF0F4,2026-08-03T01:11:33Z,2026-08-03T01:11:33Z,
miwuki:2ngkydrxgr,69,Sol,hembra,41,adulto,,mediano,15.0,Mestizo,mestizo,False,Valencia,"Valencia, España",Apea Ayuda A Perros y Gatos Entre Amigos,disponible,False,True,,True,True,miwuki,https://petshelter.miwuki.com/c/2NgKydRXgR,https://img.miwuki.com/xD9hy8W6,2026-08-03T01:11:33Z,2026-08-03T01:11:33Z,Sol fue sacada de la perrera siendo bebé necesita una hogar es cruce de labrador es muy buena y cariñosa está creciendo en un chenil y quiere salir de allí...si que ha enamorado o quieres saber más de ella escríbeme
kerubi:thalia-3204,69,Thalia 3204,hembra,91,adulto,2019-01-01,mediano,,Mestizo,mestizo,False,Alicante,Alicante,Mascotas de Zero,disponible,False,,,,,kerubi,https://kerubi.es/animales/perros-en-adopcion/thalia-3204/,https://kerubi.es/wp-content/uploads/2024/05/e6c16843-d239-4aba-9fac-7d70c9bb5ccf.jpg,2026-08-03T01:11:33Z,2026-08-03T01:11:33Z,"Thalia fue encontrada en la calle, llevaba su propio collar por lo que pensamos que alguien vendría a reclamarla, pero no ha sido así, y ahora buscaremos la mejor familia para esta preciosa perrita.Thalia es un amor, un poco miedosa al principio si no conoce, pero no conocemos su pasado. Le gusta que la acaricien y nos busca para que le digamos cositas, es muy buena.Con otros perros se lleva muy bien, ha compartido jaula con varios perros, y en este momento está con un perrito muy miedoso al que"
miwuki:zeotdyyey5,69,Vega,hembra,79,adulto,,mediano,20.0,Mestizo,mestizo,False,Valencia,"Valencia, España",Rescat and dog,disponible,False,True,True,True,True,miwuki,https://petshelter.miwuki.com/c/ZeoTdYyeY5,https://img.miwuki.com/NL5zG4j5,2026-08-03T01:11:33Z,2026-08-03T01:11:33Z,"VEGA fue abandonada por su dueño en la PERRERA de bien cachorra... no entendía que hacía ahí.... encerrada 24 horas detrás de unos barrotes..... suplicando con la mirada salir de ahí 🥺🥺que alguien se fijara en ella.... No pudimos mirar hacia otro lado y Vega como sabéis es una chica Rescat♥️ A VEGA le encantan los niños como podéis ver es ideal 🧒🏼, cuando va nuestra compañera con su hijo a ver los peluditos de la residencia Vega no se despega de su hijo de tan solo 4 años!!!!!! Es una verdadera"
miwuki:3rw5bw3khw,69,Vega,hembra,79,adulto,,mediano,20.0,Mestizo,mestizo,False,Murcia,"Murcia, España",José Manuel M.,disponible,False,True,,True,True,miwuki,https://petshelter.miwuki.com/c/3Rw5Bw3KhW,https://img.miwuki.com/Bj6mZ5C2,2026-08-03T01:11:33Z,2026-08-03T01:11:33Z,Podenco Canario
asoka:asokaelgrande-org-veggie,69,Veggie,hembra,124,senior,,pequeno,,Mestizo,mestizo,False,Alicante,"Alicante 
                 (Alicante)",ASOKA el Grande,disponible,False,,True,True,,asoka,https://asokaelgrande.org/ficha-11757,https://asokaelgrande.org/ficha-banner-11757,2026-08-03T01:11:33Z,2026-08-03T01:11:33Z,"Asoka el Grande - Ficha de Veggie Foto 1 de 4 | Ficha de Veggie en adopción Nombre Veggie Clase perros Desde 1-7-2026 Sexo Hembra Edad 10 años y 4 meses fecha de nacimiento 3/2016 Raza Mestiza Tamaño Pequeño Localidad Alicante (Alicante) ID 11757 Descripción Veggie llegó con un tumor en el culo y la cadena mamaria llena de tumores también... Nada más llegar se le operó y se le quitaron los tumores y se ha ido recuperando. Es una perrita senior y, con todo lo que ha sufrido, tiene sus cosillas, p"
miwuki:vzuwwtyzck,69,Xesca,hembra,69,adulto,,pequeno,7.0,Mestizo,mestizo,False,Valencia,"Valencia, España",Spax Protectora De Animales De Xàtiva,disponible,False,True,True,True,True,miwuki,https://petshelter.miwuki.com/c/vzuWwtyZcK,https://img.miwuki.com/VR0gq9b7,2026-08-03T01:11:33Z,2026-08-03T01:11:33Z,"La pequeña Xesca vagaba varios días en una localidad cercana a Xàtiva. Después de varios días, una adoptante nuestra consiguió meterla en el pipicán del pueblo y nuestro compañero Salva fue a rescatarla. Al principio nos hizo pelear mucho pues estaba muy asustada y costó poder cogerla dentro del vallada. Pero una vez con nosotros, poco a poco va cogiendo confianza. Es una perrita con miedos, por lo que va a necesitar una familia que tenga un poco de experiencia para así ayudarla a superar su mie"
miwuki:idvkjiieol,69,Yua,hembra,60,adulto,,mediano,25.0,Mestizo,mestizo,False,Valencia,"Valencia, España",Nieves C.,disponible,False,True,True,True,True,miwuki,https://petshelter.miwuki.com/c/iDVkJIIEOl,https://img.miwuki.com/Ep7Ec3k9,2026-08-03T01:11:33Z,2026-08-03T01:11:33Z,"Penny tiene carácter dominante con otros perros del mismo carácter, eso ha provocado diversas peleas con mis otros dos perros, llegando al límite de provocar daños graves, después de pasar por adiestrador el problema es que no se llevarla y no me queda otra solución que darla a alguien que pueda darle la atención que necesita."
villena:10080,68,Bartola,hembra,97,senior,2018-07-07,mediano,18.0,,desconocido,False,Alicante,Alicante,SPAP Villena,disponible,False,,,,,villena,https://protectoravillena.com/animal/bartola/,https://protectoravillena.com/wp-content/uploads/Bartola-1.jpg,2026-08-03T01:11:33Z,2026-08-03T01:11:33Z,"Bartola llegó a la protectora el 10 de julio de 2026 y, desde entonces, ha demostrado ser una galga con un carácter realmente especial.   Es una perra muy cariñosa y cercana, de esas que disfrutan de la compañía de las personas y agradecen cada muestra de afecto. Tiene una actividad moderada, por lo que disfruta de sus paseos y del tiempo al aire libre, pero también sabe relajarse y compartir momentos tranquilos. Además, pasea muy bien, haciendo que salir con ella sea una experiencia agradable. "
villena:9607,68,Lazy,hembra,139,senior,2015-01-01,mediano,22.0,,desconocido,False,Alicante,Alicante,SPAP Villena,disponible,False,,,,,villena,https://protectoravillena.com/animal/lazy/,https://protectoravillena.com/wp-content/uploads/Lazy-1.jpg,2026-08-03T01:11:33Z,2026-08-03T01:11:33Z,"Lazy es la madre de Mara y desde que llegaron a la protectora han estado siempre juntas. Comparten un vínculo muy especial y se apoyan mutuamente en todo momento. Al principio puede mostrarse tímida y reservada, especialmente en entornos nuevos o con personas que no conoce, pero con un poco de paciencia empieza a mostrarse tal y como es.   Una vez se siente más tranquila, Lazy sale a jugar con otros perros sin problema y se relaciona bien con ellos. Es una perra dulce y noble, de esas a las que "
villena:6888,68,Lili,hembra,128,senior,2015-12-06,mediano,17.2,,desconocido,False,Alicante,Alicante,SPAP Villena,disponible,False,,,,,villena,https://protectoravillena.com/animal/lili/,https://protectoravillena.com/wp-content/uploads/WhatsApp-Image-2023-03-21-at-17.48.121.jpeg,2026-08-03T01:11:33Z,2026-08-03T01:11:33Z,"Lili llegó al albergue en junio del año 2019, demostrando desde el primer momento su carácter fiel a las personas, con quien es excepcional y cariñosa. Sin embargo, es un tanto celosa de otros perros, lo que le dificulta relacionarse con ellos. En consecuencia, necesita una familia que no tenga otros perros, así como tampoco gatos, ya que no siente afinidad hacia los mismo.   Dentro de casa es una perra muy tranquila, donde disfruta de sus juguetes y de bañarse. Es muy limpia, y nunca rompe nada"
villena:10088,68,Triana,hembra,115,senior,2017-01-01,mediano,19.5,,desconocido,False,Alicante,Alicante,SPAP Villena,disponible,False,,,,,villena,https://protectoravillena.com/animal/triana/,https://protectoravillena.com/wp-content/uploads/Triana-1.jpg,2026-08-03T01:11:33Z,2026-08-03T01:11:33Z,"Triana llegó a la protectora el 27 de julio de 2026 y ahora espera encontrar una familia que valore su forma de ser.   Es una perra activa, sociable y con muy buen carácter, que disfruta de la compañía de las personas y de salir a descubrir el mundo. Durante los paseos, cuando algo llama especialmente su atención, como conejos o pájaros, prefiere concentrarse en ello y tener su espacio para observar. Es simplemente una parte de su forma de explorar el entorno.   Triana necesita una familia que e"
miwuki:kl4nmpjwei,67,Akira,hembra,106,senior,,mediano,,Mestizo,mestizo,False,Valencia,"Valencia, España",Adaana,disponible,False,True,True,True,True,miwuki,https://petshelter.miwuki.com/c/kl4nmpjweI,https://img.miwuki.com/id3sL2M6,2026-08-03T01:11:33Z,2026-08-03T01:11:33Z,"Akira tuvo una familia que la quería, pero desgraciadamente murió y ahora espera una oportunidad. Lo ha pasado muy mal por la perdida de su familia y necesita ayuda urgente, encontrar una familia, donde seguir siendo feliz y acompañada."
miwuki:8vslhcjkcg,67,Aria,hembra,132,senior,,mediano,12.0,Mestizo,mestizo,False,Valencia,"Valencia, España",Grupo de Ayuda Luz Verde,disponible,False,True,,,True,miwuki,https://petshelter.miwuki.com/c/8VSlHcJkcG,https://img.miwuki.com/hD4dK2T1,2026-08-03T01:11:33Z,2026-08-03T01:11:33Z,Aria es una perra mestiza de bretón de talla más bien pequeña. Es una perra muy adaptable a cualquier hogar siempre y cuando haya una supervisión con otro tipo de animales como gatos o roedores. Con otros perros es territorial.
kerubi:atenea-3,67,Atenea,hembra,16,joven,2025-04-04,grande,,Mestizo,mestizo,False,Valencia,Valencia,Help Dog Valencia,disponible,False,,True,,,kerubi,https://kerubi.es/animales/perros-en-adopcion/atenea-3/,https://kerubi.es/wp-content/uploads/2026/07/65d017f6-e089-45d7-b935-14addebc05f6-1.jpeg,2026-08-03T01:11:33Z,2026-08-03T01:11:33Z,"𝐀𝐓𝐄𝐍𝐄𝐀 𝐁𝐔𝐒𝐂𝐀 𝐅𝐀𝐌𝐈𝐋𝐈𝐀 𝐃𝐄 𝐀𝐃𝐎𝐏𝐂𝐈𝐎́𝐍 𝐀𝐭𝐞𝐧𝐞𝐚 nació en abril del 2025. Es muy sociable y cariñosa, es muy buena. No es sociable con gatos. Le encanta jugar con los niños y le encanta jugar con el agua. Está en Valencia. Tiene vacunas, chip etcétera…Si quieres que 𝐀𝐭𝐞𝐧𝐞𝐚 sea parte de tú familia envía WhatsApp a 661 75 51 27 ¿𝗡𝗢𝗦 𝗔𝗬𝗨𝗗𝗔𝗦 𝗔 𝗦𝗘𝗚𝗨𝗜𝗥 𝗔𝗬𝗨𝗗𝗔́𝗡𝗗𝗢𝗟𝗢𝗦! 🐕🐈‍⬛ ¡𝗣𝗢𝗥 𝗦𝗢𝗟𝗢 𝟭 𝗘𝗨𝗥𝗢 𝗔𝗟 𝗠𝗘𝗦 𝗣𝗨𝗘𝗗𝗘𝗦 𝗛𝗔𝗖𝗘𝗥𝗟𝗢? 👇🏾 https://www.teaming.net/group/list?q=HelpDog%20Valencia 𝗘𝗹 𝗺𝗮𝗹𝘁𝗿𝗮𝘁𝗼 𝘆 𝗮𝗯𝗮𝗻𝗱𝗼𝗻𝗼 𝗮𝗻𝗶𝗺𝗮𝗹 𝗲𝘀 𝘂𝗻 𝗱𝗲𝗹𝗶𝘁"
kerubi:atenea-2,67,Atenea,hembra,16,joven,2025-04-04,grande,,Mestizo,mestizo,False,Valencia,Valencia,Help Dog Valencia,disponible,False,,True,,,kerubi,https://kerubi.es/animales/perros-en-adopcion/atenea-2/,https://kerubi.es/wp-content/uploads/2026/07/65d017f6-e089-45d7-b935-14addebc05f6.jpeg,2026-08-03T01:11:33Z,2026-08-03T01:11:33Z,"𝐀𝐓𝐄𝐍𝐄𝐀 𝐁𝐔𝐒𝐂𝐀 𝐅𝐀𝐌𝐈𝐋𝐈𝐀 𝐃𝐄 𝐀𝐃𝐎𝐏𝐂𝐈𝐎́𝐍 𝐀𝐭𝐞𝐧𝐞𝐚 nació en abril del 2025. Es muy sociable y cariñosa, es muy buena. No es sociable con gatos. Le encanta jugar con los niños y le encanta jugar con el agua. Está en Valencia. Tiene vacunas, chip etcétera…Si quieres que 𝐀𝐭𝐞𝐧𝐞𝐚 sea parte de tú familia envía WhatsApp a 661 75 51 27 ¿𝗡𝗢𝗦 𝗔𝗬𝗨𝗗𝗔𝗦 𝗔 𝗦𝗘𝗚𝗨𝗜𝗥 𝗔𝗬𝗨𝗗𝗔́𝗡𝗗𝗢𝗟𝗢𝗦! 🐕🐈‍⬛ ¡𝗣𝗢𝗥 𝗦𝗢𝗟𝗢 𝟭 𝗘𝗨𝗥𝗢 𝗔𝗟 𝗠𝗘𝗦 𝗣𝗨𝗘𝗗𝗘𝗦 𝗛𝗔𝗖𝗘𝗥𝗟𝗢? 👇🏾 https://www.teaming.net/group/list?q=HelpDog%20Valencia 𝗘𝗹 𝗺𝗮𝗹𝘁𝗿𝗮𝘁𝗼 𝘆 𝗮𝗯𝗮𝗻𝗱𝗼𝗻𝗼 𝗮𝗻𝗶𝗺𝗮𝗹 𝗲𝘀 𝘂𝗻 𝗱𝗲𝗹𝗶𝘁"
miwuki:s0yvmoduea,67,Bella,hembra,112,senior,,mediano,18.0,Mestizo,mestizo,False,Castellón,"Castellón, España",Marta S.,disponible,False,True,True,True,True,miwuki,https://petshelter.miwuki.com/c/s0yvmODueA,https://img.miwuki.com/Jl9Tl8a2,2026-08-03T01:11:33Z,2026-08-03T01:11:33Z,"Perra muy buena, súper cariñosa. Le encanta estar en compañía. Tiene epilepsia pero está diagnosticada y con su medicación. La pongo en adopción porque por motivos personales tuve que cambiarme de domicilio y pase de casa con terreno a piso pequeño además de que se murió su compañera de aventuras. Con estas dos situaciones, no se adapta y pensamos que sería muchísimo más feliz en una casa con terreno donde correr y jugar con otros perretes."
miwuki:2dhydr0gih,67,Bella,hembra,112,senior,,mediano,18.0,Mestizo,mestizo,False,Castellón,"Castellón, España",Marta S.,disponible,False,True,True,True,True,miwuki,https://petshelter.miwuki.com/c/2DhyDr0GIH,https://img.miwuki.com/HB2Rf3w7,2026-08-03T01:11:33Z,2026-08-03T01:11:33Z,"Perra Samoyedo muy cariñosa, le encanta la compañía humana. Muy buena con otros perros y niños, nunca la he visto gruñir, no sabe. Le busco familia porque por circunstancias he tenido que mudarme de casa con terreno a piso y, además, se murió su compañera de aventuras, y no se está adaptando. Pienso que sería mucho más feliz en un hogar con terreno y otros perros y que le pudiesen dedicar más tiempo y atención del que yo le puedo ofrecer por trabajo.  Tiene epilepsia pero está controlada y medi"
miwuki:1an0ixcrkx,67,Berta,hembra,120,senior,,mediano,13.0,Mestizo,mestizo,False,Valencia,"Valencia, España",Grupo de Ayuda Luz Verde,disponible,False,True,,,True,miwuki,https://petshelter.miwuki.com/c/1an0iXcRkX,https://img.miwuki.com/uz2FY4k4,2026-08-03T01:11:33Z,2026-08-03T01:11:33Z,"Berta es una pequeña podenca tímida y desconfiada que poco contacto ha tenido con personas, aunque es muy obediente y agradecida. No ha aprendido a interactuar con las personas pero se siente feliz cuando lo hace y se le nota en su mirada y su alegría.Nació en la calle y jamás ha vivido en una casa. Nadie le ha dado una oportunidad aún siendo tan pequeña de tamaño y tan apocada."
miwuki:i65sy889ss,67,Bianca,hembra,111,senior,,mediano,15.0,Mestizo,mestizo,False,Valencia,"Valencia, España",Mkons94,disponible,False,True,True,True,True,miwuki,https://petshelter.miwuki.com/c/i65Sy889SS,https://img.miwuki.com/Db5Wo1H0,2026-08-03T01:11:33Z,2026-08-03T01:11:33Z,Es muy agradable y se relaciona bien con otros animales. A convivido con gatos toda su vida y se lleva bien.
miwuki:hyc7urtp5b,67,Bimba,hembra,18,joven,,,,Mestizo,mestizo,False,Murcia,"Murcia, España",SOS Animals,disponible,False,,True,,,miwuki,https://petshelter.miwuki.com/c/Hyc7urTP5B,https://img.miwuki.com/yx2Vj8M2,2026-08-03T01:11:33Z,2026-08-03T01:11:33Z,
miwuki:8vsvttlohj,67,Bonnie,hembra,101,senior,,mediano,14.0,Mestizo,mestizo,False,Valencia,"Valencia, España",Andrea A.,disponible,False,True,True,True,True,miwuki,https://petshelter.miwuki.com/c/8vSVTtlOhj,https://img.miwuki.com/Hn0OY7A9,2026-08-03T01:11:33Z,2026-08-03T01:11:33Z,
miwuki:fjinqn3sn2,67,Bra,hembra,112,senior,,mediano,15.0,Mestizo,mestizo,False,Valencia,"Valencia, España",Spax Protectora De Animales De Xàtiva,disponible,False,True,True,True,True,miwuki,https://petshelter.miwuki.com/c/FjiNQN3sN2,https://img.miwuki.com/AG6fN4Y8,2026-08-03T01:11:33Z,2026-08-03T01:11:33Z,"Bra apareció junto a sus hermanitos Trunks, Vegeta, Goku, Pan, Videl y Bulma a las puertas del refugio dentro de una caja de cartón con tan sólo un mes de vida. Estaban saliendo todavía los dientes y aunque empezaban a comer paté tuvimos que ayudar con biberón. Estaban hambrientos y llenitos de pulgas. Algunos de ellos han sido adoptados. Bra es muy juguetona y le encanta dar largos paseos con los voluntarios. Es muy mimosa y sólo quiere que atenciones. Si ve que la estás mirando, aunque sea des"
miwuki:zkhmoaamug,67,Carry,hembra,123,senior,,mediano,17.0,Podenco Andaluz,raza,False,Castellón,"Castellón, España",Huellas Callejeras,disponible,False,,True,True,True,miwuki,https://petshelter.miwuki.com/c/zKHmOaAMuG,https://img.miwuki.com/rd5an4p2,2026-08-03T01:11:33Z,2026-08-03T01:11:33Z,"Carry, podenca nacida en 2016, fue rescatada tras vivir entre basura cuidando a sus siete cachorros. Tres de ellos siguen en el refugio. Es tímida y prudente debido a su duro pasado, pero cuando confía muestra una ternura inmensa. Tiene un soplo en el corazón y está en tratamiento, por lo que necesita una familia tranquila, paseos cortos y un hogar sereno, idealmente con jardín donde pueda descansar y sentirse segura."
miwuki:5ouhismzfc,67,Dama,hembra,135,senior,,mediano,22.0,Mestizo,mestizo,False,Valencia,"Valencia, España",La Guardiana,disponible,False,True,True,,True,miwuki,https://petshelter.miwuki.com/c/5OUhiSMzfc,https://img.miwuki.com/kE2vw9y2,2026-08-03T01:11:33Z,2026-08-03T01:11:33Z,"Dama es nuestra princesita rota. No se puede juntar con gatos ni otros animales. Con perros solo bajo supervisión. La rescatamos de un piso cerrado junto con la guardia civil. No ha tenido una vida nada fácil. Necesita una familia con mucha dedicación, mano firme, experiencia, paciencia y un gran corazón. Actualmente está en una residencia por no tener una acogida adecuada para ella."
miwuki:1pwtzvdzjp,67,Dana,hembra,89,adulto,,mediano,22.0,Mestizo,mestizo,False,Valencia,"Valencia, España",Hugo R.,disponible,False,True,True,True,True,miwuki,https://petshelter.miwuki.com/c/1PWTzVDZjp,https://img.miwuki.com/jM2dO6u8,2026-08-03T01:11:33Z,2026-08-03T01:11:33Z,"Perrita de tan solo 4 años necesita una nueva familia. A poder ser una casa con terreno, jardín, un chalet... Por motivos económicos tenemos que mudarnos a Valencia, a un piso. La perra ha vivido toda su vida en el campo y en un piso no va a ser capaz de adaptarse. Es una perra muy juguetona y enérgica, perseguir la pelota es su ambición. Esta todo en regla, (vacunas, desparasitaciones, sin enfermedades...)"
miwuki:5alcxixqwn,67,Diana,hembra,132,senior,,mediano,20.0,Mestizo,mestizo,False,Valencia,"Valencia, España",Rescat and dog,disponible,False,True,True,True,True,miwuki,https://petshelter.miwuki.com/c/5alcXIXQwn,https://img.miwuki.com/gD6GD0r9,2026-08-03T01:11:33Z,2026-08-03T01:11:33Z,"𝐃𝐈𝐀𝐍𝐀🎀 📢📢 𝐁𝐔𝐒𝐂𝐀 𝐂𝐀𝐒𝐀 𝐃𝐄 𝐀𝐂𝐎𝐆𝐈𝐃𝐀 📢📢 ⬇️𝑺𝑼 𝑯𝑰𝑺𝑻𝑶𝑹𝑰𝑨 ⬇️ La compraron a un galguero exclusivamente para hacerla criar y criar y criar.... pero como según ellos ya no les servía ya no la querían..... así que nos la cedieron. Y lo mejor que le ha podido pasar!!! 𝐃𝐈𝐀𝐍𝐀 no sabe lo que es ser querida y amada 🥺🥺, no sabe lo que son los mimos y caricias.... no ha tenido una vida bonita donde la sacaban a pasear, a jugar con amigos al parque o donde descansaba felizmente en un sofá ...... su vida ha sido"
miwuki:psnjpnleay,67,Estrella,hembra,127,senior,,pequeno,5.0,Mestizo,mestizo,False,Murcia,"Murcia, España",Patitas Unidas Los Alcázares,disponible,False,True,True,,,miwuki,https://petshelter.miwuki.com/c/psNJPnlEAy,https://img.miwuki.com/YE0ds5Q7,2026-08-03T01:11:33Z,2026-08-03T01:11:33Z,"Hola! Me llamo Estrella. Nací a finales del 2014. Yo fui recogida justo antes que la perrera pasará a por mí, sino hubiera sido una muerte segura. Ahora estoy en acogida donde ellos me cuidan, pero sigo buscando un hogar donde me llenen de amor para toda la vida. Soy pequeñita, y muy cariñosa. ¿Quieres conocerme?. ¡A que esperas! yo te estoy esperando."
miwuki:oje9c3alqi,67,Izar,hembra,135,senior,,mediano,14.0,Mestizo,mestizo,False,Murcia,"Murcia, España",Cristina T.,disponible,False,True,True,True,True,miwuki,https://petshelter.miwuki.com/c/OJe9c3aLqi,https://img.miwuki.com/yS3mT6n0,2026-08-03T01:11:33Z,2026-08-03T01:11:33Z,"Es una perra adoptada. Era de un cazador que ya no le servía para cazar y la adopte a través de una asociación."
miwuki:oduayqy3h5,67,Jara,hembra,102,senior,,mini,5.0,Mestizo,mestizo,False,Castellón,"Castellón, España",Maria L.,disponible,False,True,,,True,miwuki,https://petshelter.miwuki.com/c/oDuAyqy3h5,https://img.miwuki.com/Zb9lo3A8,2026-08-03T01:11:33Z,2026-08-03T01:11:33Z,"Cruce de teckel de pelo duro, 5 años, 5kg, perrita muy juguetona y buena, pasea genial con la correa, siempre ha estado con otra perrita, preferible adopción conjunta. Nunca ha cazado, perra de compañía"
miwuki:ershseyt0h,67,Keiko,hembra,36,adulto,,grande,25.0,Mestizo,mestizo,False,Alicante,"Alicante, España",Rescate Animal Marina Alta,disponible,False,True,,,,miwuki,https://petshelter.miwuki.com/c/ERshSeYt0h,https://img.miwuki.com/rD1KS0x1,2026-08-03T01:11:33Z,2026-08-03T01:11:33Z,"EIKO, hembra, red nose pitbull, 3 años, sociable, obediente, sana, muy bien con otros perros y niños, gatos no. Sabe pasear con correa, le encantan los juguetes. Keiko, female, red nose pitbull, 3 years old, very friendly, obedient, healthy, very good with other dogs and kids, NO cats. Walks right on a lead and loves toys and games."
miwuki:5dy6nftac1,67,Khiara,hembra,112,senior,,mediano,13.0,Mestizo,mestizo,False,Murcia,"Murcia, España",Cuatro Patas Jumilla,disponible,False,True,True,True,True,miwuki,https://petshelter.miwuki.com/c/5DY6Nftac1,https://img.miwuki.com/ep5gd7n1,2026-08-03T01:11:33Z,2026-08-03T01:11:33Z,"Carácter: Muy sociable y mimosa Historia: Su familia le busca hogar por problemas de salud de la niña de la familia. Su compañera CUKY también buscar hogar. Salud: Alérgica a algunos piensos con pollo. No hay enfermedades conocidas Ciudad en la que se encuentra: Jumilla (Murcia) *Esta información ha sido facilitada por su familia. Somos intermediarios para encontrarle un buen hogar"
miwuki:n4kg4bqnfa,67,Kira,hembra,116,senior,,mini,5.0,Pinscher Miniatura,raza,False,Valencia,"Valencia, España",Ana G.,disponible,False,,,True,True,miwuki,https://petshelter.miwuki.com/c/N4Kg4BQnFa,https://img.miwuki.com/Yl9Tt7w5,2026-08-03T01:11:33Z,2026-08-03T01:11:33Z,Vivíamos en una casa particular con terraza desde que tenia 3 meses por la dana tuvimos que cambiar de casa ahora vivimos en un piso de 65m. Sin balcón ni terraza no aguanta sus necesidades a que la bajemos a la calle tenemos nietos los más pequeños tienen 1 año y 5 años
miwuki:qmxeewyrgf,67,Kira,hembra,94,adulto,,pequeno,7.0,Mestizo,mestizo,False,Murcia,"Murcia, España",Elisa S.,disponible,False,True,True,True,True,miwuki,https://petshelter.miwuki.com/c/qMXEEWYrgf,https://img.miwuki.com/XB9gd1I8,2026-08-03T01:11:33Z,2026-08-03T01:11:33Z,"Es una perrita de aprox 8 años. Va esterilizada. Con sus vacunas de la rabia y polivalente al día. No tiene ninguna enfermedad, está totalmente sana y nunca ha tenido ningún problema. Es muy activa, juguetona y cariñosa, le encantan los mimos y en cuanto coge confianza se apega mucho. Es muy buena. Es un animal que requiere bastante compañía.  Necesito una familia responsable que se haga cargo de ella, le dedique el tiempo que necesita y le de mucho cariño."
miwuki:sp3cbrfviy,67,Laika,hembra,150,senior,,mediano,17.0,Mestizo,mestizo,False,Valencia,"Valencia, España",José Antonio R.,disponible,False,True,True,True,True,miwuki,https://petshelter.miwuki.com/c/Sp3cbRFviY,https://img.miwuki.com/Tc5Pl0f4,2026-08-03T01:11:33Z,2026-08-03T01:11:33Z,"Beagle tricolor. Buena educación, buen carácter. Le gustan los peques. Le encanta la montaña."
miwuki:j1bpoubrvk,67,Lola,hembra,98,senior,,mediano,20.0,Mestizo,mestizo,False,Valencia,"Valencia, España",Dani B.,disponible,False,True,True,True,True,miwuki,https://petshelter.miwuki.com/c/J1bPOuBrVk,https://img.miwuki.com/DU8qy0s2,2026-08-03T01:11:33Z,2026-08-03T01:11:33Z,"Lola es una Malinoise preciosa de unos 5 años, es una perra buenísima con personas y perros. Urge adopción"
miwuki:kx0s7sb9yf,67,Manuel Lopez Brey,hembra,120,senior,,mediano,21.0,Mestizo,mestizo,False,Valencia,"Valencia, España",Manuel L.,disponible,False,True,True,True,True,miwuki,https://petshelter.miwuki.com/c/kx0S7SB9Yf,https://img.miwuki.com/Oj3jv4a4,2026-08-03T01:11:33Z,2026-08-03T01:11:33Z,"Urge adopción por no poder atenderla como se debe. Perra mestiza de labrador negra, tamaño medio, esterilizada. Muy buena y cariñosa"
miwuki:bpbsteyxh1,67,Montse,hembra,160,senior,,mediano,15.0,Mestizo,mestizo,False,Valencia,"Valencia, España",Asociación Cuenta Conmigo,disponible,False,True,True,,True,miwuki,https://petshelter.miwuki.com/c/BPBSTeyXh1,https://img.miwuki.com/MX8Xd4H4,2026-08-03T01:11:33Z,2026-08-03T01:11:33Z,"Montse, una preciosa hembra nacida en marzo del 2013, es de tamaño mediano ( 15 kilos aprox. ) y está esterilizada. Montse estaba en medio de un campo de naranjos en pleno verano.. la cogió la policía para llevarla a la perrera. La pobre tenía las tetas muy hinchadas.. había tenido cachorros hacía poco, pero ni rastro de los bebés. No pudimos dejar que la llevaran a la perrera y la llevamos a residencia. Lleva varios años en residencia y nadie ha preguntado por ella, con lo bonita que es, simpát"
miwuki:aii9mi1bk4,67,Nala,hembra,105,senior,,mediano,26.0,Mestizo,mestizo,False,Murcia,"Murcia, España",Raquel G.,disponible,False,True,True,True,True,miwuki,https://petshelter.miwuki.com/c/aII9mi1Bk4,https://img.miwuki.com/B6D82jS1,2026-08-03T01:11:33Z,2026-08-03T01:11:33Z,Encontrado en un contenedor con un mes
miwuki:iplunfcxek,67,Nit,hembra,88,adulto,,mediano,20.0,Mestizo,mestizo,False,Valencia,"Valencia, España",David V.,disponible,False,True,True,True,True,miwuki,https://petshelter.miwuki.com/c/iPLuNfCxek,https://img.miwuki.com/Ar9aI4u8,2026-08-03T01:11:33Z,2026-08-03T01:11:33Z,"Perra rescatada de protectora, buena y sociable. Por culpa de una mudanza me veo obligado a buscarle una nueva familia que la ame y la cuide."
kerubi:p1441-agatha,67,P1441 – Agatha,hembra,102,senior,2018-02-01,mediano,,Podenco,raza,False,Castellón,Castellón,Huellas Callejeras,disponible,False,,,,,kerubi,https://kerubi.es/animales/perros-en-adopcion/p1441-agatha/,https://kerubi.es/wp-content/uploads/2022/08/282488807_125793790078762_3870844599183809924_n.jpg,2026-08-03T01:11:33Z,2026-08-03T01:11:33Z,
anaa:anaaweb-org-perla,67,Perla,hembra,35,joven,2023-09-23,mediano,53.5,Mestizo,mestizo,False,Madrid,*,ANAA — Asociación Nacional Amigos de los Animales,disponible,False,,True,,,anaa,https://www.anaaweb.org/animales/43265,https://www.anaaweb.org/animals/image/43265?field=image_1920,2026-08-03T01:11:33Z,2026-08-03T01:15:20Z,"Anterior Siguiente 1 / 6 Adóptame Apadríname Comparte a PERLA PERLA Información Básica Especie Perro Raza Mestizo Sexo Hembra Tamaño Mediano Peso 53.5 kg Pelo Corto Color Marrón / Blanco Fecha de nacimiento 23/09/2023 Esterilizado Sí Carácter y Compatibilidad Carácter: Cachorra con cuerpo de adulta Bueno con gatos Sobre mí Perla llegó a ANAA muy bloqueada, ni siquiera quería caminar. Pasado un tiempo de adaptación, hemos descubierto en ella a una perra graciosísima. No solo apoyará su cuerpo en "
miwuki:5ortzmduun,67,Queen,hembra,120,senior,,pequeno,5.0,Mestizo,mestizo,False,Murcia,"Murcia, España",Alberto C.,disponible,False,True,True,True,True,miwuki,https://petshelter.miwuki.com/c/5OrtzMdUun,https://img.miwuki.com/fF5jo6c7,2026-08-03T01:11:33Z,2026-08-03T01:11:33Z,Perrita de seis años muy cariñosa y juguetona. Se comporta muy bien con los niños. Hace sus necesidades en la calle.
miwuki:kesrkk2eao,67,Rufy,hembra,137,senior,,mediano,23.0,Mestizo,mestizo,False,Murcia,"Murcia, España",Rescate Amigos Peludos,disponible,False,True,True,True,True,miwuki,https://petshelter.miwuki.com/c/KeSrkK2EAo,https://img.miwuki.com/lM6MG3k5,2026-08-03T01:11:33Z,2026-08-03T01:11:33Z,"Estaba encerrada en una jaula en una casa como de alarma. No recibía ninguna caricia solo gritos por lo que teme a las personas ,es muy tímida ,necesita tiempo pero es adorable y cariñosa."
miwuki:ganpqmso3l,67,Shiva,hembra,105,senior,,mediano,30.0,Mestizo,mestizo,False,Valencia,"Valencia, España",El Refugio De Maria,disponible,False,True,True,True,True,miwuki,https://petshelter.miwuki.com/c/ganpQmSO3L,https://img.miwuki.com/Xw5Pl3I8,2026-08-03T01:11:33Z,2026-08-03T01:11:33Z,"🥰GORDITA ADORABLE EN ADOPCIÓN 🥰 Shiva es una perrita que sobrevivio a la Dana... sus propietarios perdieron todo y la cedieron a Sos Peludetes. Es un auténtico amor de perrita, auper cariñosa y buenísima. En casa ni te enteras que está, es muy tranquila y pachona. Se merece una oportunidad y tener una familia y un hogar para siempre. Tiene 5 años y medio, está sana desparasitada, vacunada, chipada y esterilizada. Quién la adopte solo tendrá que pagar el cambio de propietario en el chip. Tamaño m"
apadac:sopita,67,Sopa,hembra,24,joven,,grande,,Mastin,raza,False,Alicante,Callosa de Segura,APADAC Callosa de Segura,disponible,False,,,,,apadac,https://protectora-apadac.org/adopta/sopita,https://protectora-apadac.org/_next/image?url=%2Fapi%2Fmedia%2Ffile%2FSopa2-1.jpg&w=3840&q=75,2026-08-03T10:39:22Z,2026-08-03T10:39:22Z,"Adopción responsable Cambia la vida de Sopa: un amor gigante listo para ser adoptado. 💛 Convivencia Cuidados Historia 🐾 Sopa , una gigantona divertida que siempre consigue sacarte una sonrisa."
miwuki:duondz4r3v,67,Tarya,hembra,93,adulto,,mediano,23.0,Mestizo,mestizo,False,Valencia,"Valencia, España",Miguel D.,disponible,False,True,True,True,True,miwuki,https://petshelter.miwuki.com/c/duonDZ4R3V,https://img.miwuki.com/nm1wr1F3,2026-08-03T01:11:33Z,2026-08-03T01:11:33Z,"Tarya fue adoptada muy pequeña de una camada de cachorros. Es una perra muy tímida, probablemente debido a la temprana separación de su madre cuando era cachorro, sin embargo no es una perra nada agresiva y una vez se gane tu confianza querrá siempre tus caricias :)"
miwuki:vnpf15jpkc,67,Valkiria,hembra,26,joven,,grande,25.0,Mestizo,mestizo,False,Alicante,"Alicante, España",Drac4Paws,disponible,False,True,True,True,True,miwuki,https://petshelter.miwuki.com/c/vnpf15jpkc,https://img.miwuki.com/SH9sS4q0,2026-08-03T01:11:33Z,2026-08-03T01:11:33Z,"Me llamo VALKIRIA y tengo 8 meses. Soy muy buena y muy juguetona.  Mi primera familia no me ha tratado bien, y por eso buena gente me han sacado.  Ahora estoy buscando una persona que me trata mejor🙏🥰!! Estoy pensando en muchos mimos, paseos largos, mucha actividad para que no me aburra 😉, y mucho de tu amor ♥️. Si tienes otros perros o un gato, los accepto sin problema😍. Si puedes ayudarnos con los gastos para mi #esterilización seria de gran #Ayuda para mis cuidadores del #refugio 🙏 BIZUM"
miwuki:nqlgbd4ids,67,Verdi,hembra,150,senior,,mediano,20.0,Mestizo,mestizo,False,Valencia,"Valencia, España",Adopta Salva una Vida,disponible,False,True,True,True,True,miwuki,https://petshelter.miwuki.com/c/nQLGBD4IDS,https://img.miwuki.com/Bv8Om3b4,2026-08-03T01:11:33Z,2026-08-03T01:11:33Z,"ADOPCIÓN SIN COSTES.   ESTADO ACTUAL: En residencia de pago.  DESCRIPCIÓN: Hace ya 5 años que se rescató a Verdi con unos 7 meses en un campo de golf, junto a su madre y tres hermanos cachorros. Todos encontraron un hogar, pero Verdi sigue con nosotros, siempre cambiando de residencias y siempre en una jaula. Pasan los años y este ser adorable no encuentra una oportunidad. ¿Cómo es Verdi? Es la criatura más mansa y sumisa que hemos conocido, pero con mucho miedo y desconfianza a los humano"
miwuki:jqdugtqc8p,67,Zafiro,hembra,113,senior,,mediano,,Mestizo,mestizo,False,Valencia,"Valencia, España",PETJADES TROBADES,disponible,False,True,True,True,True,miwuki,https://petshelter.miwuki.com/c/JQdUGTQC8P,https://img.miwuki.com/xG9Mm7Q6,2026-08-03T01:11:33Z,2026-08-03T01:11:33Z,"Zafiro llegó a Petjades en el estado en el que veis en la última foto. Era lamentable. Con las orejas cortadas ya y las mamas hasta el suelo casi. Se la dejaron a una chica en la puerta de su casa. Estaba famélica y solo quería estar tranquila. Le hicimos analítica pensando que tendría alguna enfermedad 🦟 pero no, está estupenda. Y ahora ya recuperada busca una ADOPCIÓN ☀️🏡  Es una perrita súper sociable con las personas, desde el minuto uno ya confió en nosotras. Le gusta mucho la gente y que"
miwuki:5bf8vozo32,66,Adele,hembra,78,adulto,,pequeno,,Mestizo,mestizo,False,Valencia,"Valencia, España",Spax Protectora De Animales De Xàtiva,disponible,False,,True,True,True,miwuki,https://petshelter.miwuki.com/c/5bf8vozO32,https://img.miwuki.com/ty5gr8P4,2026-08-03T01:11:33Z,2026-08-03T01:11:33Z,"Adele era la compañera de Rober. Los cogimos a los dos casi a la vez. Los primeros días estuvo acurrucada temblando en su jaula, pero ahora ya sale al patio con todos los demás y con el voluntario que está con ella a diario es muy sociable y cariñosa. Con la gente que no conoce sigue algo miedosa, pero solo es cuestión de paciencia. Rober no se separa de ella, la protege mucho. Adele se entrega con chip, pasaporte europeo, vacuna antirrábica, esterilizada y con contrato de adopción."
miwuki:v9mjwx32go,66,Akane,hembra,83,adulto,,mediano,,Mestizo,mestizo,False,Castellón,"Castellón, España",Huellas Callejeras,disponible,False,,True,True,True,miwuki,https://petshelter.miwuki.com/c/V9MJwx32GO,https://img.miwuki.com/EY4vL0k9,2026-08-03T01:11:33Z,2026-08-03T01:11:33Z,"Akane es una encantadora perrita que llegó a nuestras vidas en agosto de 2025. Nació el 8 de agosto de 2019 y, antes de ser rescatada, vagaba sin rumbo por una urbanización, buscando seguridad y cariño. Varios vecinos la vieron durante días y, al darse cuenta de que necesitaba ayuda, nos avisaron para que pudiéramos recogerla.  Desde entonces, Akane ha demostrado ser una perra noble y cariñosa que pesa menos de 12 kilos. Actualmente está en una casa de acogida, donde ha comenzado a adaptarse a"
miwuki:uzfiytbzaf,66,Alva,hembra,48,adulto,,mediano,13.0,Mestizo,mestizo,False,Valencia,"Valencia, España",Spax Protectora De Animales De Xàtiva,disponible,False,,True,True,True,miwuki,https://petshelter.miwuki.com/c/UZFIytBZAf,https://img.miwuki.com/RI9Yu4x4,2026-08-03T01:11:33Z,2026-08-03T01:11:33Z,"Yemen, Argel, Alva y Omán son cuatro hermanitos que acabamos de rescatar de la zona de Bixquert. Pertenecen a una gran manada que tratamos de rescatar desde hace ya 3 años. Sus padres son muy listos y escurridizos y, a pesar de todos nuestros intentos, no conseguimos rescatarles con la jaula trampa. Por suerte, esta camada la hemos podido rescatar pronto y todavía están a tiempo de socializarlos y que no se conviertan en perros huidizos y asustados como sus padres y otras camadas que hemos resca"
miwuki:twr66mswbe,66,Anna,hembra,63,adulto,,mediano,15.0,Mestizo,mestizo,False,Valencia,"Valencia, España",Spax Protectora De Animales De Xàtiva,disponible,False,,True,True,True,miwuki,https://petshelter.miwuki.com/c/TwR66mswbE,https://img.miwuki.com/fQ0ix5s8,2026-08-03T01:11:33Z,2026-08-03T01:11:33Z,"Esta preciosidad se llama Anna. Es una podenca andaluza de tamaño pequeño/mediano (por la rodilla). Aunque al principio se muestra asustada, después cuando coge confianza es una perrita buena y cariñosa. Solo necesita tiempo para volver a confiar en el ser humano y una familia paciente que le ayude a superar sus traumas. Se entrega con microchip, pasaporte europeo, vacuna antirrábica, vacunas y desparasitaciones que lleve hasta el momento y esterilizado. Si quieres adoptarlo, escribe un correo a"
miwuki:nxlr8bsjzr,66,Bali,hembra,60,adulto,,mediano,20.0,Mestizo,mestizo,False,Murcia,"Murcia, España",Cuatro Patas Jumilla,disponible,False,,True,True,,miwuki,https://petshelter.miwuki.com/c/nxlR8BsJZr,https://img.miwuki.com/yC9rf1B8,2026-08-03T01:11:33Z,2026-08-03T01:11:33Z,"Comportamiento con perros: Bien, convive con varios// Niños: Creemos que bien, pero no comprobado// Gatos: No comprobado// Carácter: Miedosa y tímida al principio, sobre todo con hombres altos, pero bien en cuanto tiene más seguridad y conoce a las personas. Es muy tranquila y sociable.// Paseo con correa: Sí// Historia: Abandonada enferma con una gran infección en la piel de la que ya está recuperada.//"
miwuki:ygz0ccj2s9,66,Betty,hembra,52,adulto,,mediano,20.0,Mestizo,mestizo,False,Murcia,"Murcia, España",Centro Municipal De Control De Zoonosis Murcia - Ceproamur,disponible,False,,True,True,True,miwuki,https://petshelter.miwuki.com/c/Ygz0CCJ2s9,https://img.miwuki.com/vx0Ow4Z3,2026-08-03T01:11:33Z,2026-08-03T01:11:33Z,"Betty es una perra joven y buena, con las personas es muy cariñosa aunque un poco tímida, le gusta estar con otros animales. Está buscando una familia que le de mucho cariño."
kerubi:blue-2,66,Blue,macho,1,cachorro,2026-07-05,mediano,,Podenco,raza,False,Valencia,Valencia,Salvando patitas,disponible,False,,,,,kerubi,https://kerubi.es/animales/perros-en-adopcion/blue-2/,https://kerubi.es/wp-content/uploads/2026/07/FB_IMG_1783195300607.jpg,2026-08-03T01:11:33Z,2026-08-03T01:11:33Z,"💙 ¡Tenemos avances de Blue! 💙 Nuestro precioso podenco ha empezado a disfrutar de los paseos gracias a la paciencia, el cariño y el esfuerzo de nuestros voluntarios☺️ Todavía hay cosas que le asustan. A veces se muestra inseguro y necesita tiempo para comprender que ya no tiene nada que temer. Pero, como solemos decir, las cosas de palacio van despacio, y cada paso que da es un logro enorme para un perro que ha sufrido tanto. Detrás de su mirada hay una historia de dolor, de abandono y de maltra"
miwuki:6rffs86jp1,66,Canela,hembra,48,adulto,,mediano,,Mestizo,mestizo,False,Murcia,"Murcia, España","Esprineco, S.l.",disponible,False,,,True,True,miwuki,https://petshelter.miwuki.com/c/6rfFS86Jp1,https://img.miwuki.com/ZB4Xs7m3,2026-08-03T01:11:33Z,2026-08-03T01:11:33Z,"Es nervioso, sociable con perros y personas. Edad aproximada 4 años."
miwuki:wyw1ufsnls,66,Dina,hembra,52,adulto,,mediano,,Mestizo,mestizo,False,Murcia,"Murcia, España","Esprineco, S.l.",disponible,False,,,True,True,miwuki,https://petshelter.miwuki.com/c/wYW1UFsnlS,https://img.miwuki.com/FT4Jp9w1,2026-08-03T01:11:33Z,2026-08-03T01:11:33Z,"Es tranquilo, sociable con perros y personas. Edad aproximada 4 años y medio."
miwuki:duinc7bonv,66,Elia,hembra,60,adulto,,mediano,,Mestizo,mestizo,False,Valencia,"Valencia, España",Adaana,disponible,False,,True,True,True,miwuki,https://petshelter.miwuki.com/c/DuINC7bonv,https://img.miwuki.com/kS3DU8q2,2026-08-03T01:11:33Z,2026-08-03T01:11:33Z,
miwuki:btkyx4iyns,66,Emma,hembra,67,adulto,,pequeno,10.0,Mestizo,mestizo,False,Valencia,"Valencia, España",Spax Protectora De Animales De Xàtiva,disponible,False,,True,True,True,miwuki,https://petshelter.miwuki.com/c/bTKyX4iynS,https://img.miwuki.com/KD6Jr0Q5,2026-08-03T01:11:33Z,2026-08-03T01:11:33Z,"Emma fue recogida por una de nuestras voluntarias en una estación de servicio en un pueblo cercano a Xàtiva. Al principio le costó ganarse su confianza, pero al poco tiempo por fin se dejó acercar y coger. Es una perrita desconfiada al principio, pero poco a poco se acerca a la gente y se deja acariciar. No sabemos lo que habrá vivido en un pasado, pero necesita una familia con tiempo, tranquila y que quiera darle seguridad y trabajar con ella para ganar confianza con mucho cariño. Se entrega co"
miwuki:hffhuxry9n,66,Estrella,hembra,72,adulto,,mediano,,Mestizo,mestizo,False,Castellón,"Castellón, España",Huellas Callejeras,disponible,False,,True,True,True,miwuki,https://petshelter.miwuki.com/c/hffhUxRY9N,https://img.miwuki.com/Np8Ta4c7,2026-08-03T01:11:33Z,2026-08-03T01:11:33Z,"Estrella es una encantadora perrita mestiza que pesa 13,5 kilos y nació el 6 de junio de 2020. Desde marzo de 2025, ha estado bajo nuestro cuidado y ahora estamos buscando una casa definitiva para ella.  Actualmente, Estrella está en una casa de acogida, donde se ha adaptado muy bien a la vida en la ciudad. Está acostumbrándose a los coches y a convivir con familia en la ciudad. Es una perra cariñosa que se lleva bien con otros perros y sabe pasear con correa, lo que la convierte en una compañ"
miwuki:uhguqotg06,66,Fanny,hembra,50,adulto,,mediano,20.0,Mestizo,mestizo,False,Murcia,"Murcia, España",Centro Municipal De Control De Zoonosis Murcia - Ceproamur,disponible,False,,True,True,True,miwuki,https://petshelter.miwuki.com/c/UHguqOtG06,https://img.miwuki.com/ww9Rp1h6,2026-08-03T01:11:33Z,2026-08-03T01:11:33Z,"Fanny es una perra simpática, alegre y juguetona. La pobre llegó con cicatrices en el cuello de tanto tiempo que había sido atada. Aún así, sigue siendo dulce y amable con las personas, cariñosa a mas no poder."
miwuki:l6l5qrjba9,66,Flossie,hembra,84,adulto,,mediano,,Mestizo,mestizo,False,Murcia,"Murcia, España","Esprineco, S.l.",disponible,False,,,True,True,miwuki,https://petshelter.miwuki.com/c/L6L5QrjBA9,https://img.miwuki.com/Dp0yc3B0,2026-08-03T01:11:33Z,2026-08-03T01:11:33Z,"Es tranquilo, sociable con perros y personas. Edad aproximada 6 años."
miwuki:f4qntgwkef,66,Ghana,hembra,45,adulto,,pequeno,7.0,Mestizo,mestizo,False,Valencia,"Valencia, España",Spax Protectora De Animales De Xàtiva,disponible,False,,True,True,True,miwuki,https://petshelter.miwuki.com/c/F4QnTgwKEf,https://img.miwuki.com/ia6Zu7Z0,2026-08-03T01:11:33Z,2026-08-03T01:11:33Z,"Argel, Asmara, Libia, Nigeria, Ghana, Praia, Rabat y Tánger son cinco hermanitos que acabamos de rescatar de la zona de Bixquert. Pertenecen a una gran manada que tratamos de rescatar desde hace ya 3 años. Sus padres son muy listos y escurridizos y, a pesar de todos nuestros intentos, no conseguimos rescatarles con la jaula trampa. Por suerte, esta camada la hemos podido rescatar pronto y todavía están a tiempo de socializarlos y que no se conviertan en perros huidizos y asustados como sus padre"
apadac:kiarita,66,Kiara,hembra,24,joven,,grande,,Mezcla de Pastor Aleman,mezcla,False,Alicante,Callosa de Segura,APADAC Callosa de Segura,disponible,False,,,,,apadac,https://protectora-apadac.org/adopta/kiarita,https://protectora-apadac.org/_next/image?url=%2Fapi%2Fmedia%2Ffile%2FWhatsApp%2520Image%25202026-07-30%2520at%252023.41.44.jpg&w=3840&q=75,2026-08-03T10:39:22Z,2026-08-03T10:39:22Z,"Adopción responsable Ella es Kiara: un bellezón de mirada noble listo para ser tu compañera de aventuras. 💛 Historia 🐾 Kiara , una perra tan especial que se gana el corazón de todo el que la conoce. Si buscas una compañera inteligente, sociable y con la que compartir mil aventuras, Kiara está deseando conocerte. 💛 Es una perra súper sociable y equilibrada, tanto que en nuestra protectora de animales de Callosa de Segura es la encargada de ayudarnos a realizar las pruebas con otros perros. Su int"
miwuki:f95q3ngepi,66,Lily,hembra,43,adulto,,mediano,,Mestizo,mestizo,False,Murcia,"Murcia, España","Esprineco, S.l.",disponible,False,,,True,,miwuki,https://petshelter.miwuki.com/c/f95q3NgepI,https://img.miwuki.com/hj4bu5N0,2026-08-03T01:11:33Z,2026-08-03T01:11:33Z,"Es nervioso, sociable con personas.  Edad aproximada 2 años y medio."
miwuki:i90e2zf84e,66,Lois,hembra,60,adulto,,mediano,15.0,Mestizo,mestizo,False,Valencia,"Valencia, España",Spax Protectora De Animales De Xàtiva,disponible,False,,True,True,True,miwuki,https://petshelter.miwuki.com/c/i90e2ZF84E,https://img.miwuki.com/hi0oM7K5,2026-08-03T01:11:33Z,2026-08-03T01:11:33Z,"Lois vagaba por un polígono de Xàtiva y se resguardaba en una nave junto a otro perrito. Una voluntaria lo vió un sábado por la carretera pero no pudo cogerle. Pero al día siguiente una persona nos informó que se refugiaba en la nave y no dudamos en ir enseguida con la jaula trampa. Entró enseguida, pues parece que llevaba varios días por la zona perdido y el hambre hizo que fuese todo muy rápido. En el refigio Lois está un poco asustado. Aun no tolera nuestra presencia cerca de él pero si va av"
miwuki:jczpew80jw,66,Lotta,hembra,77,adulto,,mediano,20.0,Mestizo,mestizo,False,Valencia,"Valencia, España",PETJADES TROBADES,disponible,False,,True,True,True,miwuki,https://petshelter.miwuki.com/c/jCzPew80Jw,https://img.miwuki.com/ZJ4dy1I4,2026-08-03T01:11:33Z,2026-08-03T01:11:33Z,"Lotta llego hace poco a la protectora, no sabemos su pasado pero si que sabemos que llego un poco miedosa pero en cuanto vio que solo queríamos cuidar de ella se mostró tal y como es, juguetona, activa, buena zalamera y cariñosa. Ahora busca un hogar que le enseñe lo que es tener una familia"
miwuki:5jmexjmuzs,66,Luly,hembra,66,adulto,,pequeno,,Mestizo,mestizo,False,Murcia,"Murcia, España",Norka T.,disponible,False,,,True,True,miwuki,https://petshelter.miwuki.com/c/5JMExjMuzS,https://img.miwuki.com/Xc9OB8I6,2026-08-03T01:11:33Z,2026-08-03T01:11:33Z,"Luly nació de una perrita que tuvimos y que ya no está con nosotros. Es una perrita muy cariñosa, juguetona y con mucha energía. Por cambios en nuestra situación (trabajo y estudios fuera), buscamos para ella una familia responsable que la quiera para siempre"
miwuki:4dbzor5xhq,66,Menta Y Sus Cachorros,hembra,79,adulto,,mediano,,Mestizo,mestizo,False,Castellón,"Castellón, España",Huellas Callejeras,disponible,False,,True,True,True,miwuki,https://petshelter.miwuki.com/c/4dBzOR5xhq,https://img.miwuki.com/Wx7WV8t1,2026-08-03T01:11:33Z,2026-08-03T01:11:33Z,"La Historia de Menta y sus Cuatro Tesoros  Menta, una perrita amorosa y valiente, se convirtió en madre de cuatro cachorras preciosas en una camada involuntaria. Su responsable, al ver la situación, decidió tomar la decisión de ceder a Menta y a sus cuatro bebés a nuestro cuidado, para darles la oportunidad de encontrar un hogar lleno de amor y cariño.  Menta es una perrita cariñosa, que se desvivía por cuidar a sus cachorras y hacerles sentir seguras. Las cuatro cachorras, Pipa, Leni, Tani "
miwuki:rh8ljtvvqc,66,Milka,hembra,80,adulto,,mediano,16.0,Mestizo,mestizo,False,Castellón,"Castellón, España",Simon S.,disponible,False,,,,,miwuki,https://petshelter.miwuki.com/c/rh8lJtvVQC,https://img.miwuki.com/vo6IF9w0,2026-08-03T01:11:33Z,2026-08-03T01:11:33Z,"Se busca adopción para esta perrita, tiene unos 3 años , y es de tamaño mediano. Encontrada en la calle. Es muy buena, muy cariñosa, y muy tranquila. ( No es de caza ). En casa es muy tranquila"
kerubi:minerva-2,66,Minerva,hembra,75,adulto,2020-05-07,mediano,,Mestizo,mestizo,False,Valencia,Valencia,Salvando patitas,disponible,False,,True,True,,kerubi,https://kerubi.es/animales/perros-en-adopcion/minerva-2/,https://kerubi.es/wp-content/uploads/2026/05/FB_IMG_1778528895653.jpg,2026-08-03T01:11:33Z,2026-08-03T01:11:33Z,"EN ADOPCIÓN Esta perrita tan simpatica es Minerva. Es una perra cariñosa y agradecida. Tiene 6 años y pesa sobre 20 kg es medianita, su propietario era un hombre mayor que fue llevado a residencia y Minerva lo perdió todo y se quedo sola… Es una perra maravillosa, buena con personas niños y con otros perros. No apta con gatos. Es buena en casa y pasear bien con correa. Esta Sana, vacunada, desparasitada y esterilizada. Se encuentra en Sueca, Valencia 617198153 Solo Whatsapp."
miwuki:pomu8cxcje,66,Nala,hembra,54,adulto,,mediano,,Mestizo,mestizo,False,Murcia,"Murcia, España","Esprineco, S.l.",disponible,False,,,True,True,miwuki,https://petshelter.miwuki.com/c/POMU8CXcJe,https://img.miwuki.com/Tw9xc9e3,2026-08-03T01:11:33Z,2026-08-03T01:11:33Z,"ES UNA HEMBRA MUY BUEN , DÓCIL Y CARIÑOSA."
miwuki:ypfuggddvb,66,Nata,hembra,54,adulto,,pequeno,,Mestizo,mestizo,False,Murcia,"Murcia, España","Esprineco, S.l.",disponible,False,,,True,True,miwuki,https://petshelter.miwuki.com/c/YpfuGGDDVB,https://img.miwuki.com/Wa8fu8Z2,2026-08-03T01:11:33Z,2026-08-03T01:11:33Z,"Es agresivo con perros y personas.  Edad aproximada 4 años."
miwuki:touelj9qdm,66,Nomi,hembra,69,adulto,,pequeno,8.0,Mestizo,mestizo,False,Valencia,"Valencia, España",Ribercan,disponible,False,,True,True,True,miwuki,https://petshelter.miwuki.com/c/ToueLJ9qdm,https://img.miwuki.com/gQ5Le9h0,2026-08-03T01:11:33Z,2026-08-03T01:11:33Z,"Nomi es una preciosa podenquita de tamaño pequeño/medianito (8,5Kg aprox). Fue rescatada junto con sus hermanitos Anubis y Keops. Estaban solos por unos campos intentando sobrevivir.  Los 3 son algo tímidos con las personas pero sociables con otros perros, les encanta jugar con todos, sobretodo con el grandullón de Pancho!  Necesita una familia y un hogar donde se sienta segura y le enseñen a confiar. Es muy jovencita y tiene toda una vida por delante para aprender a disfrutarla."
kerubi:perrita-busca-familia-de-adopcion,66,perrita busca familia de adopción,hembra,38,adulto,2023-06-17,mediano,,Mestizo,mestizo,False,Valencia,Valencia,Help Dog Valencia,disponible,False,,True,,,kerubi,https://kerubi.es/animales/perros-en-adopcion/perrita-busca-familia-de-adopcion/,https://kerubi.es/wp-content/uploads/2026/06/ddbabc0a-e4d6-4dff-9c2a-745d253fbb11.jpeg,2026-08-03T01:11:33Z,2026-08-03T01:11:33Z,"𝗕𝗨𝗦𝗖𝗔 𝗙𝗔𝗠𝗜𝗟𝗜𝗔 𝗗𝗘 𝗔𝗗𝗢𝗣𝗖𝗜𝗢́𝗡 Este es uno de los casos que te parten el alma y el 💔. Tiene 6 años y ha sido siempre una perrita muy querida y amada por su dueña, desgraciadamente su dueña ha fallecido y se ha quedado solita. El destino en ocasiones es cruel y no se entiende porque personas buenas se marchan antes de tiempo. Su dueña la adoraba, decía que era una perrita muy buena, noble y tranquila. Buscamos una maravillosa familia para ella, que entienda por lo que está pasando la perrita, que le "
miwuki:9jqvfdrhxv,66,Pinta,hembra,53,adulto,,mediano,18.3,Mestizo,mestizo,False,Murcia,"Murcia, España",Centro Municipal De Control De Zoonosis Murcia - Ceproamur,disponible,False,,True,True,True,miwuki,https://petshelter.miwuki.com/c/9JqVFDRhxv,https://img.miwuki.com/Dk7Hb9B7,2026-08-03T01:11:33Z,2026-08-03T01:11:33Z,"Pinta es una perra amigable, siempre alerta, buena, y simpática. Le gusta estar con personas y otros perros."
miwuki:jli49g4kce,66,Rizzo,hembra,39,adulto,,mediano,,Mestizo,mestizo,False,Murcia,"Murcia, España","Esprineco, S.l.",disponible,False,,,True,True,miwuki,https://petshelter.miwuki.com/c/JLI49g4kCE,https://img.miwuki.com/WO8de1d4,2026-08-03T01:11:33Z,2026-08-03T01:11:33Z,"Es tranquilo, sociable con perros y personas. Edad aproximada 2 años."
kerubi:roma-2,66,Roma,hembra,65,adulto,2021-03-23,pequeno,,Mestizo,mestizo,False,Murcia,Murcia,GATOS ABANDONA2,disponible,False,,,,,kerubi,https://kerubi.es/animales/perros-en-adopcion/roma-2/,https://kerubi.es/wp-content/uploads/2024/04/9c84972c-3f2f-40b1-9456-98ac27db05b9.jpeg,2026-08-03T01:11:33Z,2026-08-03T01:11:33Z,
kerubi:rubia,66,Rubia,hembra,52,adulto,2022-04-15,mediano,,Mestizo,mestizo,False,Murcia,Murcia,ASOC. PROTECCIÓN ANIMAL DE MAZARRON (APROAMA),disponible,False,,,,,kerubi,https://kerubi.es/animales/perros-en-adopcion/rubia/,https://kerubi.es/wp-content/uploads/2025/04/IMG_7806.jpeg,2026-08-03T01:11:33Z,2026-08-03T01:11:33Z,🐶🐶 RUBIA EN ADOPCIÓN 🏡 ➡️ Hembra ➡️ Raza mestiza ➡️ Tamaño mediano: pesa entre 15 y 18 kilos ➡️ tranquila y cariñosa ➡️ Apta con otros perros Te has enamorado de esta belleza? 📞📱 642899947 📩 [email protected]
miwuki:0h8ju2eq5i,66,Sery,hembra,52,adulto,,mediano,,Mestizo,mestizo,False,Murcia,"Murcia, España","Esprineco, S.l.",disponible,False,,,True,True,miwuki,https://petshelter.miwuki.com/c/0H8Ju2eq5I,https://img.miwuki.com/GF8Mq7d6,2026-08-03T01:11:33Z,2026-08-03T01:11:33Z,ES MUY BUENA Y CARIÑOSA. SE COMPORTA MUY BIEN CON LOS DEMÁS ANIMALES Y PERSONAS. PESA APROXIMADAMENTE UNOS 20KG
miwuki:qkalo7rfst,66,Thais,hembra,56,adulto,,mediano,,Mestizo,mestizo,False,Castellón,"Castellón, España",Refugio Alcolea,disponible,False,,,,,miwuki,https://petshelter.miwuki.com/c/qkalO7rfsT,https://img.miwuki.com/Cf4Kp4C5,2026-08-03T01:11:33Z,2026-08-03T01:11:33Z,
miwuki:dylmgmxc4j,66,Trini,hembra,51,adulto,,mediano,,Mestizo,mestizo,False,Castellón,"Castellón, España",Huellas Callejeras,disponible,False,,True,True,True,miwuki,https://petshelter.miwuki.com/c/DylMgMXc4j,https://img.miwuki.com/Bb9ng7I7,2026-08-03T01:11:33Z,2026-08-03T01:11:33Z,"Trini, una hermosa mestiza blanca que ha recorrido un camino lleno de desafíos. Nació el 1 de mayo de 2022 y llegó a nuestro refugio el 8 de noviembre de 2024, gracias a la bondad de un voluntario que la encontró en un camino, a las afueras de Castellón desnutrida y con evidentes signos de abandono. Desde ese día, su vida ha comenzado a cambiar.  Trini no es solo una perrita; es un espíritu fuerte y resiliente que nos enseña lecciones de amor y confianza. Con un peso aproximado de 16 kg, su ta"
miwuki:simoth9krq,66,Tulia,hembra,47,adulto,,mediano,20.0,Mestizo,mestizo,False,Castellón,"Castellón, España",Huellas Callejeras,disponible,False,,True,True,True,miwuki,https://petshelter.miwuki.com/c/SIMoTH9KrQ,https://img.miwuki.com/Tg6jK0x5,2026-08-03T01:11:33Z,2026-08-03T01:11:33Z,"Tulia es una perrita mestiza de 20 kg, nacida en 2022 y acogida por Huellas Callejeras en 2025. Cariñosa, de energía media y muy sociable, se deja mimar y conecta rápido con nuevas personas. Llegó con otra perrita que ya fue adoptada y ahora extraña su compañía. Se lleva muy bien con otros perros y busca una familia, idealmente con otro peludo, para dar y recibir amor."
kerubi:woodie,66,Woodie,macho,3,cachorro,2026-05-11,mediano,,Labrador Retriever,raza,False,Valencia,Valencia,Salvando patitas,disponible,False,,True,,,kerubi,https://kerubi.es/animales/perros-en-adopcion/woodie/,https://kerubi.es/wp-content/uploads/2026/05/FB_IMG_1778437499677.jpg,2026-08-03T01:11:33Z,2026-08-03T01:11:33Z,"🙏🏻NECESITA ACOGIDA O ADOPCION🙏🏻 Este labrador tan guapetón es Woodie. Tiene 3 añitos y pesa 22 kg. Fue rescatado de la calle y ha dado positivo a Leishmania, pero sin afectar a organos y el nivel al minimo, asique solo toma alopurinol ahora mismo y hace vida normal. Es un perro cariñoso y simpático con todo el mundo muy familiar. Sociable con perros pero no apto con gatos. Mejor si es casa con jardin o a las afueras, pues nunca a estado en ciudad aunque pasea bien. Tiene chip vacunas y esta cast"
miwuki:crq4jzynis,64,Aiza,hembra,114,senior,,mediano,19.0,Mestizo,mestizo,False,Murcia,"Murcia, España",Centro Municipal De Control De Zoonosis Murcia - Ceproamur,disponible,False,,True,True,True,miwuki,https://petshelter.miwuki.com/c/cRq4jZYniS,https://img.miwuki.com/Wv5vI0y0,2026-08-03T01:11:33Z,2026-08-03T01:11:33Z,"Aiza es una perrita sociable, cariñosa y buena. Convive con otros perros, tanto machos como hembras."
anaa:anaaweb-org-antonia,64,Antonia,hembra,49,adulto,2022-07-07,mediano,35.5,Labrador,raza,False,Madrid,*,ANAA — Asociación Nacional Amigos de los Animales,disponible,False,,True,,,anaa,https://www.anaaweb.org/animales/42519,https://www.anaaweb.org/animals/image/42519?field=image_1920,2026-08-03T01:11:33Z,2026-08-03T01:15:20Z,Anterior Siguiente 1 / 18 Adóptame Apadríname Comparte a ANTONIA ANTONIA Información Básica Especie Perro Raza Labrador Sexo Hembra Tamaño Mediano Peso 35.5 kg Pelo Corto Color Marrón Fecha de nacimiento 07/07/2022 Esterilizado Sí Carácter y Compatibilidad Carácter: ¡Es estupenda! Sobre mí Antonia nos tiene a todos enamorados. Es guapísima y muy divertida y zalamera. Le encanta la compañía humana y siempre buscar estar con su amigo humano. Pasea fenomenal y está más que acostumbrada a arnés y co
kerubi:aria,64,Aria,hembra,86,adulto,2019-06-07,mediano,,Mestizo,mestizo,False,Valencia,Valencia,Salvando patitas,disponible,False,,,,,kerubi,https://kerubi.es/animales/perros-en-adopcion/aria/,https://kerubi.es/wp-content/uploads/2026/06/FB_IMG_1781646493345.jpg,2026-08-03T01:11:33Z,2026-08-03T01:11:33Z,"Es la más veterana del lugar , tiene 7 años de los cuales 3 esperando un hogar . Aria fue retirada porque no la cuidaban , es una perra muy noble , tranquila, comedora de premios empedernida y también es un poco independiente. Pesa unos 23 kg , está esterlizada y necesita ciertos cuidados para mantenerla bien . Ella es una enfermita crónica, no terminal . Necesita un par de analíticas anuales para llevar un control , alopurinol para su leishmania controlada , Eutirox para la t4 que la tiene un p"
miwuki:kyau9ww72y,64,Bra,hembra,111,senior,,mediano,15.0,Mestizo,mestizo,False,Valencia,"Valencia, España",Spax Protectora De Animales De Xàtiva,disponible,False,,True,True,True,miwuki,https://petshelter.miwuki.com/c/KYAu9ww72Y,https://img.miwuki.com/MT7eL1P6,2026-08-03T01:11:33Z,2026-08-03T01:11:33Z,"Bra apareció junto a sus hermanitos Trunks, Vegeta, Goku, Pan, Videl y Bulma a las puertas del refugio dentro de una caja de cartón con tan sólo un mes de vida. Estaban saliendo todavía los dientes y aunque empezaban a comer paté tuvimos que ayudar con biberón. Estaban hambrientos y llenitos de pulgas. Algunos de ellos han sido adoptados. Bra es muy juguetona y le encanta dar largos paseos con los voluntarios. Es muy mimosa y sólo quiere que atenciones. Si ve que la estás mirando, aunque sea des"
miwuki:rnemtrhlxa,64,Candela,hembra,95,adulto,,mediano,17.0,Mestizo,mestizo,False,Murcia,"Murcia, España",Cuatro Patas Jumilla,disponible,False,,True,True,True,miwuki,https://petshelter.miwuki.com/c/RNeMtRHLXa,https://img.miwuki.com/mG0gF6Y5,2026-08-03T01:11:33Z,2026-08-03T01:11:33Z,"Nombre: CANDELA  Raza: Mestiza  Capa: Marrón  Sexo: Hembra  Castrado: Sí  Fecha de nacimiento: 15/08/2018  Altura: 54 cm   Peso: 17 kilos   Comportamiento con perros: Ok   Comportamiento con gatos: ?  Comportamiento con niños: ?  Carácter: Candela se encuentra dentro del grupo que conocemos como ""perros con miedo"", aunque en su caso, es capaz de salir a pasear con arnés y correa. En estos momentos, una educadora canina está trabajando con ella para vencer sus miedos y lo id"
anaa:anaaweb-org-caslista-zaorejas,64,Caslista Zaorejas,hembra,47,adulto,2022-09-05,mediano,,Podenco,raza,False,Madrid,*,ANAA — Asociación Nacional Amigos de los Animales,disponible,False,,True,,,anaa,https://www.anaaweb.org/animales/38172,https://www.anaaweb.org/animals/image/38172?field=image_1920,2026-08-03T01:11:33Z,2026-08-03T01:15:20Z,"Anterior Siguiente 1 / 7 Adóptame Apadríname Comparte a CASLISTA ZAOREJAS CASLISTA ZAOREJAS Información Básica Especie Perro Raza Podenco Sexo Hembra Tamaño Mediano Pelo Largo Color Blanco Fecha de nacimiento 05/09/2022 Esterilizado Sí Carácter y Compatibilidad Carácter: Tiempo y recuperación Sobre mí Todos los que se apellidan ""Zaorejas"" proceden de un desalojo; desde que nacieron solo han conocido un establo sin ventanas y lleno de suciedad, no han visto nunca el exterior ni a personas. Como e"
kerubi:celeste,64,Celeste,hembra,96,senior,2018-08-27,mediano,,Mestizo,mestizo,False,Valencia,Valencia,SOS Animales Sagunto,disponible,False,,True,,True,kerubi,https://kerubi.es/animales/perros-en-adopcion/celeste/,https://kerubi.es/wp-content/uploads/2023/12/273013840_1150013969136537_3421311397423042322_n.jpg1_.png,2026-08-03T01:11:33Z,2026-08-03T01:11:33Z,"CELESTE. No sé cómo llego allí. No sé cómo, pero es genial estar allí. El viento refresca e invita a jugar y a correr sin límites. Mis amigos y yo nos dirigimos hacia el horizonte entre zancadillas y revolcones. Al galope o rodando por el suelo, siempre adelante. El río corre a lo lejos, puedo oír su rumor. En breve sentiré sus aguas en mis patas. Hace algo de frío para bañarse, pero no importa: estoy viva! Celeste!- Me llaman. Me giro rápidamente para buscar con la mirada a mi familia humana qu"
miwuki:wabiqhwcai,64,Celeste,hembra,143,senior,,mediano,22.0,Mestizo,mestizo,False,Valencia,"Valencia, España",SOS Animales Sagunto,disponible,False,,True,True,True,miwuki,https://petshelter.miwuki.com/c/WAbiQHwCAI,https://img.miwuki.com/ar0Ss2c4,2026-08-03T01:11:33Z,2026-08-03T01:11:33Z,"Celeste lleva con nosotros desde que la rescatamos de cachorra, con pocos meses, por lo que se ha criado en la protectora. A medida que ha ido creciendo, nos ha demostrado un carácter inteligente y dulce. Es una perra muy curiosa y activa y disfruta mucho jugando y paseando.   La familia que decida darle la oportunidad de conocer por fin lo que es un hogar se llevará a una compañera fiel y cariñosa para toda la vida."
miwuki:isxxnoqd0s,64,Creta,hembra,99,senior,,pequeno,10.0,Mestizo,mestizo,False,Valencia,"Valencia, España",Spax Protectora De Animales De Xàtiva,disponible,False,,True,True,True,miwuki,https://petshelter.miwuki.com/c/isxxNOqd0s,https://img.miwuki.com/ax4oK3O3,2026-08-03T01:11:33Z,2026-08-03T01:11:33Z,"Creta, Zeus y Pax son parte de una manada de perros que vivían sueltos en Bixquert durante largo tiempo. Tras varias llamadas de los vecinos de la zona fuimos a por ellos pero no fue fácil. Tuvimos que pedir ayuda a una organización externa puesto que ningún perro se dejaba coger. Esta organización pasó dos tardes enteras con nosotras y con una jaula trampa pudimos coger en las dos tardes a todos los perros, en total 15 (5 adultos y 10 cachorritos). Zeus, Creta y Pax están juntos en una jaula. S"
kerubi:dicam,64,Dicam,hembra,96,senior,2018-08-27,mediano,,Mestizo,mestizo,False,Valencia,Valencia,SOS Animales Sagunto,disponible,False,,True,,True,kerubi,https://kerubi.es/animales/perros-en-adopcion/dicam/,https://kerubi.es/wp-content/uploads/2023/12/145163919_3613978618716641_8584900004198380964_n.jpg,2026-08-03T01:11:33Z,2026-08-03T01:11:33Z,"La guapísima Dicam llegó al refugio hace ya seis años, cuando solo tenía dos (ahora cuenta con ocho adorables años) y ya estaba preñada. Entró con mucho miedo al ser humano, sobre todo a los hombres. Pero, poco a poco, ha ido superando sus temores y ahora es una perrita tímida pero cariñosa y equilibrada.Un rato con Dicam es suficiente para darse cuenta de que es una perra especial, pero son esas reacciones particulares ante determinadas situaciones las que te hacen pensar “yo quiero tener a mi "
kerubi:dolca,64,Dolça,hembra,99,senior,2018-05-01,pequeno,,Mestizo,mestizo,False,Castellón,Castellón,Lloc de felins,disponible,False,,True,,,kerubi,https://kerubi.es/animales/perros-en-adopcion/dolca/,https://kerubi.es/wp-content/uploads/2026/01/Screenshot_2026-01-06-10-12-09-30_6012fa4d4ddec268fc5c7112cbb265e7.jpg,2026-08-03T01:11:33Z,2026-08-03T01:11:33Z,Dolça e s muy cariñosa Está castrada Le gusta muchísimo la compañia Apta con otros perros
miwuki:tauvqrh5eo,64,Donna,hembra,120,senior,,mediano,20.0,Mestizo,mestizo,False,Valencia,"Valencia, España",PETJADES TROBADES,disponible,False,,True,True,True,miwuki,https://petshelter.miwuki.com/c/tauVQRH5EO,https://img.miwuki.com/OM9IC5g5,2026-08-03T01:11:33Z,2026-08-03T01:11:33Z,"Donna llegó junto con Kean de una casa. Su cuidador tuvo que ingresar en una residencia y quedaron desamparados en la casa. Kean ya tuvo la suerte de encontrar a su familia pero ella no.   Donna no es sociable con perros, porque nunca le enseñaron a serlo. Pero no queremos que eso la condene a estar en una jaula lo que le queda de vida, que es mucho. Con las personas es todo un bomboncito. Le encantan los mimitos. Tumbarse al solecito y esperar que le rasquen la barriguita. Energía media-alta."
kerubi:erandi,64,Erandi,hembra,96,senior,2018-08-27,mediano,,Mestizo,mestizo,False,Valencia,Valencia,SOS Animales Sagunto,disponible,False,,True,,True,kerubi,https://kerubi.es/animales/perros-en-adopcion/erandi/,https://kerubi.es/wp-content/uploads/2023/12/134907030_900456174092319_7739253868270911681_o.jpg,2026-08-03T01:11:33Z,2026-08-03T01:11:33Z,"O madre coraje, como prefiráis. Hemos encontrado casa para todos sus hijos vivos y ahora estan bien atendidos y queridos cada uno con su nueva familia, pero a la mamá nadie quiere darle la oportunidad de ser feliz y sentirse también querida e importante para algún ser humano. Es retraída y temerosa pero cuando se fía de un humano se entrega totalmente; será ese amigo incondicional que todos hemos soñado alguna vez con tener. Vamos a encontrarle su sitio. Ella más que muchos, se lo merece. Calcul"
miwuki:molqc8cccp,64,Estefania,hembra,124,senior,,mediano,18.0,Mestizo,mestizo,False,Valencia,"Valencia, España",Spax Protectora De Animales De Xàtiva,disponible,False,,True,True,True,miwuki,https://petshelter.miwuki.com/c/MOLqc8cCCP,https://img.miwuki.com/Ay2Fs9J0,2026-08-03T01:11:33Z,2026-08-03T01:11:33Z,"Esta pequeña fue rescatada de un lugar donde no había condiciones para vivir. Fueron rescatados ella y Negrita. Estaban muy asustadas y al principio no se dejaban tocar. Se pasaban el día en su camita acurrucadas la una sobre la otra y temblando. Solo el voluntario que está con ellas a diario podía tocarlas un poco y demostraron ser muy nobles ya que no tuvieron ni un mal gesto con él a pesar del miedo. Negrita ya empieza a confiar algo más, pero Estefanía sigue igual de miedosa. Con los demás p"
miwuki:plgnxxy34q,64,Fiona,hembra,18,joven,,gigante,,Pastor Del Cáucaso,raza,False,Valencia,"Valencia, España",Adaana,disponible,False,,True,True,True,miwuki,https://petshelter.miwuki.com/c/plgNxXY34q,https://img.miwuki.com/Cc5uU7K8,2026-08-03T01:11:33Z,2026-08-03T01:11:33Z,"Fiona ha aparecido abandonada en la misma zona que Mole y deben ser hermanos porque son clones 😅 Su estado era tan malo como el de Mole, llenísima de garrapatas y sobrevivía de lo que le daba la gente de la zona. Ahora están juntitos cogiendo fuerzas y recibiendo cariño (qué lástima no haber grabado el encuentro, porque se pusieron supercontentos 🥰). Si quieres adoptar a Fiona, una osota amorosa, escríbenos 👇 📧 [email protected]"
anaa:anaaweb-org-flaki,64,Flaki,hembra,47,adulto,2022-09-09,mediano,13.0,Podenco,raza,False,Madrid,*,ANAA — Asociación Nacional Amigos de los Animales,disponible,False,,True,,,anaa,https://www.anaaweb.org/animales/43221,https://www.anaaweb.org/animals/image/43221?field=image_1920,2026-08-03T01:11:33Z,2026-08-03T01:15:20Z,"Anterior Siguiente 1 / 9 Adóptame Apadríname Comparte a FLAKI FLAKI Información Básica Especie Perro Raza Podenco Sexo Hembra Tamaño Mediano Peso 13.0 kg Pelo Corto Color Marrón Fecha de nacimiento 09/09/2022 Esterilizado Sí Ver más animales Ayuda a FLAKI Formulario de Adopción ¡Gracias por elegir la adopción! Nuestro equipo le devolverá el mensaje tan pronto como sea posible. Mientras tanto, le invitamos a visitar nuestras redes sociales Redes sociales Otros Perro s en Adopción"
miwuki:jsmeb04nc8,64,Fresa,hembra,103,senior,,mediano,17.0,Mestizo,mestizo,False,Valencia,"Valencia, España",Ribercan,disponible,False,,True,True,True,miwuki,https://petshelter.miwuki.com/c/JsMEb04Nc8,https://img.miwuki.com/ko3fH5E3,2026-08-03T01:11:33Z,2026-08-03T01:11:33Z,"Fresa es una podenquita de tamaño mediano (17kg aprox) de lo más adorable.   Tiene muy buen carácter, súper sociable, cariñosa, divertida, activa y juguetona.  Todo un solete en adopción."
miwuki:i2hzvnbd9w,64,Fresa,hembra,87,adulto,,mediano,,Mestizo,mestizo,False,Castellón,"Castellón, España",Refugio Alcolea,disponible,False,,,,,miwuki,https://petshelter.miwuki.com/c/i2hZVnbD9W,https://img.miwuki.com/BH5NN9j5,2026-08-03T01:11:33Z,2026-08-03T01:11:33Z,
miwuki:f2g8zzqs79,64,Guinda,hembra,195,senior,,pequeno,9.0,Mestizo,mestizo,False,Valencia,"Valencia, España",LA PERRITA VALIENTE,disponible,False,,True,True,True,miwuki,https://petshelter.miwuki.com/c/F2g8ZZQS79,https://img.miwuki.com/aQ6qX2m0,2026-08-03T01:11:33Z,2026-08-03T01:11:33Z,"Raza X Staffy Localidad Valencia (Valencia) Situación Acogido Salud Guinda esta en tratamiento por la Leishmania. Ya esta mucho mejor. Tiene una patita mal, estamos a la espera de los resultados de las radiografías. Desparasitada, vacunada y microchipada. Descripción Guinda esta en acogida! Por fin pudo salir de la perrera. ahora espera a su hogar definitivo. Es una perrita buena, cariñosa y obediente. Un amor!! ...... Guinda necesita la oportunidad de su vida para acabar su vida siendo feliz y "
miwuki:dvtcqx2f6i,64,Hannah,hembra,144,senior,,mediano,,Mestizo,mestizo,False,Valencia,"Valencia, España",Adaana,disponible,False,,True,True,True,miwuki,https://petshelter.miwuki.com/c/dVtCqx2f6I,https://img.miwuki.com/SI9Ea3X8,2026-08-03T01:11:33Z,2026-08-03T01:11:33Z,"Hannah tiene 12 años y llevaba más de 4 años en la perrera triste, traumatizada y andando en círculos. Poco a poco va dejando atrás esos recuerdos y ya está mucho más relajada y disfrutando de la buena vida y los paseos. Tiene leishmania controlada y su estado de salud es bastante bueno. Si quieres que Hannah pase su nueva vida contigo, escríbenos 🤗 📧 [email protected]"
kerubi:isadora,64,Isadora,hembra,121,senior,2016-07-01,mediano,,Mestizo,mestizo,False,Valencia,Valencia,SOS Animales Sagunto,disponible,False,,True,,True,kerubi,https://kerubi.es/animales/perros-en-adopcion/isadora/,https://kerubi.es/wp-content/uploads/2023/12/362252861_3329359747361081_7867302148722307951_n.jpg,2026-08-03T01:11:33Z,2026-08-03T01:11:33Z,"Isadora es una perra muy especial. La sacamos llenita de sarna y enferma de la zona de descampados del polígono industrial de los bomberos en Puerto de Sagunto junto a Dorian. Los únicos supervivientes en ese momento. Su jauría ha estado alimentada durante años por unas compañeras sin poder hacer mucho más que rescatar alguna camada de entre escombros de metal o tuberías abandonadas. Siempre han sido salvajes. El veterinario calcula que Isadora nació sobre el 2016. Ahora, está en perfectas condi"
miwuki:5lhexduhio,64,Isis,hembra,139,senior,,mediano,23.0,Mestizo,mestizo,False,Valencia,"Valencia, España",Thaïs S.,disponible,False,,True,True,True,miwuki,https://petshelter.miwuki.com/c/5LhexduHIo,https://img.miwuki.com/Ci3BY2A1,2026-08-03T01:11:33Z,2026-08-03T01:11:33Z,"Isis es una perra que se salvó de la eutanasia porque sus anteriores dueños eran violentos. Ahora tiene secuelas y es reactiva con perros y humanos, actualmente usa bozal al caminar. Es muy entrañable cuando confía en las personas que la rodean, pero debes saber que tiene un pasado complicado, especialmente con los hombres."
kerubi:kira-3,64,Kira,hembra,87,adulto,2019-05-10,mediano,,Mestizo,mestizo,False,Valencia,Valencia,Salvando patitas,disponible,False,,,,,kerubi,https://kerubi.es/animales/perros-en-adopcion/kira-3/,https://kerubi.es/wp-content/uploads/2026/05/FB_IMG_1778437080451.jpg,2026-08-03T01:11:33Z,2026-08-03T01:11:33Z,"💝 BUSCAMOS FAMILIA PARA KIRA 💝 Kira ha llegado hace poquito al refugio. Sus propietarios va no siguen juntos, y ninguno de los dos la quería. Es una auténtica pena que haya sido despreciada por quien consideraba su familia. Esta preciosa perrita atigrada tan solo tiene 7 añitos. Kira es sociable con perros, pero no está acostumbrada a vivir con gatos Un amor con personas y niños -Necesita vivir en una vivienda con espacio al aire libre, no lleva bien quedarse sola y encerrada en un piso (llora y"
kerubi:ladronceta,64,Ladronceta,hembra,103,senior,2018-01-06,pequeno,,Mestizo,mestizo,False,Castellón,Castellón,Lloc de felins,disponible,False,,,,,kerubi,https://kerubi.es/animales/perros-en-adopcion/ladronceta/,https://kerubi.es/wp-content/uploads/2026/01/Screenshot_2026-01-06-10-10-10-03_6012fa4d4ddec268fc5c7112cbb265e7.jpg,2026-08-03T01:11:33Z,2026-08-03T01:11:33Z,Ladronceta ti ene sobre unos 8 años Apta con perros y gatos Muy cariñosa Sabe pasear.
miwuki:d5ylcwpty5,64,Lily,hembra,87,adulto,,pequeno,,Mestizo,mestizo,False,Valencia,"Valencia, España",Helpdog Valencia,disponible,False,,,,,miwuki,https://petshelter.miwuki.com/c/D5yLCWpty5,https://img.miwuki.com/BP9lx9q1,2026-08-03T01:11:33Z,2026-08-03T01:11:33Z,"LILY BUSCA FAMILIA   Tiene seis añitos, carácter estupendo se lleva bien con gatos perros y todo ser vivo, se pega el día detrás de ti, los paseos perfectos, lo único que ha perdido mucha vista pero se apaña muy bien y hay que echarle lágrimas artificial de por vida.   📍 Valencia   📝Se rellena cuestionario que lo enviamos por WhatsApp o por e-mail.   📱 Para adoptar contacta SOLO por WhatsApp al 622 44 61 10"
miwuki:1qwcwofhov,64,Lua,hembra,98,senior,,mediano,17.0,Mestizo,mestizo,False,Valencia,"Valencia, España",LA PERRITA VALIENTE,disponible,False,,True,True,True,miwuki,https://petshelter.miwuki.com/c/1qwCWoFHov,https://img.miwuki.com/cY7DV5j7,2026-08-03T01:11:33Z,2026-08-03T01:11:33Z,"Desde 15-11-2019  fecha de nacimiento 5/2018  Raza Podenca  Localidad Valencia (Valencia) Salud Buen estado de salud. Pendiente de esterilización.  Descripción Esta preciosa y simpática perrita era de un cazador que ya no la queria. Es buena y cariñosa y tiene toda la vida por delante para ser feliz, ¿te animas a darle un hogar?"
kerubi:luna-10,64,Luna,hembra,111,senior,2017-05-18,mediano,,Mestizo,mestizo,False,Albacete,Albacete,Salvando patitas,disponible,False,,True,,,kerubi,https://kerubi.es/animales/perros-en-adopcion/luna-10/,https://kerubi.es/wp-content/uploads/2026/05/FB_IMG_1780095195203.jpg,2026-08-03T01:11:33Z,2026-08-03T01:11:33Z,🆘🆘🆘LUNA toda una vida entre rejas ….☹️ Luna entró a perrera con 8 meses en 2018. Fue adoptada y devuelta en 2022…. hasta ahora. Cada foto pertenece a una de esas épocas. La primera es la más actual . No parece ni la misma perra. Veis la tristeza en sus mirada? 🥺 Ya no es esa perra alegre… Ahora tendrá sobre 9- 10 años ? . Es un cruce de malinois o parecido. Es muy cariñosa. Actualmente no sabemos cómo se lleva con otros perros …convivió mucho tiempo con un macho similar. Necesitamos la ayuda de 
miwuki:g1insl25po,64,Luna,hembra,134,senior,,mediano,20.0,Mestizo,mestizo,False,Murcia,"Murcia, España",Centro Municipal De Control De Zoonosis Murcia - Ceproamur,disponible,False,,True,True,True,miwuki,https://petshelter.miwuki.com/c/g1insl25Po,https://img.miwuki.com/aO1gZ2P9,2026-08-03T01:11:33Z,2026-08-03T01:11:33Z,"Luna es una perra buena, siempre atenta, alegre, curiosa, amigable y muy juguetona."
miwuki:2b0f62edj9,64,Mami,hembra,156,senior,,mediano,18.0,Mestizo,mestizo,False,Valencia,"Valencia, España",Colmillo Blanco,disponible,False,,True,True,True,miwuki,https://petshelter.miwuki.com/c/2B0F62EDj9,https://img.miwuki.com/En5oS5G2,2026-08-03T01:11:33Z,2026-08-03T01:11:33Z,Es una perra algo timida pero con paciencia y cariño acaba siendo muy dulce. Se lleva genial con otros perros. Es tierna y cariñosa cuando conoce. Solo quiere recibir cariños y besos. Tranquila.
miwuki:vez7nks0rg,64,Maria,hembra,184,senior,,mediano,18.0,Mestizo,mestizo,False,Valencia,"Valencia, España",Maria C.,disponible,False,,,,,miwuki,https://petshelter.miwuki.com/c/vez7nkS0RG,https://img.miwuki.com/hE7Ae2w5,2026-08-03T01:11:33Z,2026-08-03T01:11:33Z,"tenemos poca información al respecto, no enfermedades fuerte y en forma muy cariñosa y no violenta las fotos son viejas ahora está con 20 kg menos"
miwuki:bz554hrb1p,64,Milena,hembra,158,senior,,mediano,18.0,Mestizo,mestizo,False,Murcia,"Murcia, España",IARA,disponible,False,,True,True,True,miwuki,https://petshelter.miwuki.com/c/Bz554HRB1p,https://img.miwuki.com/Lm2ib9D6,2026-08-03T01:11:33Z,2026-08-03T01:11:33Z,"Milena y sus hermanas fueron rescatadas de las calles cuando eran bebés. Hasta aproximadamente un año de edad, Milena y sus hermanas vivieron una vida muy aislada en condiciones menos que ideales. Tenía comida y agua, pero pasaba los días y las noches en una jaula. El único contacto humano que ella y los otros perros en el refugio tuvieron fue con la persona que vendría todas las noches para alimentarlos y limpiar sus jaulas. Como había demasiadas jaulas para limpiar, no quedaba tiempo para acur"
miwuki:shzhf3f5eq,64,Milly,hembra,104,senior,,mediano,28.0,Mestizo,mestizo,False,Murcia,"Murcia, España",Aproama,disponible,False,,True,True,True,miwuki,https://petshelter.miwuki.com/c/ShzHf3F5EQ,https://img.miwuki.com/Fz6ON2O9,2026-08-03T01:11:33Z,2026-08-03T01:11:33Z,"Milly fue sacada de la perrera municipal porque había una “oferta” de adopciones a coste 0 y pensamos que esto era peligroso para ella. Es una perra tranquila, con algunos problemas de socialización con otros perros, pero que se están empezando a solucionar"
miwuki:2sl9qlxpa3,64,Mireia,hembra,156,senior,,mediano,20.0,Mestizo,mestizo,False,Valencia,"Valencia, España",Spax Protectora De Animales De Xàtiva,disponible,False,,True,True,True,miwuki,https://petshelter.miwuki.com/c/2sL9QlXPA3,https://img.miwuki.com/Jw0Yn5w0,2026-08-03T01:11:33Z,2026-08-03T01:11:33Z,"Esta perrita entró en el refugio junto a su hermana Gabina. Probablemente, como otros tantos, haya sido maltratada pues al principio no había forma de tocarla. Ahora ha recuperado la confianza y, aunque sigue siendo algo tímida con los desconocidos, se muestra muy cariñosa con los voluntarios y tan solo busca que mimos. Se lleva genial con el resto de perros del refugio. Ahora se encuentra de acogida y están encantados con ella por lo bien que se porta. Se entrega con chip, pasaporte europeo, va"
miwuki:yw06zwecmz,64,Moni,hembra,161,senior,,mediano,20.0,Mestizo,mestizo,False,Valencia,"Valencia, España",Spax Protectora De Animales De Xàtiva,disponible,False,,True,True,True,miwuki,https://petshelter.miwuki.com/c/YW06zWecmz,https://img.miwuki.com/uS5pM2f4,2026-08-03T01:11:33Z,2026-08-03T01:11:33Z,"Moni es una podenca de tamaño grande de la que recibimos un aviso por parte de una colaboradora de la protectora. Estaba deambulando por una parcela en obras y presentaba síntomas de desnutrición. Afortunadamente se metió en una zona vallada con una única salida y ya solo fue cuestión de tiempo y paciencia el poder cogerla y llevarla a nuestras instalaciones. Aunque aun es desconfiada porque no sabe donde está, Moni tiene un carácter tímido y tranquilo, seguro que cuando descubra que aquí solo v"
miwuki:iangtnb8s9,64,Nana,hembra,171,senior,,pequeno,7.0,Mestizo,mestizo,False,Valencia,"Valencia, España",Adopta Salva una Vida,disponible,False,,True,True,True,miwuki,https://petshelter.miwuki.com/c/IAngTNB8s9,https://img.miwuki.com/ms4KS1j8,2026-08-03T01:11:33Z,2026-08-03T01:11:33Z,"DESCRIPCIÓN: Se llama Nana y tuvo dueños y un mal hogar que le abandonó. Como si fuera un desecho, aduciendo que tenía mal genio.  Adopta se hizo cargo de Nana y ha cargado con esta mala fama. Pero la ""tía"" Cati, dijo ""basta ya, te vienes a mi casa"" y Nana aceptó el reto y decidió mostrar al mundo que no tenía mal genio. Era que la vida que llevaba, seguro no era la correcta.  Ahora Nana cambia su nombre, su vida y busca un hogar definitivo, con un perfil adecuado para ella.   ESTADO ACTUAL"
miwuki:gfu8l9ck8y,64,Negrita,hembra,138,senior,,mediano,20.0,Mestizo,mestizo,False,Valencia,"Valencia, España",Spax Protectora De Animales De Xàtiva,disponible,False,,True,True,True,miwuki,https://petshelter.miwuki.com/c/gfU8l9Ck8Y,https://img.miwuki.com/Kx5Jf4S6,2026-08-03T01:11:33Z,2026-08-03T01:11:33Z,"Esta pequeña fue rescatada de un lugar donde no había condiciones para vivir. Fueron rescatados ella y Estefanía. Estaban muy asustadas y al principio no se dejaban tocar. Se pasaban el día en su camita acurrucadas la una sobre la otra y temblando. Solo el voluntario que está con ellas a diario podía tocarlas un poco y demostraron ser muy nobles ya que no tuvieron ni un mal gesto con él a pesar del miedo. Negrita ya empieza a confiar algo más, pero Estefanía sigue igual de miedosa. Con los demás"
kerubi:nena-2,64,Nena,hembra,131,senior,2015-09-01,pequeno,,Mestizo,mestizo,False,Valencia,Valencia,SOS Animales Sagunto,disponible,False,,True,,True,kerubi,https://kerubi.es/animales/perros-en-adopcion/nena-2/,https://kerubi.es/wp-content/uploads/2024/11/462488634_3623141007982952_6806694293471468308_n.jpg,2026-08-03T01:11:33Z,2026-08-03T01:11:33Z,"Es una preciosa peludita nacida el 1 de septiembre de 2015 con una salud un poco disminuida porque tiene diabetes, hay que pincharle insulina una vez al día. Su carácter es muy obediente y cariñoso, alegre, juguetón, es muy limpia. Su único defecto es que es un poco especialita para comer, hay que acertar con la mezcla exacta de pienso seco y húmedo y estar a su lado mientras come, se distrae con el vuelo de una mosca. Será la compañera ideal para pasear, sestear al sol, ver llover calentita en "
miwuki:mhrpcnmkss,64,Nena,hembra,131,senior,,pequeno,,Mestizo,mestizo,False,Valencia,"Valencia, España",SOS Animales Sagunto,disponible,False,,True,True,True,miwuki,https://petshelter.miwuki.com/c/mhrpcnMkss,https://img.miwuki.com/dc4cO2N0,2026-08-03T01:11:33Z,2026-08-03T01:11:33Z,"Es una preciosa peludita nacida el 1 de septiembre de 2015 con una salud un poco disminuida porque tiene diabetes, hay que pincharle insulina una vez al día. Su carácter es muy obediente y cariñoso, alegre, juguetón, es muy limpia. Su único defecto es que es un poco especialita para comer, hay que acertar con la mezcla exacta de pienso seco y húmedo y estar a su lado mientras come, se distrae con el vuelo de una mosca. Será la compañera ideal para pasear, sestear al sol, ver llover calentita en "
anaa:anaaweb-org-nijar,64,Nijar,hembra,48,adulto,2022-08-01,mediano,25.5,Pastor Belga Malinois,raza,False,Madrid,*,ANAA — Asociación Nacional Amigos de los Animales,disponible,False,,True,,,anaa,https://www.anaaweb.org/animales/41288,https://www.anaaweb.org/animals/image/41288?field=image_1920,2026-08-03T01:11:33Z,2026-08-03T01:15:20Z,"Anterior Siguiente 1 / 4 Adóptame Apadríname Comparte a NIJAR NIJAR Información Básica Especie Perro Raza Pastor Belga Malinois Sexo Hembra Tamaño Mediano Peso 25.5 kg Pelo Medio Color Marrón Fecha de nacimiento 01/08/2022 Esterilizado Sí Carácter y Compatibilidad Carácter: Super inteligente y perspicaz Sobre mí Nijar ha sido una super mama que ha sacado a sus bebés adelante en la calle, manteniéndolos a salvo y sanos. Ella en cambio llegó muy delgada, y con muchísimo miedo. Probablemente ha ten"
asoka:asokaelgrande-org-olivia,64,Olivia,hembra,24,joven,,grande,,Mestizo,mestizo,False,Alicante,"Alicante 
                 (Alicante)",ASOKA el Grande,disponible,False,,True,True,,asoka,https://asokaelgrande.org/ficha-11756,https://asokaelgrande.org/ficha-banner-11756,2026-08-03T01:11:33Z,2026-08-03T01:11:33Z,"Asoka el Grande - Ficha de Olivia Foto 1 de 17 | Ficha de Olivia en adopción Nombre Olivia Clase perros Desde 30-6-2026 Sexo Hembra Edad 2 años y 1 mes fecha de nacimiento 6/2024 Raza Mestiza Tamaño Grande Localidad Alicante (Alicante) ID 11756 Descripción Olivia llega abandonada a su suerte. Es una perra buena así que esperamos encontrar una familia que la quiera incondicionalmente para siempre. Es sociable con perros pero incompatible con gatos. Salud Desparasitada, vacunada, esterilizada. Te "
miwuki:ggcjwjjpm9,64,Pacha,hembra,174,senior,,mediano,24.0,Mestizo,mestizo,False,Valencia,"Valencia, España",La Guardiana,disponible,False,,True,,,miwuki,https://petshelter.miwuki.com/c/gGcjWjJPm9,https://img.miwuki.com/EQ3gm2m3,2026-08-03T01:11:33Z,2026-08-03T01:11:33Z,"Pacha fue rescatada de un caso grave de síndrome de Noé por parte de la asociación Gara Xátiva. Estaba famélica, anémica y con una lehismania no controlada. Ahora esta perfectamente y sana, totalmente recuperada y sin nada afectado. Es una perra cariñosa y sociable con las personas."
miwuki:p5hfpvv5o1,64,Pepa,hembra,120,senior,,mediano,,Mestizo,mestizo,False,Valencia,"Valencia, España",Adaana,disponible,False,,True,True,True,miwuki,https://petshelter.miwuki.com/c/P5hfPvV5O1,https://img.miwuki.com/TD4XS6N0,2026-08-03T01:11:33Z,2026-08-03T01:11:33Z,"Esta patatita es Pepa, una perrita de 8 años que busca a familia adoptiva.  Pepa es una compañera de vida fiel y cariñosa, que no guarda rencor a las personas a pesar de haber tenido un pasado difícil y haber dado tumbos durante toda su vida. Pepa se merece una familia donde ser feliz. Si quieres ser tú quien le dé esa oportunidad, escríbenos por privado o por mail (déjanos en el correo tu teléfono) 🤗 📧 [email protected]"
kerubi:reina-2,64,Reina,hembra,142,senior,2014-10-18,mediano,,Mestizo,mestizo,False,Valencia,Valencia,Help Dog Valencia,disponible,False,,True,,,kerubi,https://kerubi.es/animales/perros-en-adopcion/reina-2/,https://kerubi.es/wp-content/uploads/2026/07/6ff25af0-637b-4416-8b74-3a91e804b75b.jpeg,2026-08-03T01:11:33Z,2026-08-03T01:11:33Z,"𝐑𝐄𝐈𝐍𝐀 𝐁𝐔𝐒𝐂𝐀 𝐅𝐀𝐌𝐈𝐋𝐈𝐀 𝐃𝐄 𝐀𝐃𝐎𝐏𝐂𝐈𝐎́𝐍 Desgraciadamente la historia se vuelve a repetir, perrita que llevaba años con su dueño, el señor es mayor y actualmente está en una residencia y el hijo no entra en sus planes quedarse con la perrita de su padre. 💔 𝐑𝐞𝐢𝐧𝐚 nació el 18/10/2014, tiene 11 años y este año hará 12. Tiene chip, vacunas y está esterilizada. Se lleva bien con gatos y con perros aunque a la hora de comer no quiere que se acerque ningún perro. Está acostumbrada a convivir con un señor mayor"
miwuki:xrukokcqxs,64,Santa,hembra,156,senior,,pequeno,10.0,Mestizo,mestizo,False,Valencia,"Valencia, España",Spax Protectora De Animales De Xàtiva,disponible,False,,True,True,True,miwuki,https://petshelter.miwuki.com/c/xrUKoKcQXS,https://img.miwuki.com/dx4xX6j0,2026-08-03T01:11:33Z,2026-08-03T01:11:33Z,"Santa fue encontrada husmeando entre contenedores y un voluntario la trajo al refugio. Se notaba que acababa de ser mamá, pues aún tenía leche. Probablemente se quedaron con los cachorros y se deshicieron de la madre. Estaba desnutrida y pasó varias semanas con delicado estado de salud. Ya está totalmente recuperada y es una perrita muy noble y cariñosa. Está muy agradecida y se nota por los lametazos que nos da y lo bien que se porta en el refugio. Con los demás perros se lleva fenomenal. Tiene"
miwuki:kx0rvaf9l0,64,Serena,hembra,120,senior,,mediano,,Mestizo,mestizo,False,Valencia,"Valencia, España",Adaana,disponible,False,,True,True,True,miwuki,https://petshelter.miwuki.com/c/Kx0rvAf9L0,https://img.miwuki.com/HM2tT5g2,2026-08-03T01:11:33Z,2026-08-03T01:11:33Z,"Serena llevaba 10 años viviendo en el campo. Es una perra senior que busca tranquilidad y amor. Se lleva bien con otros perros, si tú quieres brindarle un hogar y que conozca el calor de una familia, escribe a [email protected]"
kerubi:stacey,64,Stacey,hembra,19,joven,2025-01-05,grande,,Mestizo,mestizo,False,Alicante,Alicante,Mascotas de Zero,disponible,False,,,,,kerubi,https://kerubi.es/animales/perros-en-adopcion/stacey/,https://kerubi.es/wp-content/uploads/2026/01/a_59721765885753.jpg,2026-08-03T01:11:33Z,2026-08-03T01:11:33Z,"3 hermanos llegan a nosotros al ser encontrados por medio del campo. Parecen mix de galguitos con mastín, tamaño mediano grande. Tienen la elegancia del galgo y la tranquilidad del mastín. Al principio son algo tímidos pero una vez que los tocas y te conocen ya toman confianza!!! Sociables con otros perros, no testados con gatos."
miwuki:ltskbju8zp,64,Trufa. Perdida 23/05/2018,hembra,117,senior,,mediano,18.0,Mestizo,mestizo,False,Valencia,"Valencia, España",LA PERRITA VALIENTE,disponible,False,,True,,True,miwuki,https://petshelter.miwuki.com/c/LTsKBJu8Zp,https://img.miwuki.com/bw5wz5R2,2026-08-03T01:11:33Z,2026-08-03T01:11:33Z,"PERDIDA 23/05/2018 Trufa se ha perdido por Alginet!! Es una perrita muy sociable, está esterilizada y lleva chip y el numero de teléfono en el collar, si alguien la ha visto, por favor contactar 630673773. Gracias! Localidad Valencia (Valencia) Situación Acogido Salud Buen estado de salud. Descripción Trufa es una galguipodenca que fue abandonada recientemente. Está en una casa de acogida y deseamos que el dia de hoy le de suerte par encontrar a su la familia perfecta. Si quieres quererla y cuid"
miwuki:qpyaski7wy,64,Vanjie,hembra,173,senior,,mediano,15.0,Mestizo,mestizo,False,Murcia,"Murcia, España",Cuatro Patas Jumilla,disponible,False,,True,True,True,miwuki,https://petshelter.miwuki.com/c/QPYaSKi7WY,https://img.miwuki.com/sA1RI6f0,2026-08-03T01:11:33Z,2026-08-03T01:11:33Z,"Carácter: Cariñosa y tranquila, en busca de que le den mimitos. Raza: American Stanford Capa: Atigrada Castrado: Aún no Altura: 40 cm"
kerubi:boton,63,Botón,macho,0,cachorro,2026-08-02,mediano,,Mestizo,mestizo,False,Valencia,Valencia,Salvando patitas,disponible,False,,,,,kerubi,https://kerubi.es/animales/perros-en-adopcion/boton/,https://kerubi.es/wp-content/uploads/2026/07/FB_IMG_1785163234511.jpg,2026-08-03T01:11:33Z,2026-08-03T01:11:33Z,"¡CUATRO AÑOS ESPERANDO Y ESPERANDO UN HOGAR! 🥺 NO PERDEMOS LA ESPERANZA, sabemos que está su familia en algún sitio, y esperamos encontrarla con este post si nos ayudáis a difundir ❤️ Botón lleva con nosotras desde que apenas tenía 3 meses. CUATRO AÑOS han pasado desde entonces, buscando casa, de un sitio a otro… 💔 Estaba en una de las residencias que se vio afectada por la Dana, y se quedó sin nada, hasta que fue de acogida pero se acabó y volvió a la residencia 🥹 Es un macho, de tamaño mediano"
kerubi:cloro,63,Cloro,macho,3,cachorro,2026-05-13,mediano,,Mestizo,mestizo,False,Valencia,Valencia,Salvando patitas,disponible,False,,,,,kerubi,https://kerubi.es/animales/perros-en-adopcion/cloro/,https://kerubi.es/wp-content/uploads/2026/07/FB_IMG_1784318587656.jpg,2026-08-03T01:11:33Z,2026-08-03T01:11:33Z,"CLORO 🌼 Macho 3 años aprox Busca tanto ACOGIDA como ADOPCIÓN 🍀 Cloro fue encontrado en un pueblo de Valencia. Se metió en una fábrica y estuvo allí varios días pero nadie lo reclamó. Finalmente, se vino con nosotras y ahora busca una oportunidad ❤️ Es sociable tanto con machos como con hembras, de hecho, convive con más y en el paseo se lleva bien. Aún así, buscamos una casa donde sea hijo único porque creemos que estará mejor. Es un perrete con bastante actividad, así que necesita una familia a"
kerubi:dante,63,Dante,macho,2,cachorro,2026-06-03,mediano,,Mestizo,mestizo,False,Valencia,Valencia,Salvando patitas,disponible,False,,,,,kerubi,https://kerubi.es/animales/perros-en-adopcion/dante/,https://kerubi.es/wp-content/uploads/2026/06/Screenshot_2026-06-02-22-12-47-526-edit_com.android.chrome.jpg,2026-08-03T01:11:33Z,2026-08-03T01:11:33Z,"🐾🩵 DANTE BUSCA HOGAR 🩵🐾 Dante es un precioso podenco que llegó a nosotras siendo un saquito de huesos, poco a poco se ha ido recuperando, cogiendo confianza….. y nos ha robado el corazón. ✨ Es un perro sociable, cariñoso, simpático y súper juguetón. Le encanta explorar, descubrir cosas nuevas y vivir cada día como una pequeña aventura. De esos compañeros que siempre están dispuestos a acompañarte, ya sea en una larga caminata, una escapada al aire libre o una tarde de mimos y descanso en casa. 🐕"
kerubi:deidei,63,Deidei,macho,1,cachorro,2026-07-14,mediano,,Mestizo,mestizo,False,Valencia,Valencia,Salvando patitas,disponible,False,,,,,kerubi,https://kerubi.es/animales/perros-en-adopcion/deidei/,https://kerubi.es/wp-content/uploads/2026/07/FB_IMG_1784059097168.jpg,2026-08-03T01:11:33Z,2026-08-03T01:11:33Z,"¡BUSCAMOS UNA ACOGIDA O ADOPCIÓN! ❤️ DEIDEI 🍀 ⚠️ Lleva mucho tiempo aquí 😔 Macho Edad: 30/05/25 Será de tamaño mediano (25kg). Deidei fue fruto de un embarazo de una perrita desgraciadamente abandonada. Su madre sigue con nosotras, pero sus hermanos ya no. Es el único que queda 😟 Buscamos una casa con otro perrete porque le dan mucha confianza y vida. Es un perrito algo tímido al principio, pero luego es zalamerito. Es muy cariñoso con las personas y súper sociable con otros perros. Le encanta j"
kerubi:fenex,63,Fenex,macho,3,cachorro,2026-05-11,mediano,,Mestizo,mestizo,False,Valencia,Valencia,Salvando patitas,disponible,False,,,,,kerubi,https://kerubi.es/animales/perros-en-adopcion/fenex/,https://kerubi.es/wp-content/uploads/2026/05/FB_IMG_1778438377574.jpg,2026-08-03T01:11:33Z,2026-08-03T01:11:33Z,"¡FENEX BUSCA ADOPCIÓN DEFINITIVA! 🍀🌿 Nuestro guapo se fue en acogida para un mes por el tema de las reformas, nuestro objetivo es encontrarle una casa definitiva para que no tenga que volver. Sabéis que llegó en un estado lamentable por la leishmania alta y sobre todo por la indiferencia y el abandono. No sabemos si estuvo en ese estado en la calle, o en una casa hasta que lo soltaron. Aunque suponemos que lo segundo, porque este muy bien socializado. Quisimos ir a por él en cuanto nos pasaron e"
kerubi:hans,63,Hans,macho,3,cachorro,2026-05-11,mediano,,Mestizo,mestizo,False,Valencia,Valencia,Salvando patitas,disponible,False,,,,,kerubi,https://kerubi.es/animales/perros-en-adopcion/hans/,https://kerubi.es/wp-content/uploads/2026/05/FB_IMG_1778438500903.jpg,2026-08-03T01:11:33Z,2026-08-03T01:11:33Z,"¡HANS BUSCA ACOGIDA O ADOPCIÓN! ❤️🌼 Hans llevaba un tiempo en la perrera y nos pidieron ayuda para él porque lo estaba pasando realmente mal. Ahora con nosotras está más tranquilo, pero lo hemos sacado para que pueda encontrar un hogar, no para perpetuar que esté en un refugio. Así que ojalá esta publicación sirva para encontrar su hogar 🏡 Macho 2 años Tamaño mediano (unos 25kg) Es un perrete activo, al que le gusta pasear y jugar. Pero después de esos ratos, está bastante tranquilo. Es un bombó"
apadac:lolito,63,Lolo,macho,12,joven,,pequeno,,Mestizo,mestizo,False,Alicante,Callosa de Segura,APADAC Callosa de Segura,disponible,False,,,,,apadac,https://protectora-apadac.org/adopta/lolito,https://protectora-apadac.org/_next/image?url=%2Fapi%2Fmedia%2Ffile%2FWhatsApp%2520Image%25202026-07-30%2520at%252023.33.07%2520(5).jpg&w=3840&q=75,2026-08-03T01:11:33Z,2026-08-03T10:39:22Z,"Adopción responsable ¡Adopta a Lolo: el guaperas más alegre y juguetón que transformará tu vida! 🐾💥 Convivencia Cuidados Historia 🐾 Lolo , un guaperas con una alegría que se contagia."
kerubi:piano,63,Piano,macho,3,cachorro,2026-05-11,mediano,,Mestizo,mestizo,False,Valencia,Valencia,Salvando patitas,disponible,False,,,,,kerubi,https://kerubi.es/animales/perros-en-adopcion/piano/,https://kerubi.es/wp-content/uploads/2026/05/FB_IMG_1778438282069.jpg,2026-08-03T01:11:33Z,2026-08-03T01:11:33Z,"PIANO BUSCA ACOGIDA O CASA DEFINITIVA ❤️ Macho Edad: 10/10/25 Será de tamaño mediano (unos 20-25kg), aunque no podemos asegurarlo al 100% Buscamos una casa con otro perro 🐕 Piano fue encontrado junto con sus hermanos, y acabaron en el servicio de recogida. 4 fueron separados prematuramente pero 4 pudieron permanecer juntos. Ahora buscamos una casa donde pueda ser feliz para siempre 🌼 Es un cachorrete, activo y con vitalidad. Le gusta mucho jugar y los juguetes o cualquier cosa que pueda serlo 😊 "
kerubi:pin-y-pon,63,Pin y Pon,macho,6,cachorro,2026-02-07,mediano,,Mestizo,mestizo,False,Valencia,Valencia,Help Dog Valencia,disponible,False,,True,,,kerubi,https://kerubi.es/animales/perros-en-adopcion/pin-y-pon/,https://kerubi.es/wp-content/uploads/2026/06/c4c381dd-073f-42b0-8890-34dce3236e7e.jpeg,2026-08-03T01:11:33Z,2026-08-03T01:11:33Z,"𝗣𝗜𝗡 𝗬 𝗣𝗢𝗡 𝗕𝗨𝗦𝗖𝗔𝗡 𝗙𝗔𝗠𝗜𝗟𝗜𝗔 𝗗𝗘 𝗔𝗗𝗢𝗣𝗖𝗜𝗢́𝗡 Son dos tímidos hermanitos de unos 2 meses y medio aprox… Son muy buenos y cariñosos, aunque al principio tengan un poco de miedo o timidez. Están en un pueblo de Valencia y la adopción será en Valencia. Se hace cuestionario previo de preguntas, contrato de adopción. Irán con vacunas, chip etcétera… lógicamente los gastos veterinarios los debe de cubrir las familias que los adopten. Si quieres que 𝗣𝗶𝗻 o 𝗣𝗼𝗻 sean parte de tú familia envía WhatsApp a 661 75 51"
kerubi:pin-y-pon-2,63,Pin y Pon,macho,4,cachorro,2026-04-07,mediano,,Mestizo,mestizo,False,Valencia,Valencia,Help Dog Valencia,disponible,False,,True,,,kerubi,https://kerubi.es/animales/perros-en-adopcion/pin-y-pon-2/,https://kerubi.es/wp-content/uploads/2026/06/c4c381dd-073f-42b0-8890-34dce3236e7e-1.jpeg,2026-08-03T01:11:33Z,2026-08-03T01:11:33Z,"𝗣𝗜𝗡 𝗬 𝗣𝗢𝗡 𝗕𝗨𝗦𝗖𝗔𝗡 𝗙𝗔𝗠𝗜𝗟𝗜𝗔 𝗗𝗘 𝗔𝗗𝗢𝗣𝗖𝗜𝗢́𝗡 Son dos tímidos hermanitos de unos 2 meses y medio aprox… Son muy buenos y cariñosos, aunque al principio tengan un poco de miedo o timidez. Están en un pueblo de Valencia y la adopción será en Valencia. Se hace cuestionario previo de preguntas, contrato de adopción. Irán con vacunas, chip etcétera… lógicamente los gastos veterinarios los debe de cubrir las familias que los adopten. Si quieres que 𝗣𝗶𝗻 o 𝗣𝗼𝗻 sean parte de tú familia envía WhatsApp a 661 75 51"
kerubi:salvo,63,Salvo,macho,3,cachorro,2026-05-11,mediano,,Mestizo,mestizo,False,Valencia,Valencia,Salvando patitas,disponible,False,,True,,True,kerubi,https://kerubi.es/animales/perros-en-adopcion/salvo/,https://kerubi.es/wp-content/uploads/2026/05/FB_IMG_1778444945146.jpg,2026-08-03T01:11:33Z,2026-08-03T01:11:33Z,"💟EN ADOPCIÓN💟 Este guapetón es Salvo y es un perrete super simpático. Tiene 4 años y busca un hogar donde ser feliz. Super bueno, cariñoso y amoroso con todo el mundo. Sociable con la mayoria de perros tranquilos, no busca problemas pero si se miden con él responde. No apto con gatos. Necesita licencia PPP Castrado, con chip y vacunas. En Sueca, Valencia Contacto: 617 19 81 53"
miwuki:vo1cwvppkt,63,Samy,hembra,71,adulto,,,,Mestizo,mestizo,False,Alicante,"Alicante, España",Mascotas de Zero,disponible,False,True,True,True,True,miwuki,https://petshelter.miwuki.com/c/vo1cwVPPKt,https://img.miwuki.com/tz8nT1c4,2026-08-03T01:11:33Z,2026-08-03T01:11:33Z,"Samy fue encontrada en la calle, estaba gordita y bien cuidada, y además llevaba una herida en la barriga que indicaba que había sido esterilizada recientemente. No llevaba chip por lo que, aunque hemos estado buscando a su familia, nadie la ha reclamado.  Samy es una escapista profesional, quizá se escapó de su casa de esa forma. Comparte jaula con un macho y se lleva bien con él, es una perrita que no busca problemas.  Con la gente es simpática y cariñosa, cuando nos ve llegar mueve su col"
kerubi:scotex,63,Scotex,macho,5,cachorro,2026-03-02,mediano,,Mestizo,mestizo,False,Valencia,Valencia,Help Dog Valencia,disponible,False,,True,,,kerubi,https://kerubi.es/animales/perros-en-adopcion/scotex/,https://kerubi.es/wp-content/uploads/2026/06/ad3b93f0-d837-45ef-b1d2-413085ecebcc.jpeg,2026-08-03T01:11:33Z,2026-08-03T01:11:33Z,"𝗦𝗖𝗢𝗧𝗘𝗫 𝗕𝗨𝗦𝗖𝗔 𝗙𝗔𝗠𝗜𝗟𝗜𝗔 𝗗𝗘 𝗔𝗗𝗢𝗣𝗖𝗜𝗢́𝗡 𝗦𝗰𝗼𝘁𝗲𝘅 tiene unos 3 meses y medio aprox… Creemos que será tamaño mediano o grande, es difícil saber ya que es rescatado del abandono y desconocemos quiénes eran los padres. Está en Valencia y la adopción será en Valencia. Se hará cuestionario previo de preguntas, contratos de adopción. Se entregará con vacunas, chip etcétera… lógicamente los gastos veterinarios los debe de cubrir la familia que lo adopte. Si quieres que 𝗦𝗰𝗼𝘁𝗲𝘅 sea de tú familia envía WhatsApp a "
kerubi:trueno-y-mango,63,Trueno y Mango,macho,4,cachorro,2026-04-16,mediano,,Mestizo,mestizo,False,Valencia,Valencia,Help Dog Valencia,disponible,False,,True,,,kerubi,https://kerubi.es/animales/perros-en-adopcion/trueno-y-mango/,https://kerubi.es/wp-content/uploads/2026/07/5287ee91-c7cc-40e3-b9d0-48ba70994649.jpeg,2026-08-03T01:11:33Z,2026-08-03T01:11:33Z,"𝗧𝗥𝗨𝗘𝗡𝗢 𝗬 𝗠𝗔𝗡𝗚𝗢 𝗕𝗨𝗦𝗖𝗔𝗡 𝗙𝗔𝗠𝗜𝗟𝗜𝗔𝗦 𝗗𝗘 𝗔𝗗𝗢𝗣𝗖𝗜𝗢́𝗡 Tienen unos 2 meses y medios aprox… Serán tamaño medianos grandes Están en Valencia y su adopciones serán en Valencia. Se hace contrato de adopción, se entregarán con vacunas, chip etcétera… Lógicamente los gastos veterinarios los deben de cubrir las familias que lo adopten. Si quieres que 𝗧𝗿𝘂𝗲𝗻𝗼 o 𝗠𝗮𝗻𝗴𝗼 sean parte de tú familia envíanos WhatsApp a 661 75 51 27 ¿𝗡𝗢𝗦 𝗔𝗬𝗨𝗗𝗔𝗦 𝗔 𝗦𝗘𝗚𝗨𝗜𝗥 𝗔𝗬𝗨𝗗𝗔́𝗡𝗗𝗢𝗟𝗢𝗦! 🐕🐈‍⬛ ¡𝗣𝗢𝗥 𝗦𝗢𝗟𝗢 𝟭 𝗘𝗨𝗥𝗢 𝗔𝗟 𝗠𝗘𝗦 𝗣𝗨𝗘𝗗𝗘𝗦 𝗛𝗔𝗖𝗘𝗥𝗟𝗢? 👇🏾 https://w"
kerubi:yoshi,63,Yoshi,macho,3,cachorro,2026-05-18,mediano,,Mestizo,mestizo,False,Valencia,Valencia,Salvando patitas,disponible,False,,,,,kerubi,https://kerubi.es/animales/perros-en-adopcion/yoshi/,https://kerubi.es/wp-content/uploads/2026/05/FB_IMG_1779048032659.jpg,2026-08-03T01:11:33Z,2026-08-03T01:11:33Z,"¡DOS AÑOS Y MEDIO LLEVA YOSHI BUSCANDO CASA! 💔🥹 AYÚDANOS A ENCONTRARLA 🙏🏽 Macho Tamaño mediano Edad: 14/02/23 Busca tanto ACOGIDA como ADOPCIÓN 🙏🏽 Fue recogido en Almería en unos campos, a saber lo que lo llevó allí y cuál era su vida anterior. Lo recogimos para que tuviera una buena vida, no para que se la pasara aquí 😬 Yoshi es un perro con un carácter espectacular, no tiene ningún miedo a las personas. Es muy sociable y extrovertido, es muy activo, le encanta correr, y le encanta sobretodo lo"
kerubi:zeus-2,63,Zeus,macho,3,cachorro,2026-05-09,mediano,,Mestizo,mestizo,False,Valencia,Valencia,Salvando patitas,disponible,False,,True,,True,kerubi,https://kerubi.es/animales/perros-en-adopcion/zeus-2/,https://kerubi.es/wp-content/uploads/2026/05/FB_IMG_1778437572232.jpg,2026-08-03T01:11:33Z,2026-08-03T01:11:33Z,"😛 EN BUSCA DE HOGAR 😛 Este peque tan simpático es Zeus. Es un American Bully de solo 1 año y medio de vida. Es un perrete suuper sociable, se lleva bien con todo el mundo y genial con perros. Es el perro ideal para cualquier familia. La gente que lo tenia han perdido la casa y no tenian donde ir con Zeus… por eso ahora necesita una familia donde ser feliz y que lo cuiden para siempre. Es un perro muy amoroso y respetuoso. La unica pega es que le cuenta estar solo muchas horas, por lo que necesit"
miwuki:us7p32ncc0,62,Atila,hembra,29,joven,,grande,22.0,Mestizo,mestizo,False,Valencia,"Valencia, España",Andrea C.,disponible,False,True,,,,miwuki,https://petshelter.miwuki.com/c/uS7P32nCC0,https://img.miwuki.com/dc2iz2S9,2026-08-03T01:11:33Z,2026-08-03T01:11:33Z,Perra de 2 años activa feliz juguetona
miwuki:2c9nilxyed,62,Aura,hembra,24,joven,,grande,,Mestizo,mestizo,False,Castellón,"Castellón, España",Marina A.,disponible,False,True,,True,True,miwuki,https://petshelter.miwuki.com/c/2C9NiLXyEd,https://img.miwuki.com/ZA1cP6o4,2026-08-03T01:11:33Z,2026-08-03T01:11:33Z,"La adopte de la calle con apenas 45 días , ella es un amor , se lleva bien con otros perros , gatos y niños. Sólo necesita un nuevo hogar donde le den el mismo cariño que ella ofrece."
miwuki:ltcs1bvwxk,62,Baela,hembra,29,joven,,grande,,Mestizo,mestizo,False,Valencia,"Valencia, España",Ribercan,disponible,False,True,,True,True,miwuki,https://petshelter.miwuki.com/c/LtCS1bVWXk,https://img.miwuki.com/PL5bE7k5,2026-08-03T01:11:33Z,2026-08-03T01:11:33Z,"Baela es una preciosa cachorrita que de adulta será de tamaño grande.  Fue rescatada junto con sus hermanas Mysaria y Laena, despues de aparecer solitas por el campo.  Es muy pronto para conocer su carácer. Se pasa el dia durmiendo, comiendo y jugando con sus hermanitas."
anaa:anaaweb-org-bretana,62,Bretaña,hembra,98,senior,2018-06-04,mediano,25.0,Pit Bull,raza,False,Madrid,*,ANAA — Asociación Nacional Amigos de los Animales,disponible,False,,True,,,anaa,https://www.anaaweb.org/animales/42403,https://www.anaaweb.org/animals/image/42403?field=image_1920,2026-08-03T01:11:33Z,2026-08-03T01:15:20Z,"Anterior Siguiente 1 / 8 Adóptame Apadríname Comparte a BRETAÑA BRETAÑA Información Básica Especie Perro Raza Pit Bull Sexo Hembra Tamaño Mediano Peso 25.0 kg Pelo Corto Color Atigrado Gris Fecha de nacimiento 04/06/2018 Esterilizado Sí Carácter y Compatibilidad Bueno con perros Padrinos Rosa Ver más animales Ayuda a BRETAÑA Formulario de Adopción ¡Gracias por elegir la adopción! Nuestro equipo le devolverá el mensaje tan pronto como sea posible. Mientras tanto, le invitamos a visitar nuestras r"
reinasbiberon:15345,62,Cronos,,6,cachorro,,,,,desconocido,False,Alicante,Alicante,Las Reinas del Biberón,disponible,False,,,,,reinasbiberon,https://www.lasreinasdelbiberon.org/producto/cronos/,https://www.lasreinasdelbiberon.org/wp-content/uploads/2026/07/51.jpg,2026-08-03T01:11:33Z,2026-08-03T01:11:33Z,"Estos cinco cachorros nos han sido cedidos por la protectora de Hellín. 🐶💛       Su historia comenzó cuando una familia tuvo un embarazo no deseado de su perrita y nació una camada de cachorros. Al no poder hacerse cargo de todos ellos, decidieron pedir ayuda para que encontraran un hogar.       Ahora estos cinco pequeños buscan una familia que les dé la oportunidad de crecer rodeados de cariño y formar parte de un hogar para toda la vida. 🏡       ¿Quieres darles esa oportunidad? ❤️ Si estás int"
anaa:anaaweb-org-evora,62,Evora,hembra,124,senior,2016-04-04,mediano,28.5,Pit Bull,raza,False,Madrid,*,ANAA — Asociación Nacional Amigos de los Animales,disponible,False,,True,,,anaa,https://www.anaaweb.org/animales/41430,https://www.anaaweb.org/animals/image/41430?field=image_1920,2026-08-03T01:11:33Z,2026-08-03T01:15:20Z,"Anterior Siguiente 1 / 14 Adóptame Apadríname Comparte a EVORA EVORA Información Básica Especie Perro Raza Pit Bull Sexo Hembra Tamaño Mediano Peso 28.5 kg Pelo Corto Color Atigrado Fecha de nacimiento 04/04/2016 Esterilizado Sí Carácter y Compatibilidad Carácter: Leal y monísima Sobre mí Evora tiene nueve años, una pitbulina muy cariñosa a la que, sin embargo, la vida no le ha tratado bien. Quizás por eso, solo busca mimos y caricias todo el rato. Encontrada en Madrid, nada más verla, los signo"
reinasbiberon:14088,62,Freya,,6,cachorro,,,,,desconocido,False,Alicante,Alicante,Las Reinas del Biberón,disponible,False,,,,,reinasbiberon,https://www.lasreinasdelbiberon.org/producto/freya/,https://www.lasreinasdelbiberon.org/wp-content/uploads/2026/05/10.jpg,2026-08-03T01:11:33Z,2026-08-03T01:11:33Z,"Estos cachorros han sido cedidos a la asociación para ayudarles a encontrar el hogar que realmente merecen 🐾💛   Ahora están con nosotras, creciendo rodeados de cuidados y esperando familias responsables que los quieran para siempre 🐶✨ Si estás interesado en su adopción, envía un Whatsapp a uno de estos teléfonos: 644 21 90 01 / 644 20 94 49   📲 Bizum ONG: 03760  💻 PayPal:paypal.me/lasreinasdelbiberon  🏦 Transferencia bancaria: ES81 0073 0100 5705 0626 5231  👉 Compra de entradas: www.lasreinasdel"
miwuki:r28nritaby,62,Maktub,hembra,36,adulto,,grande,22.0,Mestizo,mestizo,False,Valencia,"Valencia, España",PETJADES TROBADES,disponible,False,True,True,True,True,miwuki,https://petshelter.miwuki.com/c/R28NRiTaby,https://img.miwuki.com/IT5xG9e9,2026-08-03T01:11:33Z,2026-08-03T01:11:33Z,"Maktub llegó a nosotras cuando era una bebota. Con muchos hermanos, 4 de los cuales se fueron adoptados y 4 se quedaron aquí esperando su oportunidad. Pero no desistimos porque sabemos que hay UN HOGAR para cada unx de ellxs. Aunque si fuera ya, no tendrían que pasar más inviernos aquí.  Es una perra súper sociable con otros perros, activa, alegre y juguetona. Estar aquí le ha pasado factura y en algunos casos tiene miedo, como a los ruidos fuertes, así que buscamos una casita que no esté en p"
reinasbiberon:15348,62,REA,,6,cachorro,,,,,desconocido,False,Alicante,Alicante,Las Reinas del Biberón,disponible,False,,,,,reinasbiberon,https://www.lasreinasdelbiberon.org/producto/rea/,https://www.lasreinasdelbiberon.org/wp-content/uploads/2026/07/61.jpg,2026-08-03T01:11:33Z,2026-08-03T01:11:33Z,"Estos cinco cachorros nos han sido cedidos por la protectora de Hellín. 🐶💛       Su historia comenzó cuando una familia tuvo un embarazo no deseado de su perrita y nació una camada de cachorros. Al no poder hacerse cargo de todos ellos, decidieron pedir ayuda para que encontraran un hogar.       Ahora estos cinco pequeños buscan una familia que les dé la oportunidad de crecer rodeados de cariño y formar parte de un hogar para toda la vida. 🏡       ¿Quieres darles esa oportunidad? ❤️ Si estás int"
miwuki:fmdowj5u4u,62,"Roma,Romeo Y Julieta",hembra,27,joven,,grande,,Mestizo,mestizo,False,Valencia,"Valencia, España",Ainara C.,disponible,False,True,,True,,miwuki,https://petshelter.miwuki.com/c/fmdOWj5u4U,https://img.miwuki.com/Fa4lr8i6,2026-08-03T01:11:33Z,2026-08-03T01:11:33Z,"hola doy en adopción a tres perritos hermanos dos hembras y un macho mastines con labrador,tiene 1 añitos y 4 meses pero son grandes,no tengo el tiempo de sacarlos ni el dinero ya que tengo mas animales,no estan adiestrados y estiran bastantes,se pueden adoptar por separado ya que tres son muchos,pero me encantaría que estuvieran juntos porque no se han separado desde que nacieron."
anaa:anaaweb-org-almagreira-dina,61,Almagreira Dina,hembra,43,adulto,2023-01-01,mediano,12.5,Mestizo,mestizo,False,Madrid,*,ANAA — Asociación Nacional Amigos de los Animales,disponible,False,,True,,,anaa,https://www.anaaweb.org/animales/39985,https://www.anaaweb.org/animals/image/39985?field=image_1920,2026-08-03T01:11:33Z,2026-08-03T01:15:20Z,"Anterior Siguiente 1 / 19 Adóptame Apadríname Comparte a ALMAGREIRA DINA ALMAGREIRA DINA Información Básica Especie Perro Raza Mestizo Sexo Hembra Tamaño Mediano Peso 12.5 kg Pelo Duro Color Amarillo Fecha de nacimiento 01/01/2023 Esterilizado Sí Carácter y Compatibilidad Carácter: Todo por descubrir Sobre mí Almagreira llegó con miedo, pero con una enorme capacidad para confiar, sobre todo en otros perros. Convive de maravilla con un compañero al que sigue a todas partes, y juntos, pasan horas "
miwuki:wgnlp1rro4,61,Canela,hembra,52,adulto,,grande,27.0,Mestizo,mestizo,False,Alicante,"Alicante, España",Esteban H.,disponible,False,True,,True,True,miwuki,https://petshelter.miwuki.com/c/wgnlp1rRo4,https://img.miwuki.com/CC2cg3D9,2026-08-03T01:11:33Z,2026-08-03T01:11:33Z,"Hola Canela es una perra de tamaño mediano Es cruce de pitbull y american  Es una perra muy buena, muy cariñosa, le encanta los paseos y es muy sociable, NO ES PELIGROSA !! a pesar de ser raza american/pitbull es muy buena y muy sociable con otros perros. ( con los gatos juega un poco brusca )   La doy en adopción porque mi madre la hospitalizan en casa y no puedo tener mascotas en casa por alergias y por su seguridad y Salud.   Tiene todas las vacunas  Tiene microchip  Tiene pasaporte "
reinasbiberon:14359,61,Chispa,hembra,,,,,,,desconocido,False,Alicante,Alicante,Las Reinas del Biberón,disponible,False,,,,,reinasbiberon,https://www.lasreinasdelbiberon.org/producto/chispa-2/,https://www.lasreinasdelbiberon.org/wp-content/uploads/2026/06/31-1.jpg,2026-08-03T01:11:33Z,2026-08-03T01:11:33Z,"Chispa es una perrita de unos 5 kilos que fue adoptada de nuestra asociación hace años y ha sido una perrita muy querida toda su vida 🐾💛       Tras el fallecimiento de su adoptante, su familia ha intentado hacerse cargo de ella, pero sus circunstancias actuales no les permiten darle la atención que merece.       Es una perrita muy dependiente, cariñosa y noble que necesita una familia donde pueda ser feliz para siempre y olvidar el trauma por el que ha pasado. 🐶✨       Se lleva muy bien con otro"
miwuki:orqaxrnlzx,61,Chop,hembra,83,adulto,,grande,,Mestizo,mestizo,False,Alicante,"Alicante, España",Mascotas de Zero,disponible,False,True,True,True,True,miwuki,https://petshelter.miwuki.com/c/ORQaXrnlZX,https://img.miwuki.com/bO8Ll9u2,2026-08-03T01:11:33Z,2026-08-03T01:11:33Z,"Es un amor de perra. Si lo que buscas es una compañera tranquila y cariñosa ella es ideal.   Llegó aquí con su compañero, él ya ha tenido la suerte de encontrar un hogar, pero ella sigue esperando.   Es compatible con otros perros, sabe pasear con correa y no tendría problema para convivir con niños."
anaa:anaaweb-org-cova,61,Cova,hembra,40,adulto,2023-04-09,mediano,20.0,Mestizo,mestizo,False,Madrid,*,ANAA — Asociación Nacional Amigos de los Animales,disponible,False,,True,,,anaa,https://www.anaaweb.org/animales/43469,https://www.anaaweb.org/animals/image/43469?field=image_1920,2026-08-03T01:11:33Z,2026-08-03T01:15:20Z,"Anterior Siguiente 1 / 16 Adóptame Apadríname Comparte a COVA COVA Información Básica Especie Perro Raza Mestizo Sexo Hembra Tamaño Mediano Peso 20.0 kg Pelo Corto Color Marrón Fecha de nacimiento 09/04/2023 Esterilizado Sí Ver más animales Ayuda a COVA Formulario de Adopción ¡Gracias por elegir la adopción! Nuestro equipo le devolverá el mensaje tan pronto como sea posible. Mientras tanto, le invitamos a visitar nuestras redes sociales Redes sociales Otros Perro s en Adopción"
miwuki:nwwkfbuggr,61,Daga,hembra,148,senior,,,,Mestizo,mestizo,False,Alicante,"Alicante, España",Rescue and Love,disponible,False,True,True,True,True,miwuki,https://petshelter.miwuki.com/c/NWwKfbUgGr,https://img.miwuki.com/oJ5od2H4,2026-08-03T01:11:33Z,2026-08-03T01:11:33Z,"Daga es esta Bóxer de 7 añitos, fue decomisada de un criadero ilegal, donde la tuvieron toda su vida pariendo y arrancándole a sus crías por dinero. Jamás había tenido contacto con otros perros, únicamente para las montas.. es por eso que no termina de congeniar con ellos, con las personas es un auténtico amor como buena Bóxer y perra maltratada. Daga es cariñosa, buena, noble y ahora empieza a jugar (lleva rescatada 4/5 meses). Es positiva a Leishmania, pero su tratamiento estaría cubierto de p"
miwuki:5qkvuxvumw,61,Dona,hembra,163,senior,,,,Mestizo,mestizo,False,Alicante,"Alicante, España",Mascotas de Zero,disponible,False,True,True,True,True,miwuki,https://petshelter.miwuki.com/c/5QKVuXVuMw,https://img.miwuki.com/Og9jL2W8,2026-08-03T01:11:33Z,2026-08-03T01:11:33Z,"Dona fue encontrada en la calle delgadita y un poco sucia, aunque todo indicaba que tenía familia y que pronto volvería a casa, pero no fue así.  Ha compartido jaula con otros perros y es buena con ellos, hasta que hay comida de por medio. Creemos que ha pasado hambre y esto hace que quiera todo para ella. Si no hay comida, juega y se divierte con los otros perros.  Con la gente es simpática y cariñosa, mueve su pequeña colita muy rápido cuando nos ve.  No es compatible con gatos, llaman m"
miwuki:6yxsvu0egq,61,Elsa,hembra,51,adulto,,grande,35.0,Mestizo,mestizo,False,Alicante,"Alicante, España",Sara S.,disponible,False,True,True,True,True,miwuki,https://petshelter.miwuki.com/c/6yxsVU0Egq,https://img.miwuki.com/vs2Kf9b7,2026-08-03T01:11:33Z,2026-08-03T01:11:33Z,Paso 1 año en una protectora y la tenemos en casa 3 años y ahora no disponemos de tiempo para estar con ella
asoka:asokaelgrande-org-laurel,61,Laurel,hembra,46,adulto,,grande,22.6,Galga,raza,False,Alicante,"Alicante 
                 (Alicante)",ASOKA el Grande,disponible,False,,True,True,,asoka,https://asokaelgrande.org/ficha-11144,https://asokaelgrande.org/ficha-banner-11144,2026-08-03T01:11:33Z,2026-08-03T01:11:33Z,"Asoka el Grande - Ficha de Laurel Foto 1 de 21 | Ficha de Laurel en adopción caso especial Nombre Laurel Clase perros Desde 21-6-2024 Sexo Hembra Edad 3 años y 10 meses fecha de nacimiento 9/2022 Raza Galga Tamaño Grande Peso 22,6 KG Localidad Alicante (Alicante) ID 11144 Descripción Bardina y Laurel entraron en su momento al albergue cedidas por su dueño porque ya no podía hacerse cargo de ellas. Laurel es alegre, buena y curiosa. Le gusta asomarse a cotillear cada vez que oye que alguien pasa "
miwuki:fll3iii8n2,61,Liahj,hembra,68,adulto,,grande,36.0,Mestizo,mestizo,False,Alicante,"Alicante, España",Loly F.,disponible,False,True,,True,True,miwuki,https://petshelter.miwuki.com/c/fLL3IIi8n2,https://img.miwuki.com/yU4zj1h2,2026-08-03T01:11:33Z,2026-08-03T01:11:33Z,"Preciosa american bully pocket hembra super cariñosa y obediente con las personas . Le encanta ser hija única 😍 perrita muy mimada y siempre con los mejores cuidados . Perfecta para una familia que tenga espacio para que ella pueda estar, una casa con jardín o una casa grande aunque se adaptara a cualquier lugar si se la trata con mucho cariño. Le encantan los niños y adora los mimitos y que estén pendiente de ella. No apta para familias con otros perros."
miwuki:bvk31emycw,61,Lucy,hembra,132,senior,,,,Mestizo,mestizo,False,Alicante,"Alicante, España",Rescate Animal Marina Alta,disponible,False,True,,,True,miwuki,https://petshelter.miwuki.com/c/Bvk31EMYcW,https://img.miwuki.com/cg3Oc5F9,2026-08-03T01:11:33Z,2026-08-03T01:11:33Z,"Lucy, hembra, 2 años, Pointer inglés, positiva en leishmania ( bajo control) asustadiza, sociable con otros perros. Dulce y cariñosa. Lucy, female, 2 years old, English Pointer, leishmaniasis positive ( under control) Shy at the beginning, good with other Dogs. Sweet and loving girl."
miwuki:tqdjbrkdug,61,Luna,hembra,60,adulto,,grande,25.0,Mestizo,mestizo,False,Alicante,"Alicante, España",Jorge R.,disponible,False,True,,True,True,miwuki,https://petshelter.miwuki.com/c/tQdJbrkdug,https://img.miwuki.com/fz5Qj5e7,2026-08-03T01:11:33Z,2026-08-03T01:11:33Z,"Necesitamos dar a Luna en adopción por no poder darle todo el tiempo necesario, la perrita es muy buena siempre quiere jugar. Es una perrita muy familiar."
miwuki:0hkz7fchxt,61,Nala,hembra,64,adulto,,grande,25.0,Mestizo,mestizo,False,Alicante,"Alicante, España",Nataly S.,disponible,False,True,,True,True,miwuki,https://petshelter.miwuki.com/c/0HKZ7fChxt,https://img.miwuki.com/eW0Tj9I4,2026-08-03T01:11:33Z,2026-08-03T01:11:33Z,"ADOPCIÓN EN ALICANTE  Buscamos un hogar responsable para Nala, es una hembra de 1 año y 5 meses, mezcla de Bretón, tiene puestas las vacunas correspondientes a su edad, lleva chip y pasaporte.  Es muy cariñosa, juguetona, se lleva bien con otros perros y gatos, ha estado con niños."
anaa:anaaweb-org-nami,61,Nami,hembra,76,adulto,2020-04-09,mediano,25.5,Mestizo,mestizo,False,Madrid,*,ANAA — Asociación Nacional Amigos de los Animales,disponible,False,,True,,,anaa,https://www.anaaweb.org/animales/43468,https://www.anaaweb.org/animals/image/43468?field=image_1920,2026-08-03T01:11:33Z,2026-08-03T01:15:20Z,"Anterior Siguiente 1 / 5 Adóptame Apadríname Comparte a NAMI NAMI Información Básica Especie Perro Raza Mestizo Sexo Hembra Tamaño Mediano Peso 25.5 kg Pelo Corto Color Blanco / Negro Fecha de nacimiento 09/04/2020 Esterilizado Sí Ver más animales Ayuda a NAMI Formulario de Adopción ¡Gracias por elegir la adopción! Nuestro equipo le devolverá el mensaje tan pronto como sea posible. Mientras tanto, le invitamos a visitar nuestras redes sociales Redes sociales Otros Perro s en Adopción"
miwuki:z3utjnm3ag,61,Nieve,hembra,122,senior,,,,Mestizo,mestizo,False,Alicante,"Alicante, España",Proyecto Cuatro Patas,disponible,False,True,,,True,miwuki,https://petshelter.miwuki.com/c/z3uTJnM3AG,https://img.miwuki.com/AF4mt3r7,2026-08-03T01:11:33Z,2026-08-03T01:11:33Z,
miwuki:ssvb5ixzhq,61,Tally,hembra,156,senior,,,,Mestizo,mestizo,False,Alicante,"Alicante, España",Rescate Animal Marina Alta,disponible,False,True,,,,miwuki,https://petshelter.miwuki.com/c/SsVB5Ixzhq,https://img.miwuki.com/ty5lD7E2,2026-08-03T01:11:33Z,2026-08-03T01:11:33Z,"Tally, hembra de 3,5 años raza pastor Malinois. Muy obediente y sociable, conoce juegos de obediencia y está acostumbrada a realizar entrenamientos como Dog dancing etc.. Tuvo un accidente y solo le funciona un pulmón aunque no necesita medicamentos, solo comida especial. Hace una vida normal solo que baja en ejercicio físico fuerte. Sabe convivir en casa con niños , es limpia, pasea bien con correa, viaja muy bien en el coche, le gusta el transportin. Tally, female, 3,5 years old, obedient and "
miwuki:min220nocr,60,Alma,hembra,84,adulto,,,,Mestizo,mestizo,False,Alicante,"Alicante, España",Protectora de Animales y Plantas de Alcoy,disponible,False,,,,,miwuki,https://petshelter.miwuki.com/c/mIN220Nocr,https://img.miwuki.com/Hc6XB0B0,2026-08-03T01:11:33Z,2026-08-03T01:11:33Z,"Alma iba con su compañera de viaje por la montaña del Preventorio, más tarde nos enteramos que las habían visto por allí dos días antes. Estaban corriendo y jugando, una chica que paseaba con su perro se las llevó detrás de ella dándoles su bocadillo hasta la protectora.  Alma es genial, feliz, divertida, sociable y muy cariñosa. Le encanta jugar con otros perros, pero siempre sigue a su compañera de viaje.  Es una perra que, pese a que no es muy grande, tiene mucha energía y necesita agotar"
villena:9977,60,As,macho,15,joven,2025-05-01,mediano,23.0,,desconocido,False,Alicante,Alicante,SPAP Villena,disponible,False,,,,,villena,https://protectoravillena.com/animal/as/,https://protectoravillena.com/wp-content/uploads/As-1.jpg,2026-08-03T01:11:33Z,2026-08-03T01:11:33Z,"As llegó a la protectora el 30 de mayo de 2026 y todavía está en pleno proceso de adaptación a su nuevo entorno. Por ahora, se muestra como un perro un poco tímido, algo normal teniendo en cuenta que acaba de llegar. Aun así, también se le ve curioso y con una tranquilidad media, observando lo que ocurre a su alrededor sin grandes sobresaltos. Se deja querer y acepta el contacto con buena disposición, aunque todavía está descubriendo a su ritmo a las personas y el lugar donde se encuentra.   Es "
miwuki:b6aqk1rv1v,60,Bela,hembra,65,adulto,,,,Mestizo,mestizo,False,Alicante,"Alicante, España",Protectora de Animales y Plantas de Alcoy,disponible,False,,,,,miwuki,https://petshelter.miwuki.com/c/b6aqk1rv1v,https://img.miwuki.com/eh1kv8q7,2026-08-03T01:11:33Z,2026-08-03T01:11:33Z,"Bela estuvo toda una mañana correteando y huyendo de la gente que la quería coger cerca del parque de Batoy. Finalmente una chica con mucha paciencia logró cogerla, tenía mucho miedo y huía de las personas.  Bela en un principio es desconfiada, pero le dura minutos, luego es una perrita adorable a la que le encanta que la acaricien y la mimen. Le encanta jugar con otros perros.  Bela necesita un hogar donde pueda dar todo el cariño que tiene."
miwuki:s1cgrqxuau,60,Camada de Mezcla,hembra,47,adulto,,,,Mestizo,mestizo,False,Alicante,"Alicante, España",Shayla M.,disponible,False,,,,,miwuki,https://petshelter.miwuki.com/c/s1cGrQXuAu,https://img.miwuki.com/RN8Ha4F5,2026-08-03T01:11:33Z,2026-08-03T01:11:33Z,"pongo en adopcion 4 hembras nacieron el 9 de agosto, su padre el bulterrier y su madre es mezcla de labrador, la mama no les puede dar mucho mas de mamar."
kerubi:dartakan,60,Dartakan,macho,13,joven,2025-07-16,mediano,,Shar Pei,raza,False,Valencia,Valencia,Salvando patitas,disponible,False,,,,,kerubi,https://kerubi.es/animales/perros-en-adopcion/dartakan/,https://kerubi.es/wp-content/uploads/2026/07/FB_IMG_1784970499172.jpg,2026-08-03T01:11:33Z,2026-08-03T01:11:33Z,"Dartakan ha sido literalmente descartado (aunque suene duro para quienes queremos a los animales) de un criadero porque ya no les servía ⚠️🙏🏽 Ahora busca un hogar de verdad, donde ser feliz para toda la vida. Tiene apenas 1 añito. Es algo miedoso al principio, pero un trocito de pan. Tenemos que realizarle pruebas de visión porque creemos que no ve bien. Quien lo adopte tiene que saber cuáles son los problemas de salud que tiene esta raza a corto o largo plazo para asegurar al máximo que va a es"
miwuki:honrs6pnim,60,Mali,hembra,77,adulto,,,,Mestizo,mestizo,False,Alicante,"Alicante, España",Protectora de Animales y Plantas de Alcoy,disponible,False,,,,,miwuki,https://petshelter.miwuki.com/c/HOnRS6pniM,https://img.miwuki.com/JU5cz1P2,2026-08-03T01:11:33Z,2026-08-03T01:11:33Z,"Mali iba corriendo y jugando cerca del restaurante del Lolo, llevaba un collar viejo pero por supuesto no tenía chip y nadie ha preguntado por ella.  Es una perra con mucha energía que parece que no ha tenido mucha relación con las personas. Necesita una persona que haya manejado este tipo de animales, son una raza de trabajo (pastor belga malinoise) y la persona que quiera adoptarla deberá tenerlo en cuenta por el bienestar del animal.  Mali necesita espacio para correr, tiempo para inverti"
miwuki:iw6t1c1aoj,60,Sasha,hembra,64,adulto,,,,Mestizo,mestizo,False,Alicante,"Alicante, España",Protectora de Animales y Plantas de Alcoy,disponible,False,,,,,miwuki,https://petshelter.miwuki.com/c/iw6T1C1aOj,https://img.miwuki.com/AB8Dl4x8,2026-08-03T01:11:33Z,2026-08-03T01:11:33Z,"A Sasha la recogimos con ayuda de los bomberos en un pozo de unos cuatro metros de profundidad. Una señora fue a buscarla porque llevaba dos días oyendo llorar a un perro, pero no lo veía. Sasha estaba asustada, sin agua sin comida, finalmente entre nuestro compañero y los bomberos pudieron sacarla de allí y traerla a la protectora.  Sasha es todavía una cachorra, le encanta jugar y correr y a pesar de que la abandonaran le encanta el contacto con el ser humano. Le gusta mucho que la acaricien"
miwuki:l64dmpkjtk,59,Akira,hembra,29,joven,,grande,,Mestizo,mestizo,False,Valencia,"Valencia, España",Helpdog Valencia,disponible,False,,,,,miwuki,https://petshelter.miwuki.com/c/L64DmPKJTk,https://img.miwuki.com/EK4iK5z7,2026-08-03T01:11:33Z,2026-08-03T01:11:33Z,"🐾AKIRA BUSCA ACOGIDA INDEFINIDA O ADOPCIÓN 🏡  Akira tiene 1 añito recién cumplido, pesa aprox 25 kg. Necesita urgente una familia de acogida indefinida o adopción.   👉 Lo ideal sería casa con terreno o chalet. Pero puede vivir en piso también.  👉 Es dominante en casa, por lo que lo ideal sería no vivir con otros animales.  👉 Según con qué perros se lleva bien o mal.  👉Es muy cariñosa y le encanta las caricias. 👉 Activa y juguetona.   ¿Te animas a darle una nueva vida?  ▪️TODOS NUESTROS PERRETES "
villena:10079,59,Berta,hembra,19,joven,2025-01-01,gigante,45.0,,desconocido,False,Alicante,Alicante,SPAP Villena,disponible,False,,,,,villena,https://protectoravillena.com/animal/berta/,https://protectoravillena.com/wp-content/uploads/Berta-1.jpg,2026-08-03T01:11:33Z,2026-08-03T01:11:33Z,"Berta llegó a la protectora el 21 de julio de 2026 y, desde entonces, nos ha demostrado que es una auténtica joya.   Es una perra increíblemente buena y muy, muy cariñosa. Si hay algo que le hace feliz es estar cerca de las personas y recibir mimos. Le encanta el contacto humano y no tarda en acercarse para pedir un poco de atención&#8230; aunque a veces se olvida de lo grande que es y se planta a tu lado convencida de que todavía cabe perfectamente para recibir un abrazo.   Es de esas perras qu"
miwuki:ownbgayn8t,59,Bulma,hembra,31,joven,,grande,22.0,Mestizo,mestizo,False,Murcia,"Murcia, España",Cuatro Patas Jumilla,disponible,False,,True,True,True,miwuki,https://petshelter.miwuki.com/c/OwNBgaYN8T,https://img.miwuki.com/yr8sK8w2,2026-08-03T01:11:33Z,2026-08-03T01:11:33Z,"Carácter: Muy cariñosa, juguetona y sociable Historia: Encontrada sola en el Jardín del Rey Don Pedro el 25 de mayo. Salud: No tiene analítica. No tiene síntomas de enfermedad."
anaa:anaaweb-org-chuche,59,Chuche,hembra,88,adulto,2019-04-22,mediano,30.9,Mestizo,mestizo,False,Madrid,*,ANAA — Asociación Nacional Amigos de los Animales,disponible,False,,True,,,anaa,https://www.anaaweb.org/animales/42236,https://www.anaaweb.org/animals/image/42236?field=image_1920,2026-08-03T01:11:33Z,2026-08-03T01:15:20Z,"Anterior Siguiente 1 / 4 Adóptame Apadríname Comparte a CHUCHE CHUCHE Información Básica Especie Perro Raza Mestizo Sexo Hembra Tamaño Mediano Peso 30.9 kg Pelo Corto Color Blanco Fecha de nacimiento 22/04/2019 Esterilizado Sí Carácter y Compatibilidad Carácter: Tímida, necesita paciencia y cariño. Sobre mí Es reservada y tímida. Ha vivido muchos años en la calle, seguramente teniendo muchos peligros y sobreviviendo como ha podido. No ha tenido apenas contacto con los humanos, y el poco que ha t"
anaa:anaaweb-org-cleo,59,Cleo,hembra,102,senior,2018-02-11,mediano,25.5,Mestizo,mestizo,False,Madrid,*,ANAA — Asociación Nacional Amigos de los Animales,disponible,False,,True,,,anaa,https://www.anaaweb.org/animales/43233,https://www.anaaweb.org/animals/image/43233?field=image_1920,2026-08-03T01:11:33Z,2026-08-03T01:15:20Z,"Anterior Siguiente 1 / 9 Adóptame Apadríname Comparte a CLEO CLEO Información Básica Especie Perro Raza Mestizo Sexo Hembra Tamaño Mediano Peso 25.5 kg Pelo Medio Color Negro Fecha de nacimiento 11/02/2018 Esterilizado Sí Padrinos Maria del Sol Sedano Ver más animales Ayuda a CLEO Formulario de Adopción ¡Gracias por elegir la adopción! Nuestro equipo le devolverá el mensaje tan pronto como sea posible. Mientras tanto, le invitamos a visitar nuestras redes sociales Redes sociales Otros Perro s en"
anaa:anaaweb-org-coscoja-arganda,59,Coscoja Arganda,hembra,130,senior,2015-10-14,mediano,19.0,Mestizo,mestizo,False,Madrid,*,ANAA — Asociación Nacional Amigos de los Animales,disponible,False,,True,,,anaa,https://www.anaaweb.org/animales/42822,https://www.anaaweb.org/animals/image/42822?field=image_1920,2026-08-03T01:11:33Z,2026-08-03T01:15:20Z,"Anterior Siguiente 1 / 6 Adóptame Apadríname Comparte a COSCOJA ARGANDA COSCOJA ARGANDA Información Básica Especie Perro Raza Mestizo Sexo Hembra Tamaño Mediano Peso 19.0 kg Pelo Corto Color Negro / Fuego Fecha de nacimiento 14/10/2015 Esterilizado Sí Carácter y Compatibilidad Carácter: Un mundo por ver. Necesitan serenidad y cariño. Sobre mí ANAA, junto a otras entidades de protección animal, se ha hecho cargo de un elevado número de animales incautados. Ellos han vivido siempre en pésimas cond"
ibi:protectoradeibi-com-fausti,59,Fausti,hembra,141,senior,,grande,,Podenco,raza,False,Alicante,"Ibi 
                 (Alicante)",Protectora de Ibi,disponible,False,,,,,ibi,https://protectoradeibi.com/ficha-2375,https://protectoradeibi.com/ficha-banner-2375,2026-08-03T01:11:33Z,2026-08-03T01:11:33Z,"Protectora de Ibi - Ficha de Fausti Sociedad protectora de animales de Ibi Foto 1 de 7 | Ficha de Fausti en adopción caso especial Nombre Fausti Clase Perro Desde 21-5-2024 Sexo Hembra Edad 11 años y 9 meses fecha de nacimiento 10/2014 Raza Podenco Tamaño Grande Altura 63cm Localidad Ibi (Alicante) ID 2375 Descripción FAUSTI: LA PERRA QUE CAMBIÓ SU PROPIO DESTINO Fausti no es una perrita cualquiera; es una superviviente nata. Cuando la rescatamos tenía 9 años, pero nos costó 3 largos años hacern"
anaa:anaaweb-org-fortuna,59,Fortuna,hembra,90,adulto,2019-02-11,mediano,31.0,Mestizo,mestizo,False,Madrid,*,ANAA — Asociación Nacional Amigos de los Animales,disponible,False,,True,,,anaa,https://www.anaaweb.org/animales/43234,https://www.anaaweb.org/animals/image/43234?field=image_1920,2026-08-03T01:11:33Z,2026-08-03T01:15:20Z,"Anterior Siguiente 1 / 11 Adóptame Apadríname Comparte a FORTUNA FORTUNA Información Básica Especie Perro Raza Mestizo Sexo Hembra Tamaño Mediano Peso 31.0 kg Pelo Corto Color Tricolor Fecha de nacimiento 11/02/2019 Esterilizado Sí Padrinos Elena Solano Ver más animales Ayuda a FORTUNA Formulario de Adopción ¡Gracias por elegir la adopción! Nuestro equipo le devolverá el mensaje tan pronto como sea posible. Mientras tanto, le invitamos a visitar nuestras redes sociales Redes sociales Otros Perro"
miwuki:vxfhta6lpz,59,Gala,hembra,125,senior,,grande,30.0,Mestizo,mestizo,False,Alicante,"Alicante, España",Mi Pequeño Refugio,disponible,False,True,True,True,True,miwuki,https://petshelter.miwuki.com/c/VXFHtA6lPZ,https://img.miwuki.com/Sl1iP8m6,2026-08-03T01:11:33Z,2026-08-03T01:11:33Z,
anaa:anaaweb-org-gominola,59,Gominola,hembra,88,adulto,2019-04-22,mediano,35.0,Mestizo,mestizo,False,Madrid,*,ANAA — Asociación Nacional Amigos de los Animales,disponible,False,,True,,,anaa,https://www.anaaweb.org/animales/42235,https://www.anaaweb.org/animals/image/42235?field=image_1920,2026-08-03T01:11:33Z,2026-08-03T01:15:20Z,"Anterior Siguiente 1 / 12 Adóptame Apadríname Comparte a GOMINOLA GOMINOLA Información Básica Especie Perro Raza Mestizo Sexo Hembra Tamaño Mediano Peso 35.0 kg Pelo Corto Color Crema Fecha de nacimiento 22/04/2019 Esterilizado Sí Carácter y Compatibilidad Carácter: Necesita aprender a confiar. Bueno con perros Sobre mí Es reservada y tímida. Ha vivido muchos años en la calle, seguramente teniendo muchas camadas y ganándose la vida como ha podido. No ha tenido apenas contacto con los humanos, y "
miwuki:fcr0bomjrp,59,Koko,hembra,30,joven,,grande,,Mestizo,mestizo,False,Valencia,"Valencia, España",Helpdog Valencia,disponible,False,,,,,miwuki,https://petshelter.miwuki.com/c/fCr0BOmJRp,https://img.miwuki.com/gx5XU6o2,2026-08-03T01:11:33Z,2026-08-03T01:11:33Z,"🐾 KOKO EN ADOPCIÓN 🐾  Koko tiene un año y poco pesa 20 kg. Es muy juguetona e inquieta. Necesita mucha actividad independientemente de las salidas. Sociable con otros perros. No testada con gatos.   📝 Si quieres adoptar, contactanos por WhatsApp al 622446110, para enviarte el cuestionario.   📍 Valencia. La adopción en principio será solo en la comunidad valenciana.   👣 Nos ayudas a seguir adelante?   Hazte teaming por tan solo 1€ al mes.   www.teaming.net/helpdogvalencia"
anaa:anaaweb-org-lalka,59,Lalka,hembra,113,senior,2017-03-09,mediano,21.0,Mestizo,mestizo,False,Madrid,*,ANAA — Asociación Nacional Amigos de los Animales,disponible,False,,True,,,anaa,https://www.anaaweb.org/animales/43336,https://www.anaaweb.org/animals/image/43336?field=image_1920,2026-08-03T01:11:33Z,2026-08-03T01:15:20Z,"Anterior Siguiente 1 / 3 Adóptame Apadríname Comparte a LALKA LALKA Información Básica Especie Perro Raza Mestizo Sexo Hembra Tamaño Mediano Peso 21.0 kg Pelo Corto Color Canela Fecha de nacimiento 09/03/2017 Esterilizado No Ver más animales Ayuda a LALKA Formulario de Adopción ¡Gracias por elegir la adopción! Nuestro equipo le devolverá el mensaje tan pronto como sea posible. Mientras tanto, le invitamos a visitar nuestras redes sociales Redes sociales Otros Perro s en Adopción"
miwuki:8dn3mh6id4,59,Martina,hembra,31,joven,,grande,26.0,Mestizo,mestizo,False,Murcia,"Murcia, España",Cuatro Patas Jumilla,disponible,False,,True,True,True,miwuki,https://petshelter.miwuki.com/c/8dn3MH6Id4,https://img.miwuki.com/nk7wJ0N8,2026-08-03T01:11:33Z,2026-08-03T01:11:33Z,"Carácter: Muy cariñosa, le encanta, le chifla estar con gente, estar en contacto y acompañada.// Paseo con correa: Sí, parece que nunca había paseado, pero poco a poco, cada vez va más segura// Historia: Encontrada durante una tormenta arrastrando del cuello una cadena de dos metros//"
miwuki:o3zevil8ig,59,Nala,hembra,27,joven,,grande,,Mestizo,mestizo,False,Castellón,"Castellón, España",Refugio Alcolea,disponible,False,,,,,miwuki,https://petshelter.miwuki.com/c/o3ZeViL8Ig,https://img.miwuki.com/eN3Xl2q8,2026-08-03T01:11:33Z,2026-08-03T01:11:33Z,
miwuki:sgvlkhkjxm,59,Nana,hembra,168,senior,,grande,26.0,Mestizo,mestizo,False,Alicante,"Alicante, España",Rescate Animal Marina Alta,disponible,False,True,True,,,miwuki,https://petshelter.miwuki.com/c/sgvLKhkjxm,https://img.miwuki.com/BF3qB2t5,2026-08-03T01:11:33Z,2026-08-03T01:11:33Z,"Nana, hembra, 4 años, mestiza Husky y pastor alemán, analíticas perfectas, vacunas, chip, pasaporte, esterilizada. Perfecta convivencia con niños, con perros, no apta con gatos. Está en aprendizaje para pasear bien con la correa por que nunca la enseñaron, en casa es tranquila. Esta en Denia (Alicante), residencia 80? al mes (sin padrino) Contacto: [email protected] ? en Jávea."
miwuki:tg5ywglzg3,59,Norma Jean,hembra,34,joven,,grande,,Mestizo,mestizo,False,Valencia,"Valencia, España",Adaana,disponible,False,,True,True,True,miwuki,https://petshelter.miwuki.com/c/Tg5Ywglzg3,https://img.miwuki.com/fO1DX0W2,2026-08-03T01:11:33Z,2026-08-03T01:11:33Z,"Norma pasó mucho tiempo en la calle, tenía mucho miedo y estaba muy bloqueada. Al final, la pudimos rescatar y ahora en su casa de acogida está aprendiendo a confiar en las personas. Es muy buena, a pesar de sus miedos, es muy sociable con otros perros, aunque cuando hay comida y agua de por medio, es algo territorial. Ella es tranquila generalmente, a pesar de ser jovencita. Escribe a [email protected] , si quieres darle un hueco en tu vida."
kerubi:p1816-jade,59,P1816 – Jade,hembra,28,joven,2024-04-22,grande,,Mestizo,mestizo,False,Castellón,Castellón,Huellas Callejeras,disponible,False,,True,,,kerubi,https://kerubi.es/animales/perros-en-adopcion/p1816-jade/,https://kerubi.es/wp-content/uploads/2024/04/d6cf6888-52ff-4980-a4f6-a1e84645cf7e.jpeg,2026-08-03T01:11:33Z,2026-08-03T01:11:33Z,"Jade es una preciosa perrita mestiza, de tamaño mediano/grande, cariñosa y bastante independiente, en busca de un nuevo hogar. Apareció en Abril por el grupo Roser, cerca del asador 7 de julio, al no salir adopción para ella, y dado que la mujer que la encontró nos pidió ayuda, ya que debía pasar por una operación y no podía ocuparse de ella, nos hicimos cargo de ella. Jade es una perra de energía media, cariñosa y bastante independiente, es sociable, se lleva bien con personas y perros (con gat"
anaa:anaaweb-org-pekas,59,Pekas,hembra,102,senior,2018-02-10,mediano,31.5,Mestizo,mestizo,False,Madrid,*,ANAA — Asociación Nacional Amigos de los Animales,disponible,False,,True,,,anaa,https://www.anaaweb.org/animales/33863,https://www.anaaweb.org/animals/image/33863?field=image_1920,2026-08-03T01:11:33Z,2026-08-03T01:15:20Z,"Anterior Siguiente 1 / 11 Adóptame Apadríname Comparte a PEKAS PEKAS Información Básica Especie Perro Raza Mestizo Sexo Hembra Tamaño Mediano Peso 31.5 kg Pelo Corto Color Blanco / Negro Fecha de nacimiento 10/02/2018 Esterilizado Sí Carácter y Compatibilidad Carácter: Vital y enérgica Sobre mí Llegó muy descentrada a ANAA y ha mejorado mucho, aunque estar en ANAA le causa mucho estrés. Ahora disfruta más de los paseos y del pequeño entorno donde puede pasear, es reducido, pero algo le desfoga. "
miwuki:2ijftv6ry4,59,Trufa,hembra,134,senior,,grande,32.0,Mestizo,mestizo,False,Alicante,"Alicante, España",Baix Vinalopó,disponible,False,True,True,True,True,miwuki,https://petshelter.miwuki.com/c/2iJFTv6Ry4,https://img.miwuki.com/zY7HD6h2,2026-08-03T01:11:33Z,2026-08-03T01:11:33Z,"Trufa es una perra muy buena y juguetona, se lleva bien con otros perros y con niños es cuidadosa. le encanta la pelota y jugar sin parar, es ideal para un campo, es muy guardiana de su casa. Tiene la particularidad de que es sorda, pero eso no interfiere en absoluto en su vida, obedece bien las ordenes con gestos, por motivos personales ya no la pueden mantener. Quieres ser tú el que le de esa oportunidad que se merece?..."
miwuki:rlbmjgytyw,59,Vida,hembra,118,senior,,grande,30.0,Mestizo,mestizo,False,Alicante,"Alicante, España",AdoptMe Spain,disponible,False,True,True,True,True,miwuki,https://petshelter.miwuki.com/c/rLbmjgytyW,https://img.miwuki.com/HL2EE7j9,2026-08-03T01:11:33Z,2026-08-03T01:11:33Z,"Vida sigue buscando hogar. Nadie se ha interesado por ella. Vida es un Pitbull. Es otra perra que salió de Ciudad Rodrigo, Salamanca y tristemente sigue dando vueltas sin tener familia.  Vida es activa, cariñosa y juguetona. Sociable con machos y hembras. Apta con niños. Sabe andar con correa.  Se entrega esterilizada, vacunada, desparasitada y chipada. Necesaria licencia PPP en España.  Actualmente se encuentra en la provincia de Alicante pero puede viajar sin problema.  Contacto WhatsA"
miwuki:tozkratysp,58,Brisca,hembra,54,adulto,,,,Mestizo,mestizo,False,Murcia,"Murcia, España",Superppperros,disponible,False,True,True,True,True,miwuki,https://petshelter.miwuki.com/c/ToZkrATYSP,https://img.miwuki.com/LA1bR6O9,2026-08-03T01:11:33Z,2026-08-03T01:11:33Z,"Brisca llegó en abril de 2022 a nosotras con tan sólo 4 meses de vida. Al principio lo pasó muy muy mal en una jaula, no entendía qué había hecho mal para que en su corta vida acabara en un albergue, esperando... Lleva ya un año esperando a que alguien se fije en ella.  Es una adolescente muy activa, alegre, saltarina, brutita pero hipercariñosa y muy muy sociable con toooodo el mundo humano y perruno. No está testada con gatos, pero sería posible testarla. Convive perfectamente con Harper en el"
villena:9995,58,Chico,macho,17,joven,2025-03-01,pequeno,10.0,,desconocido,False,Alicante,Alicante,SPAP Villena,disponible,False,,,,,villena,https://protectoravillena.com/animal/chico/,https://protectoravillena.com/wp-content/uploads/Chico-2.jpg,2026-08-03T01:11:33Z,2026-08-03T01:11:33Z,"Chico llegó a la protectora el 5 de abril de 2026 y desde entonces hemos ido conociendo mejor su forma de ser.   Es un perro activo, despierto y muy pizpireto, siempre atento a lo que ocurre a su alrededor. Convive bien con otros perros, por lo que puede compartir espacio con compañeros caninos sin problemas.   Con las personas ha hecho progresos desde su llegada, pero todavía está en proceso de aprender a confiar plenamente. Necesita que se respeten sus tiempos y que las presentaciones y el vín"
miwuki:fxotwfhsju,58,Estrella,hembra,100,senior,,,,Mestizo,mestizo,False,Alicante,"Alicante, España",Protectora de Animales y Plantas de Alcoy,disponible,False,,,,,miwuki,https://petshelter.miwuki.com/c/fxotwfhsJU,https://img.miwuki.com/Ve9rK0a9,2026-08-03T01:11:33Z,2026-08-03T01:11:33Z,"Estrella, junto con su compañera, estaban jugando por la montaña del Preventorio, más tarde nos enteramos que llevaban por allí dos días. Ese día una chica que iba paseando con su perro, dándole su bocadillo, se las llevó hasta la protectora.  Estrella es una perra encantadora, muy simpática y sociable. No tiene problemas con otros perros, pero siempre va junto su amiga, a veces parecen siamesas."
miwuki:ex6gap6vms,58,Gina,hembra,115,senior,,,,Mestizo,mestizo,False,Alicante,"Alicante, España",Rescue and Love,disponible,False,,True,True,True,miwuki,https://petshelter.miwuki.com/c/Ex6GAp6VmS,https://img.miwuki.com/fv6cy6D8,2026-08-03T01:11:33Z,2026-08-03T01:11:33Z,"Urko y Gina son 2 mestizos de American Staffordshire Terrier Blue de 4/5 añitos. Ambos fueron sacados juntos de una perrera y desde entonces buscan eso que parece no llegar nunca: un hogar. Tres años tras los muros es demasiado tiempo para cualquier ángel que el único delito que ha cometido es nacer en un mundo irresponsable. Buscamos para ellos una adopción conjunta, ya que han pasado por todo juntos y son inseparables. No terminan de congeniar con sus compañeros, en cambio entre ellos forman u"
miwuki:uob4e5caso,58,Kendra,hembra,75,adulto,,,,Mestizo,mestizo,False,Valencia,"Valencia, España",Rescue and Love,disponible,False,True,True,True,True,miwuki,https://petshelter.miwuki.com/c/uOB4E5CASo,https://img.miwuki.com/qO6Jj8Z3,2026-08-03T01:11:33Z,2026-08-03T01:11:33Z,"Kendra es esta mesticita de PPP de 3 añitos, fue sacada de la perrera dónde por su cruce y color no le quedaban muchas más horas de vida. No sabemos cómo una cosita tan tierna ha podido ser llevado al matadero por la que se hizo llamar su familia. Kendra es buena hasta decir basta, le encantan los mimos, jugar con cualquier palito que encuentra y las largas siestas al sol. Nos tiene el corazón robado, y es que el que no se rinda ante esos ojazos, de amor anda justito. Analíticas estupendas. Nece"
miwuki:zianxb4ho6,58,Lassie,hembra,67,adulto,,,,Mestizo,mestizo,False,Murcia,"Murcia, España",Apama Nature,disponible,False,True,True,True,True,miwuki,https://petshelter.miwuki.com/c/zianxb4Ho6,https://img.miwuki.com/Rd4Vm3l0,2026-08-03T01:11:33Z,2026-08-03T01:11:33Z,"Mi anterior propietario me tiró a la calle al ver mis heridas y mal estado de mi pelo. Soy positiva a leishmaniasis pero está totalmente controlado y mi condición ha mejorado muchísimo. Soy muy cariñosa, me llevo bien con todos los perros y tolero muy bien a los gatos."
miwuki:zmnjbasnvv,58,María,hembra,123,senior,,,,Mestizo,mestizo,False,Alicante,"Alicante, España",Protectora de Animales y Plantas de Alcoy,disponible,False,,,,,miwuki,https://petshelter.miwuki.com/c/ZmnjbASnvV,https://img.miwuki.com/Bj9un0W7,2026-08-03T01:11:33Z,2026-08-03T01:11:33Z,"María es una podenquita que se encontraron y la llevaron a la Policía Local. Probablemente se escaparía y no vinieron a recuperarla.  Es un poco trasto, le gusta mucho jugar con todos sus amigos, pero sino los conoce los primeros días se hace la dura y les ladra.  Es cariñosa y obediente, como buena podenca, le encanta correr."
miwuki:98o0qgkuhc,58,Mika,hembra,130,senior,,,,Mestizo,mestizo,False,Alicante,"Alicante, España",Protectora de Animales y Plantas de Alcoy,disponible,False,,True,,,miwuki,https://petshelter.miwuki.com/c/98o0qGkuhc,https://img.miwuki.com/GR9AO3M1,2026-08-03T01:11:33Z,2026-08-03T01:11:33Z,"Mika fue recogida de una vivienda por aviso de la Policía Local. Estaba desnutrida y deshidratada. Después de varias pruebas le detectaron leishmania.  Le ha costado mucho recuperar peso, pero ahora está preciosa. Le encanta correr, jugar y sobre todo comer paté y ponerse al sol. Es una perra muy cariñosa y obediente que no tiene problemas con nadie."
miwuki:e7bb2pbodi,58,Muffin,hembra,120,senior,,,,Mestizo,mestizo,False,Alicante,"Alicante, España",Rescate Animal Marina Alta,disponible,False,,,,True,miwuki,https://petshelter.miwuki.com/c/e7bB2pbodI,https://img.miwuki.com/oI7ZZ1o8,2026-08-03T01:11:33Z,2026-08-03T01:11:33Z,"Muffin, hembra, 9 meses, cruce de amstaff, está sana y muy sociable con gente, necesita una familia con experiencia en la raza que pueda trabajar con ella para que socialice con otros perros, en este momento les tiene miedo y desconfianza. Muffin, female, 9 months old, amstaff cross, she is healthy and very good with people, obedient and intelligent. Needs an experienced family in this breed. At this moment she is scared of the other dogs so needs some training."
miwuki:bfdrfs87pm,58,Nanuca,hembra,64,adulto,,,,Mestizo,mestizo,False,Valencia,"Valencia, España",Rescue and Love,disponible,False,True,True,True,True,miwuki,https://petshelter.miwuki.com/c/bFDRfS87pM,https://img.miwuki.com/hv8bg9r8,2026-08-03T01:11:33Z,2026-08-03T01:11:33Z,"Nanuca es esta Podenca de 2 añitos con unos ojos que quitan el sentido. Fue rescatada de la perrera donde la dejaron como un trasto viejo. Es lo que tiene nacer perro de caza en la España profunda, si no sirves para ello el precio a pagar es tu propia vida. Nanuca es un cascabel, le encanta trotar por todo el refugio, robarle besos a sus compañeros y entretenerse con cualquier palito que encuentra a su paso. Buscamos una familia que jamás la vuelva a abandonar. Analíticas estupendas. Apta con he"
miwuki:sz5czrnnum,58,Ninet,hembra,75,adulto,,,,Mestizo,mestizo,False,Valencia,"Valencia, España",Rescue and Love,disponible,False,True,True,True,True,miwuki,https://petshelter.miwuki.com/c/SZ5CZrNnuM,https://img.miwuki.com/kH5HK1u1,2026-08-03T01:11:33Z,2026-08-03T01:11:33Z,"Ninet es esta mestiza de Labrador de 3 añitos, fue sacada de la perrera donde ya estaba pasada de plazo y bueno, ya sabéis lo que ocurre cuando eso pasa. Por suerte nos vamos a esforzar para que su suerte cambie y tenga una familia que jamás de los jamases la vuelva a abandonar. Ninet es toda una zalamera profesional, adora el contacto humano, disfruta de la compañía de los demás peludos del refugio y adora tomar el sol. No hay peros para esta princesa. Analíticas estupendas. Apta con hembras y "
miwuki:7ehmygdukq,58,Ninette,hembra,48,adulto,,,,Mestizo,mestizo,False,Murcia,"Murcia, España",Apama Nature,disponible,False,True,,True,True,miwuki,https://petshelter.miwuki.com/c/7EhmYGDUkQ,https://img.miwuki.com/cv0hB5T6,2026-08-03T01:11:33Z,2026-08-03T01:11:33Z,"Soy de una camada nacida en el campo, mis 4 hermanos y yo fuimos rescatados y necesitamos crecer en un cálido hogar"
miwuki:h4cm0elcre,58,Raven,hembra,58,adulto,,,,Mestizo,mestizo,False,Valencia,"Valencia, España",Lacua,disponible,False,True,,,True,miwuki,https://petshelter.miwuki.com/c/h4cM0elcRE,https://img.miwuki.com/LO9nF2A5,2026-08-03T01:11:33Z,2026-08-03T01:11:33Z,"Nuestra alocada y cariñosa Raven también busca familia. Tiene aprox. 10 meses y la rescatamos de bebé junto a 2 hermanos que ya han sido adoptados. Tiene alguna pequeña secuela probablemente debido a alguna enfermedad contraída en el campo (como el moquillo ) pero hace vida normal y es un amor de nena . A cierta distancia no ve bien, tiene espasmos oculares y no acaba de distinguir del todo. Tambien una coordinación de movimiento un poco atrasadita y aprende más despacio que un perro normal "
miwuki:xejz1jqi5d,58,Roxy,hembra,62,adulto,,grande,40.0,Mestizo,mestizo,False,Alicante,"Alicante, España",Miguel Angel R.,disponible,False,,,True,True,miwuki,https://petshelter.miwuki.com/c/XEjZ1JQi5d,https://img.miwuki.com/JC4oD6G8,2026-08-03T01:11:33Z,2026-08-03T01:11:33Z,"American  Bully pocket, hembra muy bonita, juguetona, y muy fiel, es una pena tener donarla pero no puedo tenerla más en casa"
miwuki:sdg3fhltcx,58,Sena,hembra,63,adulto,,,,Mestizo,mestizo,False,Valencia,"Valencia, España",Rescue and Love,disponible,False,True,True,True,True,miwuki,https://petshelter.miwuki.com/c/sdg3fhLtcx,https://img.miwuki.com/vd3iI0o4,2026-08-03T01:11:33Z,2026-08-03T01:11:33Z,"En Septiembre del 2021 estos ángeles se vieron viviendo en la calle. Llamando a muchas puertas, pudieron meterse en un terreno donde no les falta la comida ni el agua, pero eso no es vida para nadie. Además con este frío no lo están pasando nada bien ya que están acostumbrados a vivir en una casa. Sena es una mestiza de Alano de 9 meses, con el carácter típico de cachorro. Tyson es un mestizo de Bull Terrier de 2 añitos, algo territorial con otros perros si no hay una buena presentación, aunque "
kerubi:tasha-3250,58,Tasha 3250,hembra,78,adulto,2020-02-01,grande,,Mestizo,mestizo,False,Alicante,Alicante,Mascotas de Zero,disponible,False,,,,,kerubi,https://kerubi.es/animales/perros-en-adopcion/tasha-3250/,https://kerubi.es/wp-content/uploads/2024/05/1e3619d6-2564-4b1b-9ca7-b2746ce77d40.jpg,2026-08-03T01:11:33Z,2026-08-03T01:11:33Z,"Tasha fue encontrada en la calle y por su carácter pensamos que está acostumbrada al contacto con la gente, no tiene miedo y es simpática.Con la gente es buena y cariñosa, se pone contenta cuando nos ve llegar por las mañanas y viene corriendo a saludarnos moviendo su cola.Con otros perros es juguetona, comparte jaula con un macho y se quieren mucho. Con hembras no la hemos probado pero por como se le ve, no habrá problema.Con la correa va un poco loca, pero es normal si tenemos en cuenta que es"
miwuki:lgn4iqlqf0,58,Zoe,hembra,156,senior,,,,Mestizo,mestizo,False,Alicante,"Alicante, España",Rescate Animal Marina Alta,disponible,False,,,,,miwuki,https://petshelter.miwuki.com/c/lGn4IqlQf0,https://img.miwuki.com/sJ7jz7z9,2026-08-03T01:11:33Z,2026-08-03T01:11:33Z,"Zoe, hembra, Amstaff, 4 años, sociable con machos y hembras, sabe pasear con correa, sana y tranquila. Necesita acogida y/o adopción Alicante Zoe, female, amstaff, 4 years old, very good with other dogs, walks right on a lead, is calmed and healthy. Needs Foster very urgent and also adoption Alicante"
miwuki:j2nkbog5fz,58,Zoey,hembra,31,joven,,gigante,50.0,Mestizo,mestizo,False,Murcia,"Murcia, España",Cristofer V.,disponible,False,True,,True,True,miwuki,https://petshelter.miwuki.com/c/j2NKbog5Fz,https://img.miwuki.com/Hs0lT7a7,2026-08-03T01:11:33Z,2026-08-03T01:11:33Z,"La adopte recientemente nacida , su madre es una rottwailer y su padre un mastín , es muy buena y juguetona ."
villena:9097,57,Merlina,hembra,55,adulto,2022-01-01,grande,41.7,,desconocido,False,Alicante,Alicante,SPAP Villena,disponible,False,,,,,villena,https://protectoravillena.com/animal/merlina/,https://protectoravillena.com/wp-content/uploads/IMG_9559.jpg,2026-08-03T01:11:33Z,2026-08-03T01:11:33Z,"Merlina es una mastina de gran tamaño y presencia imponente, pero su carácter no podría ser más sereno. Llegó a la protectora el 22 de marzo de 2025, y desde entonces ha demostrado ser una perra calmada, observadora y muy carismática. Le encanta la vida tranquila: disfrutar del sol, mirar lo que ocurre a su alrededor y recibir caricias sin prisa.   No es una perra nerviosa ni intensa; más bien, agradece la compañía pausada y los paseos relajados. Su tamaño puede impresionar, pero su personalidad"
miwuki:xvnqs86cv0,56,Aura,hembra,48,adulto,,grande,26.0,Mestizo,mestizo,False,Murcia,"Murcia, España",Econciencia,disponible,False,True,,,True,miwuki,https://petshelter.miwuki.com/c/XvnQs86Cv0,https://img.miwuki.com/RQ2ry9e0,2026-08-03T01:11:33Z,2026-08-03T01:11:33Z,Aura es una perrita de 4 años. Lleva todo este tiempo desde que nacío esperando una adopción. Ella y su hermano desean tener una familia. Son hermosos y guapos. Un buen caracater. Aura es timida pero con un corazón enorme llenito de amor.
miwuki:8czpsfycqn,56,Betty,hembra,151,senior,,,,Mestizo,mestizo,False,Valencia,"Valencia, España",Rescue and Love,disponible,False,True,True,True,True,miwuki,https://petshelter.miwuki.com/c/8cZpsfYCQn,https://img.miwuki.com/Yo6Wl6u1,2026-08-03T01:11:33Z,2026-08-03T01:11:33Z,"Betty es esta mestiza de talla mediana y 9 añitos. La que fue su ""familia"" vendió el terreno donde vivía y ella no entraba en sus nuevos planes, así que la dejaron aquí.. de eso hace ya 1 año. Betty nunca ha sabido lo que es un hogar en condiciones y no nos gustaría que se fuera de este mundo sin saberlo. Tiene una bondad innata, pasa por tu lado de puntillas por no molestarte y agradece cada caricia como si fuera la única que ha recibido en su vida. Analíticas estupendas. Apta con hembras y mac"
miwuki:zanxj6hfnp,56,Bimba,hembra,138,senior,,,,Mestizo,mestizo,False,Valencia,"Valencia, España",Rescue and Love,disponible,False,True,,True,True,miwuki,https://petshelter.miwuki.com/c/zaNxj6HfNP,https://img.miwuki.com/Gl7hm9F8,2026-08-03T01:11:33Z,2026-08-03T01:11:33Z,"Bimba es esta mesticita de Bull Terrier de 8 añitos, es bastante bajita. Fue encontrada por una particular vagando en estado grave de desnutrición, ahora que ya está totalmente recuperada buscamos para ella el hogar que todos los ángeles merecen. Bimba es un alma agradecida a la que le encanta la compañía humana, las caricias y las chuches. Está completamente sana y lista para empezar su nueva vida. Apta con hembras, machos y gatos, siempre que estos últimos sean de la familia. Para facilitar su"
miwuki:zn1jntsig7,56,Candy,hembra,143,senior,,,,Mestizo,mestizo,False,Valencia,"Valencia, España",Rescue and Love,disponible,False,True,True,True,True,miwuki,https://petshelter.miwuki.com/c/ZN1JntsIG7,https://img.miwuki.com/Re9zK8C2,2026-08-03T01:11:33Z,2026-08-03T01:11:33Z,"Candy es esta American Staffordshire Terrier de 8 añitos y medio. Su pasado no es un misterio, reventada a criar y cuando dejó de ser ""rentable"" fue llevada al matadero; más conocido como la perrera. Candy ha tenido una vida muy injusta, pese a ello, no hay nada que le guste más que estar en compañía humana. Es una perra dulce, cariñosa y tranquila. Sabemos que su edad, color y el estigma de las malditas PPP la convierten en invisible, pero esta princesa no puede irse de la tierra sin conocer un"
miwuki:gd8gppdbr5,56,Canela,hembra,65,adulto,,grande,34.0,Mestizo,mestizo,False,Murcia,"Murcia, España",Laura G.,disponible,False,True,True,True,True,miwuki,https://petshelter.miwuki.com/c/GD8gppdbr5,https://img.miwuki.com/BG0KH8G3,2026-08-03T01:11:33Z,2026-08-03T01:11:33Z,"Canela es un husky con pastor belga malinois. Llego a mi vida cuando tenía un mes y me dijeron que iban a matarla porque nadie quería quedársela, era la última de 8 hermanas. Canela se crio al principio prácticamente en libertad y luego estuvimos en 2 pusisteis diferentes, en el segundo tardo un par de semanas en adaptarse del todo pero siempre ha sido buenísima, una perrita que no rompe nada y que no ladra. Siempre adaptándose a mi…"
miwuki:w0tx4iqx6s,56,Dakota,hembra,99,senior,,,,Mestizo,mestizo,False,Valencia,"Valencia, España",Rescue and Love,disponible,False,True,True,True,True,miwuki,https://petshelter.miwuki.com/c/W0TX4iqX6S,https://img.miwuki.com/Lc6EP7x7,2026-08-03T01:11:33Z,2026-08-03T01:11:33Z,"Dakota es esta mestiza de Pastor Alemán de 5 añitos. Hace 3 años nos la adoptó una familia que a día de hoy la vida les ha dado un revés y se marchan a su país. Vamos a obviar los comentarios en los que seguramente coincidamos, ahora lo importante es encontrarle un hogar. Si vuelve al refugio se va a sentir de nuevo abandonada y no es justo. Dakota no tiene peros, es buena, cariñosa, sociable y educada. Está acostumbrada a vivir en familia por lo que sabe comportarse perfectamente. Analíticas es"
miwuki:s6uewpoxb0,56,Dolça,hembra,108,senior,,,,Mestizo,mestizo,False,Valencia,"Valencia, España",Rescue and Love,disponible,False,True,True,True,True,miwuki,https://petshelter.miwuki.com/c/s6UEWpOXb0,https://img.miwuki.com/Br4fq3F6,2026-08-03T01:11:33Z,2026-08-03T01:11:33Z,"Dolça es esta mestiza de Pastor Belga que en Agosto cumplirá 5 añitos. Sinceramente, no sabemos qué le pasa a la gente por la cabeza para deshacerse de sus animales con tanta facilidad. Dolça está acostumbrada a estar en familia, es una perra muy inteligente, cariñosa y divertida. Tiene por afición robarnos todos los besos que puede, y es que la pobre no termina de habituarse a ""vivir"" detrás de muros del refugio. Analíticas estupendas. Apta con hembras y machos. No testada con gatos. Se entrega"
miwuki:d17kaxtpcl,56,Freya,hembra,52,adulto,,grande,32.0,Mestizo,mestizo,False,Valencia,"Valencia, España",Miriam J.,disponible,False,True,True,True,True,miwuki,https://petshelter.miwuki.com/c/D17KAXTpCl,https://img.miwuki.com/va4Ze5Y0,2026-08-03T01:11:33Z,2026-08-03T01:11:33Z,Es una perra muy activa es buena protectora. Se lleva bien niños pero necesita espacio no es para tenerla en casa pero se porta bien en casa y se adapta muy bien y se puede hacer actividades de acampada con ella.
miwuki:ipbnye6yb0,56,Gila,hembra,164,senior,,grande,,Mestizo,mestizo,False,Alicante,"Alicante, España",Adoptamics,disponible,False,,True,True,True,miwuki,https://petshelter.miwuki.com/c/IpbNye6yb0,https://img.miwuki.com/NQ0NV3I3,2026-08-03T01:11:33Z,2026-08-03T01:11:33Z,
miwuki:nqncoecarn,56,Karma,hembra,152,senior,,,,Mestizo,mestizo,False,Valencia,"Valencia, España",Accion animal valencia,disponible,False,True,,True,True,miwuki,https://petshelter.miwuki.com/c/nqnCOecArn,https://img.miwuki.com/oJ6xX0J5,2026-08-03T01:11:33Z,2026-08-03T01:11:33Z,"Mi historia es negra, como mi color!!  Llevo mucho tiempo esperando la oportunidad de vivir con mi propia familia definitiva, la que nunca me falle... pero es tan difícil.  Aun después de todo lo que pase antes de ser rescatada por mi mami de acogida, tengo muchísimo amor para dar!! Y la edad en mi, para nada es un inconveniente, soy una peluda muy juvenil y todavía me queda mucha actividad y una poquita guerra que dar 😉.  Mi vida a sido oscura, como yo..he sufrido maltrato por mi anterior famil"
miwuki:5jamzyz7gu,56,Kira,hembra,55,adulto,,grande,30.0,Mestizo,mestizo,False,Valencia,"Valencia, España",Esther R.,disponible,False,True,,True,True,miwuki,https://petshelter.miwuki.com/c/5JAmzYZ7gU,https://img.miwuki.com/ss3xU3g8,2026-08-03T01:11:33Z,2026-08-03T01:11:33Z,"Es una perrita muy buena. Es muy amigable. No para quieta Es muy bonita."
miwuki:ukasx0rpuq,56,Lina,hembra,41,adulto,,grande,25.0,Mestizo,mestizo,False,Valencia,"Valencia, España",Oscar D.,disponible,False,True,True,True,True,miwuki,https://petshelter.miwuki.com/c/UKaSx0rpuq,https://img.miwuki.com/zG6HI1u5,2026-08-03T01:11:33Z,2026-08-03T01:11:33Z,"Buenas! Me llamo Lina, tengo 3 añitos, me encanta el campo, correr, jugar con perros y niños y sobre todo pasar tiempo tumbada al sol o en casa.  Prefiero estar acompañada, no me gusta mucho estar sola, me encantan los paseos largos y como de todo!"
miwuki:gpmsngke41,56,Luna,hembra,89,adulto,,,,Mestizo,mestizo,False,Murcia,"Murcia, España",Lisy G.,disponible,False,True,True,True,True,miwuki,https://petshelter.miwuki.com/c/gPMSNgKe41,https://img.miwuki.com/IQ2hr3D1,2026-08-03T01:11:33Z,2026-08-03T01:11:33Z,"Necesito dar a una familia, o persona que le encanten los perros grandes, que tenga tiempo para darle, porque es una perra que necesita mucho cariño y calor de las personas. No le gusta estar sola, así que tiene que tener tiempo para ella. Yo no puedo hacerme más cargo, porque en un tiempo me voy a estudiar al extranjero y no podré llevarla, no tengo a nadie que tenga sitio. Se aporta caseta, cama y un saco de comida."
miwuki:ulfdzk4lai,56,Mandy,hembra,57,adulto,,grande,28.0,Mestizo,mestizo,False,Murcia,"Murcia, España",Aproama,disponible,False,True,True,True,True,miwuki,https://petshelter.miwuki.com/c/ULfdzk4laI,https://img.miwuki.com/oT3yu5b1,2026-08-03T01:11:33Z,2026-08-03T01:11:33Z,"Mandy es una perrita sociable y muy cariñosa, de las que disfrutan del contacto y de estar cerca de las personas. Nació en 2021 y fue encontrada junto a sus hermanos debajo de un mandarino, que era su única fuente de alimento en ese momento. De ahí viene su nombre.  A pesar de ese comienzo tan difícil, Mandy ha crecido siendo una perrita alegre, confiada y con muchas ganas de compartir su vida con una familia. Lleva en el refugio desde 2022, viendo cómo otros encuentran hogar mientras ella si"
miwuki:us7ydnpghy,56,Mila,hembra,42,adulto,,grande,25.0,Mestizo,mestizo,False,Castellón,"Castellón, España",Roberto F.,disponible,False,True,True,True,True,miwuki,https://petshelter.miwuki.com/c/uS7ydnpGHy,https://img.miwuki.com/ms5SP6j7,2026-08-03T01:11:33Z,2026-08-03T01:11:33Z,"Mi situación familiar ha cambiado y no puedo hacerme cargo de ella, para saber mas sobre ella, el número de contacto."
reinasbiberon:13169,56,Miño,macho,1,cachorro,,,,,desconocido,False,Alicante,Alicante,Las Reinas del Biberón,disponible,False,,,,,reinasbiberon,https://www.lasreinasdelbiberon.org/producto/stella-copia/,https://www.lasreinasdelbiberon.org/wp-content/uploads/2026/05/Copia-de-CARTELES-PERROS-INSTAGRAM-13.png,2026-08-03T01:11:33Z,2026-08-03T01:11:33Z,"🐾💜 Miño está preparado para encontrar a su familia 💜🐾   Miño forma parte de una camada de 11 hermanos que ahora empieza una nueva etapa llena de juegos, descubrimientos y muchísimo amor. ✨🐶   Es un peque curioso, divertido y lleno de personalidad, de esos que observan todo con atención y consiguen alegrarte el día solo con mirarte. Y con esas orejitas tan enormes y esa carita de bebé… es imposible no enamorarse. 🥺💜   Ahora Miño sueña con una familia que le acompañe a crecer, que juegue con él, l"
miwuki:iowuwgxtjt,56,Nairobi,hembra,119,senior,,,,Mestizo,mestizo,False,Valencia,"Valencia, España",Lacua,disponible,False,True,,,True,miwuki,https://petshelter.miwuki.com/c/iOWuWGXTjT,https://img.miwuki.com/HS7zK2p8,2026-08-03T01:11:33Z,2026-08-03T01:11:33Z,"¡Hola! Soy NAIROBI la superviviente.  Lacua me rescató de la calle en condiciones extremas, estoy segura de que en poco tiempo habría muerte de alguna infección o de leishmania. Me encontraba muy débil, muy cansada, y me dolía todo mi cuerpecito, además llevaba una cuerda atada al cuello que me molestaba, también me dolían los ojos :(  Por suerte, en cuanto dieron el aviso vinieron a rescatarme y me llevaron a una casa de acogida, desde ese momento empezó mi nueva vida. ----------------------"
miwuki:uzdoez0esl,56,Neu,hembra,146,senior,,grande,30.0,Alaska Malamute,raza,False,Valencia,"Valencia, España",Daniel C.,disponible,False,True,True,True,True,miwuki,https://petshelter.miwuki.com/c/UZdOeZ0ESl,https://img.miwuki.com/ZM3wd9F6,2026-08-03T01:11:33Z,2026-08-03T01:11:33Z,"Neu és una Alaska Malamute con un ojo de cada color, fue de las últimas en ser entregadas de la camada en la que nació. Es una perra muy cariñosa con los suyos, pero con otros perros no es tan amigable, al menos al principio, ya que solo está ella en casa. Tiene bastante energía, pese a la edad, aunque la edad no perdona y algunas cosas le empiezan a costar."
kerubi:ona-2,56,Ona,hembra,51,adulto,2022-05-17,grande,,Podenco,raza,False,Castellón,Castellón,Lloc de felins,disponible,False,,,,,kerubi,https://kerubi.es/animales/perros-en-adopcion/ona-2/,https://kerubi.es/wp-content/uploads/2026/05/Screenshot_2026-05-17-12-38-52-43_6012fa4d4ddec268fc5c7112cbb265e7.jpg,2026-08-03T01:11:33Z,2026-08-03T01:11:33Z,Ona fue encontrada dentro de una balsa de riego agotada y muy delgada. Ahora busca una familia que sepa darle el amor que merece. Se lleva bien con perros y niños. Sabe pasear con correa y solo pide mimos.
miwuki:5zixobquz6,56,Salma,hembra,140,senior,,grande,32.0,Mestizo,mestizo,False,Alicante,"Alicante, España",Baix Vinalopó,disponible,False,,True,True,True,miwuki,https://petshelter.miwuki.com/c/5ZixObQuz6,https://img.miwuki.com/gY6jr9e8,2026-08-03T01:11:33Z,2026-08-03T01:11:33Z,"NECESITA VUESTRA AYUDA  ¿Os habéis fijado en su mirada? Seguramente os haya llamado más la atención de su aspecto, pero fijaros bien. Su mirada os enseña todo lo que es ella, una perrita noble y buena como nadie, una mirada de pura lealtad y amor. No hay maldad en ella, transmite tanto...  Su nombre es Salma, sí, quienes la habéis conocido probablemente no la hayáis reconocido. Salma tiene una reacción alérgica muy fuerte, lleva padeciendola desde hace 2 años. Durante todo este tiempo se l"
miwuki:ogjhzvnipc,56,Sara,hembra,140,senior,,,,Mestizo,mestizo,False,Murcia,"Murcia, España",Apama Nature,disponible,False,True,True,True,True,miwuki,https://petshelter.miwuki.com/c/ogjhzVniPc,https://img.miwuki.com/Aw2ol4G0,2026-08-03T01:11:33Z,2026-08-03T01:11:33Z,Vivía con una pareja de ancianos que cayeron enfermos y no me podían dar mis cuidados necesarios. Soy muy buena con todos los demás perros y muy cariñosa con los humanos.
miwuki:4wtjvzxqol,56,Sasha,hembra,72,adulto,,grande,23.0,Mestizo,mestizo,False,Murcia,"Murcia, España",Cuatro Patas Jumilla,disponible,False,True,True,True,True,miwuki,https://petshelter.miwuki.com/c/4wtjvZxQOL,https://img.miwuki.com/JR2xS1a1,2026-08-03T01:11:33Z,2026-08-03T01:11:33Z,"Carácter: perrita de 4 años muy juguetona y cariñosa, le gusta los paseos largos, le gusta jugar con juguetes y también con las personas en cuanto tiene confianza, tiene muy buena relación con los otros perros, no le gusta el agua, tiene una personalidad tranquila y hogareña, siempre busca mimitos.// Historia: Su familia le busca hogar por problemas de salud de la niña de la familia.// Salud: No hay enfermedades conocidas// Ciudad en la que se encuentra: Jumilla (Murcia)// Microchip: sí// *"
miwuki:ujjtzgxysr,56,Shena,hembra,39,adulto,,grande,20.0,Mestizo,mestizo,False,Valencia,"Valencia, España",Eva Maria B.,disponible,False,True,,True,True,miwuki,https://petshelter.miwuki.com/c/uJjTZGXysR,https://img.miwuki.com/mb6RY8r1,2026-08-03T01:11:33Z,2026-08-03T01:11:33Z,"Es una perra muy buena, protectora."
miwuki:xp5a5xjhmm,56,Siba,hembra,105,senior,,grande,27.0,Golden Retriever,raza,False,Murcia,"Murcia, España",Raul L.,disponible,False,True,True,True,True,miwuki,https://petshelter.miwuki.com/c/xp5a5Xjhmm,https://img.miwuki.com/ZP8sV3u0,2026-08-03T01:11:33Z,2026-08-03T01:11:33Z,Perra criada en un entorno familiar con 5 personas entre adultas y niños + 1 caniche. Muy cariñoso y sin problemas de nada en particular.
miwuki:vqfmenuduk,55,Bailey,hembra,55,adulto,,gigante,25.0,Akbash,raza,False,Valencia,"Valencia, España",Izan A.,disponible,False,True,,True,True,miwuki,https://petshelter.miwuki.com/c/VqFMENuDuK,https://img.miwuki.com/fL9UV5v1,2026-08-03T01:11:33Z,2026-08-03T01:11:33Z,"Bailey tiene 3 años.  pasea 3 o 4 horas al dia mañana/noche. Come de todo.  Le gustan las chuches.  Es sociable con humanos y perros   Obedece al nombre,es juguetona, y le gusta pasear. No tiene patologìas. Tiene chip,cartilla veterinaria y pasaporte europeo.   Se podria mirar de hacer envio. Cambio de nombre en chip a cargo del interesado.(negociable) Busca familia con espacio y tiempo, que la quiera de verdad  Gracias..."
kerubi:cisco,55,Cisco,macho,16,joven,2025-04-16,mediano,,Mestizo,mestizo,False,Murcia,Murcia,ASOC. PROTECCIÓN ANIMAL DE MAZARRON (APROAMA),disponible,False,,,,,kerubi,https://kerubi.es/animales/perros-en-adopcion/cisco/,https://kerubi.es/wp-content/uploads/2025/04/IMG_8425.jpeg,2026-08-03T01:11:33Z,2026-08-03T01:11:33Z,"CISCO EN ADOPCIÓN Es muy bueno, le encanta jugar y pasear Varias noches bajaba a comer a una casa, tenía miedo y se iba enseguida, conseguimos atraparlo con la jaula trampa, al cogerlo iba lleno de heridas y muy delgado, ya está preparado para encontrar un nuevo hogar donde lo cuiden y lo quieran [email protected] 642 899 947"
miwuki:zdgfdqeaqj,55,Dalia,hembra,53,adulto,,,,Mestizo,mestizo,False,Valencia,"Valencia, España",Adaana,disponible,False,,,True,True,miwuki,https://petshelter.miwuki.com/c/ZDgFdqEaQj,https://img.miwuki.com/yD2pM1r6,2026-08-03T01:11:33Z,2026-08-03T01:11:33Z,"FECHA DE NACIMIENTO: FEBRERO 2022. Dalia, la bebé que apareció en el campo con unos días de vida, está así de preciosa. En breve estará lista para irse adoptada con una familia que la eduque, la mime y le dé una vida feliz.  No sabemos qué tipo de perro será, solo sabemos por su tamaño actual que de adulta será grande, fuertota y, por supuesto, preciosa 🤗🥰 ¿Quieres que Dalia crezca contigo? 📧 [email protected]"
miwuki:zigl61f7fb,55,Keka,hembra,52,adulto,,,,Mestizo,mestizo,False,Valencia,"Valencia, España",Lacua,disponible,False,,,,True,miwuki,https://petshelter.miwuki.com/c/ziGl61f7fb,https://img.miwuki.com/Oo5Kb3q3,2026-08-03T01:11:33Z,2026-08-03T01:11:33Z,
miwuki:59uxsmfxur,55,Kola,hembra,75,adulto,,,,Mestizo,mestizo,False,Valencia,"Valencia, España",Adaana,disponible,False,,True,True,True,miwuki,https://petshelter.miwuki.com/c/59UXsmFxUR,https://img.miwuki.com/vG9rt6t1,2026-08-03T01:11:33Z,2026-08-03T01:11:33Z,"Es adulta, de tamaño mediana. Juguetona, apta con perros, cariñosa y con ganas de disfrutar con una familia. Se entrega desparasitada, vacunada, esterilizada y con contrato de adopción."
kerubi:muso,55,Muso,macho,16,joven,2025-04-14,mediano,,Mestizo,mestizo,False,Murcia,Murcia,ASOC. PROTECCIÓN ANIMAL DE MAZARRON (APROAMA),disponible,False,,,,,kerubi,https://kerubi.es/animales/perros-en-adopcion/muso/,https://kerubi.es/wp-content/uploads/2025/04/IMG_7100.jpeg,2026-08-03T01:11:33Z,2026-08-03T01:11:33Z,"🏡🏡MUSO EN ADOPCIÓN Muso es un torbellino de alegría. Corre, salta y juega sin parar, con la emoción de quien descubre el mundo por primera vez. Cada día despierta con la misma ilusión, moviendo la cola sin descanso, listo para llenar de risas y aventuras el corazón de quien decida adoptarlo. 🐶 Un rubiales precioso que decidió salir a conocer mundo con su mamá. Fueron encontrados por Bolnuevo (Murcia), y el dueño reclamó a la madre pero no al peque porque estaba buscando quién se quedara con él. "
kerubi:oreo-4,55,Oreo,macho,15,joven,2025-05-15,mediano,,Mestizo,mestizo,False,Valencia,Valencia,Help Dog Valencia,disponible,False,,True,,,kerubi,https://kerubi.es/animales/perros-en-adopcion/oreo-4/,https://kerubi.es/wp-content/uploads/2026/06/966294f6-4e49-4c33-a3a9-43e9806996e9.jpeg,2026-08-03T01:11:33Z,2026-08-03T01:11:33Z,"𝗢𝗥𝗘𝗢 𝗕𝗨𝗦𝗖𝗔 𝗙𝗔𝗠𝗜𝗟𝗜𝗔 𝗗𝗘 𝗔𝗗𝗢𝗣𝗖𝗜𝗢́𝗡 𝗢𝗿𝗲𝗼 es un ratonero de un año, los cumplió el 21 de mayo. (Nació el 21/05/2025). Es muy bueno aunque algo nervioso. Está en un pueblo de Valencia. Tiene vacunas, chip etcétera…Si quieres que 𝗢𝗿𝗲𝗼 sea de tú familia envía WhatsApp a 661 75 51 27 ¿𝗡𝗢𝗦 𝗔𝗬𝗨𝗗𝗔𝗦 𝗔 𝗦𝗘𝗚𝗨𝗜𝗥 𝗔𝗬𝗨𝗗𝗔́𝗡𝗗𝗢𝗟𝗢𝗦! 🐕🐈‍⬛ ¡𝗣𝗢𝗥 𝗦𝗢𝗟𝗢 𝟭 𝗘𝗨𝗥𝗢 𝗔𝗟 𝗠𝗘𝗦 𝗣𝗨𝗘𝗗𝗘𝗦 𝗛𝗔𝗖𝗘𝗥𝗟𝗢? 👇🏾 https://www.teaming.net/group/list?q=HelpDog%20Valencia 𝗖𝗨𝗘𝗦𝗧𝗜𝗢𝗡𝗔𝗥𝗜𝗢 𝗣𝗥𝗘 𝗔𝗗𝗢𝗣𝗖𝗜𝗢́𝗡 👇🏾 https://docs.google.com/forms/d/1afoobtnHtowi06sStFtx_A"
miwuki:hnirsa7rhg,54,Alma,hembra,182,senior,,grande,30.0,Mestizo,mestizo,False,Valencia,"Valencia, España",Adopta Salva una Vida,disponible,False,True,True,True,True,miwuki,https://petshelter.miwuki.com/c/hnIrsA7rHG,https://img.miwuki.com/kr9Ye3B3,2026-08-03T01:11:33Z,2026-08-03T01:11:33Z,"ADOPCIÓN SIN COSTES.   A NUESTRA ALMA LE QUEDA POCO TIEMPO. ESTA SANA, PERO ESTA MAYOR. CON NOSOTROS LLEVA 8 AÑOS y CUANDO LA RECOGIMOS MINIMO TENDRIA 3 AÑOS.  Se lo notamos en su mirada, en su actitud, en su caminar. Alma ha estado durante estos años en 3 residencias. Jamás le han faltado sus vacunas, sus pipetas, su desparasitación, su pienso y sus chuches. Pero no hemos podido conseguir ni una acogida, ni una adopción. Nadie se ha apiadado jamás de ella. Ella no es infeliz, Verdi est"
miwuki:stnrgm9mmc,54,Chila,hembra,125,senior,,grande,,Galgo Espanol,raza,False,Albacete,"Albacete, España",Sebastián M.,disponible,False,,,True,True,miwuki,https://petshelter.miwuki.com/c/STNrGM9mmC,https://img.miwuki.com/oY5aW4y8,2026-08-03T01:11:33Z,2026-08-03T01:11:33Z,"Se cede en adopción por problemas familiares, abtenerse cazadores, gente responsable"
ibi:protectoradeibi-com-covid,54,Covid,macho,26,joven,,mediano,,Podenco,raza,False,Alicante,"Ibi 
                 (Alicante)",Protectora de Ibi,disponible,False,,,,,ibi,https://protectoradeibi.com/ficha-2442,https://protectoradeibi.com/ficha-banner-2442,2026-08-03T01:11:33Z,2026-08-03T01:11:33Z,"Protectora de Ibi - Ficha de COVID Sociedad protectora de animales de Ibi Foto 1 de 4 | Ficha de COVID en adopción Nombre COVID Clase Perro Desde 29-9-25 Sexo Macho Edad 2 años y 2 meses fecha de nacimiento 6/2024 Raza PODENCO Tamaño Mediano Localidad Ibi (Alicante) ID 2442 Descripción Covid es un podenco de tamaño medio que, cuando llegó a nosotros, su actitud era bastante confiada para ser un podenco. Pero el estrés del albergue le está pasando factura. Su confianza ha ido mermando poco a poco"
miwuki:g9o5amjvbl,54,Fifi,hembra,125,senior,,grande,30.0,Mestizo,mestizo,False,Murcia,"Murcia, España",Patitas Unidas Los Alcázares,disponible,False,True,True,,True,miwuki,https://petshelter.miwuki.com/c/G9o5amJvbL,https://img.miwuki.com/CL0Al6X5,2026-08-03T01:11:33Z,2026-08-03T01:11:33Z,"Hola, me llamo fifi. Nací a principios de 2016. Fui encontrada en El Algar, con orejas y rabo cortado. Al principio soy un poco desconfiada y miedosa. Me gusta jugar y soy activa. ¿Quieres conocerme y darme un hogar para siempre?"
apadac:golfito,54,Golfo,macho,36,adulto,,mediano,,Bodeguero,raza,False,Alicante,Callosa del Segura,APADAC Callosa de Segura,disponible,False,,,,,apadac,https://protectora-apadac.org/adopta/golfito,https://protectora-apadac.org/_next/image?url=%2Fapi%2Fmedia%2Ffile%2FWhatsApp%2520Image%25202026-07-30%2520at%252023.33.07%2520(2).jpg&w=3840&q=75,2026-08-03T01:11:33Z,2026-08-03T10:39:22Z,"Adopción responsable ¿Listo para adoptar al compañero perfecto? Golfo te espera con los brazos abiertos. 💌🥰 Convivencia Cuidados Historia 🐾 Golfo , un auténtico amor que conquista a todo el que le conoce."
miwuki:bqcwpfuogs,54,Hera,hembra,139,senior,,grande,30.0,Mestizo,mestizo,False,Murcia,"Murcia, España",Perros Abandona2,disponible,False,True,True,True,True,miwuki,https://petshelter.miwuki.com/c/BQcwpfUoGs,https://img.miwuki.com/dP0GA4Y3,2026-08-03T01:11:33Z,2026-08-03T01:11:33Z,"Hera es una perra que ha sido abandonada en nuestro refugio como muchos perros más, sin ninguna ayuda económica, ni tiempo, ni al menos el mero hecho de pedir que le ayudemos a buscarle un hogar de forma urgente; de forma que ya estabamos llenos y con falta de ayuda, pues hemos tenido que buscarnos la vida, solo por no abandonarla como han hecho con ella. Es una chica de 10, súper buena, muy cariñosa. Adora la gente y los perros, sabe pasear estupendamente, y mil cosas que iremos descubriendo de"
miwuki:anhp2zijmz,54,Kata,hembra,131,senior,,grande,20.0,Mestizo,mestizo,False,Valencia,"Valencia, España",El Refugio De Maria,disponible,False,True,True,True,True,miwuki,https://petshelter.miwuki.com/c/aNhP2ziJMz,https://img.miwuki.com/Yk5PL8G3,2026-08-03T01:11:33Z,2026-08-03T01:11:33Z,"💔ABUELITA NECESITA UNA FAMILIA...💔 Esta preciosa perrita es Kata, tiene 10 años... y se ha quedado sin nada ni nadie en el mundo...sus propietarios, eran dos personas mayores y han sido llevados a residencia y Kata ha perdido su familia y su hogar siendo ya una perrita mayor... Aunque se conserva estupendamente y hace vida normal.... Es muy cariñosa con todo el mundo, convive con otros perros sin problema, pero no es apta con gatos.  Se porta de maravilla en casa, es buena y limpia. Con correa e"
miwuki:7xmguy2ngu,54,Lampa,hembra,122,senior,,grande,35.0,Mestizo,mestizo,False,Murcia,"Murcia, España",Cuatro Patas Jumilla,disponible,False,True,True,True,True,miwuki,https://petshelter.miwuki.com/c/7xMgUY2ngU,https://img.miwuki.com/Vz2dN4x8,2026-08-03T01:11:33Z,2026-08-03T01:11:33Z,"Nombre: LAMPA  Raza: Mestizo  Capa: Marrón  Sexo: Hembra  Castrado: No   Fecha de nacimiento: 25-6-2016  Altura: 70 cm   Peso: 35 kilos   Comportamiento con perros: Ok   Comportamiento con gatos: ?  Comportamiento con niños: Ok   Carácter: Lampa se encuentra dentro del grupo que conocemos como ""perros con miedo"", aunque en su caso, es capaz de salir a pasear con arnés y correa. En estos momentos, una educadora canina está trabajando con ella para vencer sus miedos y lo idea"
miwuki:nl5s3ad2sr,54,Lluna,hembra,204,senior,,grande,25.0,Mestizo,mestizo,False,Valencia,"Valencia, España",Lacua,disponible,False,True,True,,,miwuki,https://petshelter.miwuki.com/c/nl5S3ad2sr,https://img.miwuki.com/tF5lE8T1,2026-08-03T01:11:33Z,2026-08-03T01:11:33Z,"💚 LLUNA 💜 ¡Hola amigxs de Lacua!  Cuando Lacua me rescató estaba muy muy delgadita, se me notaban los huesos de todo el cuerpo, además de llena de pulgas y garrapatas. Me llevaron al veterinario y afortunadamente estaba sana, solo necesitaba comida y mimitos. Soy una perra mayor, mis dientes están desgastados porque he tenido que comer cualquier cosa para poder sobrevivir, afortunadamente ahora me cuidan como a una reina. Estoy en una casa de acogida con más perretes, en el campo, me encanta t"
miwuki:xjl7zlohbs,54,Nuki,hembra,135,senior,,grande,30.0,Mestizo,mestizo,False,Valencia,"Valencia, España",Adaana,disponible,False,True,True,True,True,miwuki,https://petshelter.miwuki.com/c/XjL7ZlOHBS,https://img.miwuki.com/RU4HM0H7,2026-08-03T01:11:33Z,2026-08-03T01:11:33Z,"🐾💕 NUKI 💕🐾 Nuki se ha hecho mayor y ya no la quieren, un clásico 😤 Os pedimos ayuda para encontrar un imposible para ella, una familia de verdad. Nuki tiene todas las papeletas para no encontrar familia: senior (10 años), mestiza, tamaño grande (35 kg) y negra. Al parecer no ha recibido nunca atención veterinaria porque no llevaba ni chip 😢 Es un amor, a pesar de su pasado no tiene miedos ni rencor a las personas, y se lleva bien con perros y gatos. Ahora está empezando su nueva vida y necesitam"
miwuki:tvvyhxjvr5,54,Pepa,hembra,114,senior,,grande,36.0,Mestizo,mestizo,False,Murcia,"Murcia, España",Lionel-Dojo K.,disponible,False,True,True,True,True,miwuki,https://petshelter.miwuki.com/c/TVvyhXJvr5,https://img.miwuki.com/DK2Kw0t9,2026-08-03T01:11:33Z,2026-08-03T01:11:33Z,"La recogí de un señor que su madre había pario, y no quería a los cachorros"
miwuki:bc8jqzz8ja,54,Perla,hembra,130,senior,,grande,40.0,Mestizo,mestizo,False,Castellón,"Castellón, España",Jenny G.,disponible,False,True,,True,True,miwuki,https://petshelter.miwuki.com/c/bC8JqZZ8Ja,https://img.miwuki.com/lf1Rg8n3,2026-08-03T01:11:33Z,2026-08-03T01:11:33Z,
miwuki:jko84zk7si,54,Princesa,hembra,113,senior,,grande,25.0,Mestizo,mestizo,False,Murcia,"Murcia, España",SOS Animals,disponible,False,True,,,,miwuki,https://petshelter.miwuki.com/c/jkO84zK7si,https://img.miwuki.com/Iu4vx4o3,2026-08-03T01:11:33Z,2026-08-03T01:11:33Z,"es una perra muy muy cariñosa, obediente y muy buena en convivencia con perros, gatos, gente"
miwuki:cfv5og0nec,54,Sandra,hembra,114,senior,,grande,30.0,Mestizo,mestizo,False,Murcia,"Murcia, España",Aproama,disponible,False,True,True,True,True,miwuki,https://petshelter.miwuki.com/c/cFV5OG0NEc,https://img.miwuki.com/EK3lp0z7,2026-08-03T01:11:33Z,2026-08-03T01:11:33Z,"Sandra es una perrita noble, tranquila y muy cariñosa, de esas que buscan paz, compañía y un lugar donde sentirse seguras. Fue abandonada en la puerta de nuestro refugio, sin entender qué estaba pasando. Al principio lo pasó muy mal, pero poco a poco ha ido recuperando la confianza y hoy vuelve a ser ella misma. Ahora es una perra tranquila, dulce y agradecida, que solo necesita una oportunidad para empezar de nuevo. 🐾 Muy tranquila y equilibrada 🐾 Noble y cariñosa 🐾 Ideal para un hogar rel"
kerubi:tess,54,Tess,hembra,142,senior,2014-10-01,grande,,Pastor Aleman,raza,False,Valencia,Valencia,SOS Animales Sagunto,disponible,False,,True,,True,kerubi,https://kerubi.es/animales/perros-en-adopcion/tess/,https://kerubi.es/wp-content/uploads/2023/12/323435862_2408609752628714_4979103523609077179_n.jpg,2026-08-03T01:11:33Z,2026-08-03T01:11:33Z,"Es una pastora alemana, nacida aproximadamente en octubre de 2014. Cuando llegó a nosotros tenía un tumor considerable en un costado, por lo que fue intervenida de urgencia. Por suerte, la operación fue muy bien y su recuperación fue rápida. Actualmente está más sana que una manzana. Su carácter es tranquilo y relajado, de hecho le encanta pasar horas tumbada en su camita o tomando el sol sin que la molesten. Pero también es una buena compañera de paseos, ya que le gusta mucho salir y olfatear t"
miwuki:aoc76fwwu0,54,Tula,hembra,163,senior,,grande,30.0,Mestizo,mestizo,False,Murcia,"Murcia, España",Perros Abandona2,disponible,False,True,True,True,True,miwuki,https://petshelter.miwuki.com/c/aOC76fwwU0,https://img.miwuki.com/CG4CV6v8,2026-08-03T01:11:33Z,2026-08-03T01:11:33Z,"Tula apareció abandonada en un pueblo bastante mal, tenía todos los signos de ser una perra maltratada, pero gracias a su acogida se ha recuperado y ahora está genial. Es muy buena, se porta genial con perros y personas. Pasea incluso suelta, ya que hace caso a su acogida.  Busca ACOGIDA MUY URGENTE o ADOPCIÓN, nos la han devuelto a la protectora, y ella allí lo pasa fatal, ya que, nunca había llegado a entrar, siempre estuvo en una casa de acogida. La persona que iba a quedarsela, le han llamad"
miwuki:twusxnfnd9,53,Arya,hembra,50,adulto,,grande,25.0,Mestizo,mestizo,False,Valencia,"Valencia, España",Helpdog Valencia,disponible,False,,True,True,True,miwuki,https://petshelter.miwuki.com/c/twUSxNFnD9,https://img.miwuki.com/kr8vu9I8,2026-08-03T01:11:33Z,2026-08-03T01:11:33Z,"Seguimos buscando familia para Arya. 🍀  Arya lleva dos años en el refugio, con la Dana el refugio se inundó y vive en una nave junto a los demás perritos que nadie acogió..   🐾Arya tiene cuatro añitos, pesa aprox 25 kg. Es tamaño mediana. Sociable con otros perros, mejor casa sin gatos. Es muy casera, cariñosa y zalamera. Sabe pasear con correa aunque al principio tira un poco.   🏡Lo ideal para Arya sería chalet o casa con jardín, es activa y le encanta correr.   📋Necesaria licencia PPP. Te faci"
miwuki:0fka1i81l3,53,Boira,hembra,40,adulto,,grande,,Mestizo,mestizo,False,Valencia,"Valencia, España",Helpdog Valencia,disponible,False,,True,True,True,miwuki,https://petshelter.miwuki.com/c/0fka1i81l3,https://img.miwuki.com/DM2Vh8Y4,2026-08-03T01:11:33Z,2026-08-03T01:11:33Z,"𝗕𝗢𝗜𝗥𝗔 𝗡𝗘𝗖𝗘𝗦𝗜𝗧𝗔 𝗨𝗥𝗚𝗘𝗡𝗧𝗘 𝗨𝗡𝗔 𝗙𝗔𝗠𝗜𝗟𝗜𝗔 .  Boira fué adoptada de cachorra y con casi dos años su familia no puede seguir cuidando de ella, por lo que busca hogar de nuevo.   🐾Tiene casi dos añitos y pesa aprox 40 kg. Es una perrita bastante activa que le encanta correr y jugar hasta cansarse. Es muy cariñosa y juguetona.   🏡Boira necesita una familia que viva en chalet, casa con terreno o jardín, que pueda entrar y salir cuando ella quiere, hace sus necesidades fuera de casa.   ❌NO apta con gatos.  🐾"
miwuki:hqerrqm9dh,53,Camila,hembra,98,senior,,,,Mestizo,mestizo,False,Valencia,"Valencia, España",Adaana,disponible,False,,True,True,True,miwuki,https://petshelter.miwuki.com/c/hQErRQm9Dh,https://img.miwuki.com/nm3yE3T9,2026-08-03T01:11:33Z,2026-08-03T01:11:33Z,"Camila es una podenquita alegre, cariñosa, juguetona, y le encanta tanto la libertad como la comodidad de una cama blandita.  Sigue esperando a una familia que quiera compartir su vida con ella, ¿la ayudáis difundiendo? Seguro que así llega muy pronto a sus futuros compañeros 🤗 📧 [email protected]"
miwuki:vjw9rlnbl8,53,Carlota,hembra,102,senior,,,,Mestizo,mestizo,False,Valencia,"Valencia, España",Ribercan,disponible,False,,True,True,True,miwuki,https://petshelter.miwuki.com/c/vJW9rlNbL8,https://img.miwuki.com/sZ0xq7c8,2026-08-03T01:11:33Z,2026-08-03T01:11:33Z,"Carlota es una dulce y tranquila podenquita a la que rescatamos de calle, cuando iba buscando comida por unos contenedores cercanos a un supermercado.   Es una perrita especial. Tímida al principio cuando no te conoce, no es de las perras que siempre que viene una persona nueva al refugio se acerca corriendo a saludar. La calle la ha enseñado a ser más precavida y desconfiada para poder sobrevivir sin que nadie le hiciese nada malo. Pero es no significa que no sea una perra sociable. Al contra"
miwuki:vojenpbrwc,53,Dicam,hembra,139,senior,,,,Mestizo,mestizo,False,Valencia,"Valencia, España",SOS Animales Sagunto,disponible,False,,True,True,True,miwuki,https://petshelter.miwuki.com/c/VoJENpBRWC,https://img.miwuki.com/gk3bL6c4,2026-08-03T01:11:33Z,2026-08-03T01:11:33Z,"La guapísima DICAM llegó al refugio hace ya seis años, cuando solo tenía dos (ahora cuenta con ocho adorables años) y ya estaba preñada. Entró con mucho miedo al ser humano, sobre todo a los hombres. Pero, poco a poco, ha ido superando sus temores y ahora es una perrita tímida pero cariñosa y equilibrada.  Un rato con Dicam es suficiente para darse cuenta de que es una perra especial, pero son esas reacciones particulares ante determinadas situaciones las que te hacen pensar “yo quiero tener a"
miwuki:imj8hqckon,53,Dolsa,hembra,132,senior,,,,Mestizo,mestizo,False,Valencia,"Valencia, España",Adaana,disponible,False,,True,True,True,miwuki,https://petshelter.miwuki.com/c/Imj8hqckon,https://img.miwuki.com/fr4ue5j2,2026-08-03T01:11:33Z,2026-08-03T01:11:33Z,"FECHA DE NACIMIENTO: 2014 Dolsa nos sigue sorprendiendo. Es una luchadora que nos demuestra que con tesón y muchas ganas todo se supera.  Dolsa ha conseguido estabilizarse y actualmente toma sólo una medicación de mantenimiento que esperamos que en la próxima revisión se le pueda quitar también. Es un sueño hecho realidad verla tan vital, alegre y casi sin medicación.  Dolsa es una perra cariñosa, sociable con perros y gatos que adora los largos paseos y las tardes de sofá. ¿Le haces un hueco?  "
miwuki:yhyrt0ypp5,53,Gea,hembra,146,senior,,,,Mestizo,mestizo,False,Valencia,"Valencia, España",Rescue and Love,disponible,False,,True,True,True,miwuki,https://petshelter.miwuki.com/c/yHYRt0ypP5,https://img.miwuki.com/oG3ma4x9,2026-08-03T01:11:33Z,2026-08-03T01:11:33Z,"Gea es esta mesticita de Galgo y Podenco de 7 añitos, de los cuales lleva 3 con nosotros. Fue un rescate muy difícil debido al pánico extremo que tenía hacía los humanos, pero por fin pudimos sacarla de las calles y todos sus peligros. Forma parte del grupo de invisibles e intocables del refugio. Pese a que hemos trabajado con ella, no tenemos el tiempo y los medios necesarios como para hacerlo de manera profesional que es lo que ella necesita. Somos conscientes de que su adopción es improbable,"
miwuki:iho1ifteuh,53,Grosella,hembra,124,senior,,,,Mestizo,mestizo,False,Valencia,"Valencia, España",Ribercan,disponible,False,,True,True,True,miwuki,https://petshelter.miwuki.com/c/iHO1ifteUh,https://img.miwuki.com/GG4sx1F4,2026-08-03T01:11:33Z,2026-08-03T01:11:33Z,"Esta chica tan guapa de tamaño medianito es Grosella, quien fue abandonada de cachorra junto con su hermano Glu. Ambos siguen en el refugio esperando a ser adoptados.  Desde que llegaron ambos son perros tímidos y vergonzosos, Grosella quizás un poco más que su hermanito, aunque han ido mejorando un poco todavía les queda mucho miedo que perder. Esto en el refugio es complicado ya que necesitan estar en una casa tranquilos, con una familia que les regale paciencia, espacio y confianza. Se les "
miwuki:lii3abnj41,53,Helga,hembra,124,senior,,,,Mestizo,mestizo,False,Valencia,"Valencia, España",Ribercan,disponible,False,,True,True,True,miwuki,https://petshelter.miwuki.com/c/liI3aBnJ41,https://img.miwuki.com/XZ6xV6k0,2026-08-03T01:11:33Z,2026-08-03T01:11:33Z,"Helga es una podenca de tamaño grande que fue rescatada junto con sus 10 bebés. Llegó con muchísimo miedo al refugio pero poco a poco va cogiendo un poco de confianza, aunque necesita adopción para estar tranquila y segura en una casa con su nueva familia donde le enseñen que puede confiar en los humanos y que olvide todo lo malo que ha tenido que pasar ya quedó atrás.  Todos sus cachorros fueron adoptados pero ella sigue esperando a alguien que le abra las puertas de su hogar y le dé una opor"
miwuki:danpmhqd27,53,Hestia,hembra,167,senior,,,,Mestizo,mestizo,False,Valencia,"Valencia, España",Ribercan,disponible,False,,True,True,True,miwuki,https://petshelter.miwuki.com/c/dANPMhQd27,https://img.miwuki.com/DS7Qk8H1,2026-08-03T01:11:33Z,2026-08-03T01:11:33Z,"Hestia es una guapísima perra mestiza de tamaño mediano. Es una perra muy dicharachera y alegre, sociable con otros perros y muy juguetona. Es la fiel e inseparable compañera de Sane, se han hecho grandes amigos desde que llegaron al refugio. Le chifla el agua, en verano se pasa todo el rato que puede dentro de la piscina que les ponemos.   Con las personas es un poco tímida al principio con quien no conoce, pero cuando coge confianza es muy cariñosa y te sigue a todos lados.  Hestia necesit"
miwuki:tekimfncth,53,Indie,hembra,89,adulto,,,,Mestizo,mestizo,False,Valencia,"Valencia, España",Adaana,disponible,False,,True,True,True,miwuki,https://petshelter.miwuki.com/c/TEKIMFnctH,https://img.miwuki.com/Zi8sI3Q1,2026-08-03T01:11:33Z,2026-08-03T01:11:33Z,"FECHA DE NACIMIENTO: 2019. Es miedosa y necesita una familia con paciencia y que le dedique tiempo para adaptarse. Es apta con perros. Se entrega desparasitada, vacunada, esterilizada y con contrato de adopción."
miwuki:a9k618cmyv,53,Isadora,hembra,120,senior,,,,Mestizo,mestizo,False,Valencia,"Valencia, España",SOS Animales Sagunto,disponible,False,,True,True,True,miwuki,https://petshelter.miwuki.com/c/A9k618cMyV,https://img.miwuki.com/St9RZ8i7,2026-08-03T01:11:33Z,2026-08-03T01:11:33Z,"ISADORA es una perra muy especial. La sacamos llenita de sarna y enferma de un almacén abandonado junto con otros casi setenta perros que se refugiaban allí. El veterinario le calcula cinco años (7/2016). Ahora esta en perfectas condiciones, guapa, sana y con un caracter un poco retraído, le cuesta confiar en el ser humano. Se mantiene cerca de nosotros pero no agobia pidiendo mimos y atenciones. Tiene una cara muy expresiva y sus ojos hablan por sí solos. Es una perra cuya presencia provoca ter"
miwuki:w1brltjowz,53,Kairi,hembra,94,adulto,,,,Mestizo,mestizo,False,Valencia,"Valencia, España",Ribercan,disponible,False,,True,True,True,miwuki,https://petshelter.miwuki.com/c/W1BRltJoWZ,https://img.miwuki.com/Po4AC0V5,2026-08-03T01:11:33Z,2026-08-03T01:11:33Z,"Kairi es una preciosa perra de tamaño mediano, llevaba desde que nació viviendo y sobreviviendo por los campos junto a su mamá Uma. Después de mucho tiempo intentado cogerlas, finalmente lo conseguimos para así poder ayudarlas y sacarlas de la calle.  Kairi es una perrita tímida que todavía necesita aprender a confiar del todo en las personas, pero poco a poco va mejorando. Cada vez está más animada. Es muy juguetona y con el resto de perros es muy sociable, le encanta jugar a todas horas con "
miwuki:swbcao99pn,53,Kenia,hembra,108,senior,,,,Mestizo,mestizo,False,Valencia,"Valencia, España",Rescue and Love,disponible,False,,True,True,True,miwuki,https://petshelter.miwuki.com/c/SWbCAo99pN,https://img.miwuki.com/Pr6eu7n4,2026-08-03T01:11:33Z,2026-08-03T01:11:33Z,"Kenia es esta Pitbull de 5 añitos y medio. Fue sacada de la perrera a punto de ser sacrificada, ¿motivo? Nacer negra, pertenecer a las siglas PPP y no ser cachorra. Kenia es una perra activa a la que le encantan las caricias y los juegos a partes iguales, disfruta mucho de la compañía humana y con sus congéneres suele ser dominante. Buscamos para ella una familia responsable y en la que sea hija única (perramente hablando). NECESARIA LICENCIA PPP. Analíticas estupendas. Selectiva con hembras y m"
miwuki:xuxj5mgmkm,53,Koba,hembra,166,senior,,,,Mestizo,mestizo,False,Valencia,"Valencia, España",Ribercan,disponible,False,,True,True,True,miwuki,https://petshelter.miwuki.com/c/XUXj5MgmKm,https://img.miwuki.com/Zd2AW8q0,2026-08-03T01:11:33Z,2026-08-03T01:11:33Z,"Koba es una podenquita a la que rescatamos cuando vagaba por unos campos de Carcaixent. Es una perra muy tranquila y muy dulce. Es sociable con otros perros. No puede vivir en un chalet ya que es algo escapista y salta vallas de gran altura, por lo que su hogar ideal sería en una casa o un piso.  Koba tiene leishmania pero la tiene totalmente controlada y hace vida normal como cualquier otro perro con su medicina diaria."
miwuki:6f427i6km8,53,Laia,hembra,77,adulto,,grande,,Mestizo,mestizo,False,Valencia,"Valencia, España",SOS Animales Sagunto,disponible,False,,True,True,True,miwuki,https://petshelter.miwuki.com/c/6F427I6Km8,https://img.miwuki.com/jg5Hv7u5,2026-08-03T01:11:33Z,2026-08-03T01:11:33Z,"Es una mastina joven, de una belleza espectacular y de mirada dulce y amable, llama la atención de todos por su simpatía y encanto natural. Es mimosa y cariñosa a más no poder. Podría pasar el día entero mirándote con una sonrisa perruna y no cansarse, disfruta dando largos paseos y sobre todo de lanzarse como una loca para jugar en el agua, es su auténtica pasión.  Es muy evidente que necesita un referente humano al que aferrarse para sentirse segura. Una vez que lo encuentra, muestra una gra"
miwuki:ybpk66kofq,53,Lily,hembra,77,adulto,,grande,30.0,Mestizo,mestizo,False,Valencia,"Valencia, España",Naturaleza y Animales,disponible,False,,True,True,,miwuki,https://petshelter.miwuki.com/c/YbPK66KOFq,https://img.miwuki.com/Br8XF1u5,2026-08-03T01:11:33Z,2026-08-03T01:11:33Z,"Lily es una mestiza guapísima a la que sus dueños no trataron como debía, siempre se escapaba y no podían solicion hasta que al final nos la cedieron. Es de tamaño mediano y es cariñosa y activa. Le gusta jugar con otros perros y con personas pero se pone nerviosa rápidamente. Busca un hogar con algo de jardin o terreno por donde correr y jugar."
miwuki:ersghnbyir,53,Luna,hembra,40,adulto,,grande,,Mestizo,mestizo,False,Valencia,"Valencia, España",Helpdog Valencia,disponible,False,,True,True,True,miwuki,https://petshelter.miwuki.com/c/ErSgHNBYIR,https://img.miwuki.com/OS9bD7d9,2026-08-03T01:11:33Z,2026-08-03T01:11:33Z,"Buscamos familia de adopción para Luna.   Luna es malagueña y ha sido adoptada en Valencia, pero la familia tiene un perrito que no la acepta y le enseña lo dientes y le tira a morder. Luna sigue en Valencia y queremos buscarle una buena familia de adopción y que no tenga que volver a Málaga.Queremos que esta malagueña salerosa se haga valenciana de adopción! 🥰 Está castrada, tiene, chip, vacunas etcétera... Está muy sana y es una perra deportista. Le encanta hacer senderismo, dar largos paseos "
miwuki:rrhvgpshlo,53,Malta,hembra,159,senior,,,,Mestizo,mestizo,False,Valencia,"Valencia, España",Adopta Salva una Vida,disponible,False,,True,True,True,miwuki,https://petshelter.miwuki.com/c/RRhvgpSHlO,https://img.miwuki.com/SN5Sk4i4,2026-08-03T01:11:33Z,2026-08-03T01:11:33Z,"DESCRIPCIÓN: No existen imposibles y es lo que buscamos para Malta, una pequeña podenca con una triste historia a cuestas. Busca un humano de gran corazón que le ayude a escribir un final feliz para su vida. No importa donde esté, nosotros ayudaremos a que Malta llegue a su hogar. Apareció vagando muy asustada en una urbanización de un municipio de Valencia. A partir de ahí, la persona que la rescató lleva luchando varios años por encontrarle un hogar sin éxito. Pero llega un momento que ma"
miwuki:1hyvodl8we,53,Manela,hembra,89,adulto,,,,Mestizo,mestizo,False,Valencia,"Valencia, España",Adaana,disponible,False,,True,True,True,miwuki,https://petshelter.miwuki.com/c/1hyvoDl8WE,https://img.miwuki.com/zT6If1N9,2026-08-03T01:11:33Z,2026-08-03T01:11:33Z,"Manela ha conocido la peor cara del ser humano y ahora nos toca demostrarle que no todos somos iguales.  Fue abandonada después de quedarse parapléjica 😔 Estamos haciéndole pruebas para tratar de llegar a un diagnóstico, pero está resultando bastante difícil, por lo que de momento no sabemos si podrá volver a caminar. Entre tanto, va haciendo rehabilitación para mantenerse. No entendemos cómo se puede abandonar a un ser tan noble en un estado tan vulnerable, pero nosotras no vamos a dejarla sola"
miwuki:69wciyzwce,53,Micaela,hembra,83,adulto,,grande,25.0,Mestizo,mestizo,False,Valencia,"Valencia, España",PETJADES TROBADES,disponible,False,,True,True,True,miwuki,https://petshelter.miwuki.com/c/69WcIYzWCE,https://img.miwuki.com/sX2lw9E9,2026-08-03T01:11:33Z,2026-08-03T01:11:33Z,"Micaela fue recogida en la calle con una gran herida en la cara que como veis ya tiene curada.  Buscamos una casita donde sea hija única porque no es sociable con los demás perretes. Necesita licencia PPP ya que es Potencialmente Pegajosa y Perfecta.  Es activa, le encanta dar largos paseos y ver mundo. También le encantan los premios y que le rasquen la tripita."
miwuki:xzpeqf6eoh,53,Milka,hembra,126,senior,,,,Mestizo,mestizo,False,Valencia,"Valencia, España",Rescat and dog,disponible,False,,True,True,True,miwuki,https://petshelter.miwuki.com/c/xZpEQF6Eoh,https://img.miwuki.com/dy7KW8w2,2026-08-03T01:11:33Z,2026-08-03T01:11:33Z,"𝐌𝐈𝐋𝐊𝐀 🍫  𝐍𝐮𝐞𝐬𝐭𝐫𝐚 𝐜𝐡𝐨𝐜𝐨𝐥𝐚𝐭𝐢𝐭𝐚𝐚𝐚 𝐩𝐫𝐞𝐟𝐞𝐫𝐢𝐝𝐚 🥰🥰 📢𝐁𝐔𝐒𝐂𝐀𝐌𝐎𝐒 𝐔𝐍𝐀 𝐀𝐃𝐎𝐏𝐂𝐈Ó𝐍 𝐄𝐒𝐏𝐄𝐂𝐈𝐀𝐋 𝐏𝐀𝐑𝐀 𝐔𝐍𝐀 𝐂𝐇𝐈𝐂𝐀 𝐄𝐒𝐏𝐄𝐂𝐈𝐀𝐋📢  Milka es una de las perritas de las que nos hicimos cargo del Refugio de Elsa. Llegó a nosotras con mucho mucho miedo, y es que estaba desde cachorra en el Refugio y sólo socializó con algunos perritos, y nada con personas 😞😞 Gracias a un compi que se la llevó en acogida a su casita, Milka os podemos asegurar que es otra perrita. Es muy buena y tranquila en casa, se pasa casi todo el día tum"
miwuki:gg8f7gwetn,53,Milka,hembra,126,senior,,,,Mestizo,mestizo,False,Valencia,"Valencia, España",Rescat and dog,disponible,False,,True,True,True,miwuki,https://petshelter.miwuki.com/c/GG8f7gWetn,https://img.miwuki.com/Yp5vl5Z5,2026-08-03T01:11:33Z,2026-08-03T01:11:33Z,"𝐌𝐈𝐋𝐊𝐀 🍫  𝐍𝐮𝐞𝐬𝐭𝐫𝐚 𝐜𝐡𝐨𝐜𝐨𝐥𝐚𝐭𝐢𝐭𝐚𝐚𝐚 𝐩𝐫𝐞𝐟𝐞𝐫𝐢𝐝𝐚 🥰🥰 📢𝐁𝐔𝐒𝐂𝐀𝐌𝐎𝐒 𝐔𝐍𝐀 𝐀𝐃𝐎𝐏𝐂𝐈Ó𝐍 𝐄𝐒𝐏𝐄𝐂𝐈𝐀𝐋 𝐏𝐀𝐑𝐀 𝐔𝐍𝐀 𝐂𝐇𝐈𝐂𝐀 𝐄𝐒𝐏𝐄𝐂𝐈𝐀𝐋📢  Milka es una de las perritas de las que nos hicimos cargo del Refugio de Elsa. Llegó a nosotras con mucho mucho miedo, y es que estaba desde cachorra en el Refugio y sólo socializó con algunos perritos, y nada con personas 😞😞 Gracias a un compi que se la llevó en acogida a su casita, Milka os podemos asegurar que es otra perrita. Es muy buena y tranquila en casa, se pasa casi todo el día tum"
miwuki:zcjeksqnhd,53,Molly,hembra,99,senior,,,,Mestizo,mestizo,False,Valencia,"Valencia, España",Rescue and Love,disponible,False,,True,True,True,miwuki,https://petshelter.miwuki.com/c/ZcJEKsQnHd,https://img.miwuki.com/zg0wV1L0,2026-08-03T01:11:33Z,2026-08-03T01:11:33Z,"Sam (macho pelo corto) y Molly (hembra pelo semi largo), son estos mesticitos de tamaño mediano y 3 añitos. Abandonados a su suerte, se apoyaron el uno al otro y lograron sobrevivir hasta que llegaron aquí hace más de 1 año. Tienen un vínculo MUY fuerte, tanto que cuando hemos tenido que llevar alguno al veterinario, el otro tiene que venir también en calidad de acompañante porque se desespera en el refugio; llora, aúlla, intenta escapar.. son como los amantes de Teruel, no existe vida para ello"
miwuki:fw8ji8nlr3,53,Mérida,hembra,66,adulto,,grande,26.5,Mestizo,mestizo,False,Murcia,"Murcia, España",Cuatro Patas Jumilla,disponible,False,,True,True,True,miwuki,https://petshelter.miwuki.com/c/fw8Ji8NLR3,https://img.miwuki.com/uU6tU9L6,2026-08-03T01:11:33Z,2026-08-03T01:11:33Z,"Comportamiento con perros: Muy bien.  Comportamiento con gatos: No se sabe.  Niños: No la hemos visto nunca con niños.  Carácter: Es hermana de GINEBRA. Las dos están muy unidas. Fueron encontradas juntas en Viña P, carretera de Pinoso. Tienen mucha dependencia una de la otra, no les gusta estar separadas, se sienten seguras juntas. Al ser cachorras, tan jóvenes, sería muy bueno para ellas ser adoptadas juntas, o un hogar con más animales. Son divertidas, cariñosas y muy sociables."
miwuki:yhuxbfn1b9,53,Nelly,hembra,111,senior,,,,Mestizo,mestizo,False,Valencia,"Valencia, España",Lacua,disponible,False,,True,True,True,miwuki,https://petshelter.miwuki.com/c/yHuXBFn1B9,https://img.miwuki.com/zC0uH2M1,2026-08-03T01:11:33Z,2026-08-03T01:11:33Z,"Hoy queremos presentaros a este bellezón: una perrita llamada Nelly que nació en abril del 2017. Obviando lo guapa que es, es una perrita cariñosa y juguetona, a la que le encanta jugar y correr con otros perretes. A veces saca su carácter, pero lo hace de una manera controlada. Está esterilizada y vacunada de todo, hace sus necesidades siempre fuera de casa y le encantan las aventuras. ¿Alguna persona con el corazoncito disponible para Nelly?"
miwuki:uzciioio7o,53,Panda,hembra,91,adulto,,,,Mestizo,mestizo,False,Valencia,"Valencia, España",SOS Animales Sagunto,disponible,False,,True,True,True,miwuki,https://petshelter.miwuki.com/c/uZCiIOiO7O,https://img.miwuki.com/ok3sT4s6,2026-08-03T01:11:33Z,2026-08-03T01:11:33Z,"Nuestra explosiva y guapísima PANDA llegó de la mano de sus dueños. Había pasado toda su vida en una terraza y compartiendo el tiempo con una persona inválida. Su vitalidad y el empeoramiento de esta persona hicieron que le fuera imposible seguir dándole las atenciones que necesita. Es una perra activa, alegre, cariñosa y obediente que adora pasear y olisquearlo todo, jugar y corretear. Es muy mimosa y siempre esta ansiosa si no esta en compañía humana. Es muy dependiente del ser humano. Una de "
miwuki:m4dinz3jio,53,Piña,hembra,91,adulto,,,,Mestizo,mestizo,False,Valencia,"Valencia, España",Ribercan,disponible,False,,True,True,True,miwuki,https://petshelter.miwuki.com/c/M4DInz3Jio,https://img.miwuki.com/aN9bQ7h2,2026-08-03T01:11:33Z,2026-08-03T01:11:33Z,"Piña es una preciosa podenquita de tamaño mediano, un poco tímida pero muy adorable. La rescatamos de la calle junto a Bellota, una enorme mastina que ya ha sido adoptada. Piña todavía no ha tenido suerte y sigue esperando a que una familia se fije en ella. Es súper sociable con todos los perros, se hace amiga de todos y le encanta pasar el rato en el patio jugando y corriendo. Con las personas es algo vergonzosa. Quiere acercarse a tí para que la acaricies y le hagas mimos pero necesita un poco"
miwuki:bgnqhqp4cn,53,Sila,hembra,77,adulto,,grande,,Mestizo,mestizo,False,Valencia,"Valencia, España",Helpdog Valencia,disponible,False,,,,,miwuki,https://petshelter.miwuki.com/c/BgnQhQP4cN,https://img.miwuki.com/vW8SA7B8,2026-08-03T01:11:33Z,2026-08-03T01:11:33Z,"SILA BUSCA FAMILIA 🏡🐾   Sila es una preciosa pastor alemana de casi cinco años.   Es muy obediente, sociable con otros perros, gatos y niños , es excesivamente cariñosa y buena.   📍 Valencia .  📝Se rellena cuestionario que lo enviamos por WhatsApp o por e-mail.   📱 Para adoptar contacta SOLO por WhatsApp al 622 44 61 10."
miwuki:ph5xgvu9hj,53,Snowy,hembra,54,adulto,,grande,25.0,Mestizo,mestizo,False,Murcia,"Murcia, España",Cuatro Patas Jumilla,disponible,False,,True,True,True,miwuki,https://petshelter.miwuki.com/c/PH5XgVu9HJ,https://img.miwuki.com/wK1hM9u2,2026-08-03T01:11:33Z,2026-08-03T01:11:33Z,"Comportamiento con perros: Convive con muchos perros y los tolera, pero prefiere no tener que hacerlo. Está más tranquila y feliz como perra única.//  Comportamiento con gatos: No compatible con gatos//  Niños: No compatible, prefiere tranquilidad y no tener sobresaltos en casa. Se pone nerviosa con niños//  Carácter: Muy activa y cariñosa. Enfocada en el ser humano totalmente y a vivir con personas. No le interesan otros perros, prefiere la compañía de la gente. Es inteligente y juguetona.//"
miwuki:dgxamsyaq2,53,Suri,hembra,136,senior,,,,Mestizo,mestizo,False,Valencia,"Valencia, España",Rescue and Love,disponible,False,,True,True,True,miwuki,https://petshelter.miwuki.com/c/dgXamSyaQ2,https://img.miwuki.com/Lr0eH8V2,2026-08-03T01:11:33Z,2026-08-03T01:11:33Z,"Suri es una mesticita de Galgo y Podenco de 6 años. Fue un rescate algo complicado, aunque de eso hace ya 4 años. Otro ángel más que encabeza la lista de invisibles.. y es que si ya es difícil nacer Podenco o Galgo en España, sumarle ser una mezcla de los 2, añadirle un manto negro y unas tímidas canas. Suri es un ser MUY especial, transmite una nobleza que enmudece, le encanta tomar el sol y vivir en paz. Necesita una familia que le dedique tiempo y paciencia, no termina de confiar en el humano"
miwuki:i3yfdhv48f,53,Tana,hembra,40,adulto,,grande,27.0,Mestizo,mestizo,False,Murcia,"Murcia, España",Asoción Protectora De Animales De Molina De Segura,disponible,False,,True,True,True,miwuki,https://petshelter.miwuki.com/c/I3YFDhV48f,https://img.miwuki.com/Dj0bb2i5,2026-08-03T01:11:33Z,2026-08-03T01:11:33Z,
miwuki:mgilioquup,53,Tess,hembra,142,senior,,,,Mestizo,mestizo,False,Valencia,"Valencia, España",SOS Animales Sagunto,disponible,False,,True,True,True,miwuki,https://petshelter.miwuki.com/c/mGilIOquuP,https://img.miwuki.com/HD2UZ6N3,2026-08-03T01:11:33Z,2026-08-03T01:11:33Z,"Tess es una pastora alemana, nacida aproximadamente en octubre de 2014. Cuando llegó a nosotros tenía un tumor considerable en un costado, por lo que fue intervenida de urgencia. Por suerte, la operación fue muy bien y su recuperación fue rápida. Actualmente está más sana que una manzana. Su carácter es tranquilo y relajado, de hecho le encanta pasar horas tumbada en su camita o tomando el sol sin que la molesten. Pero también es una buena compañera de paseos, ya que le gusta mucho salir y olfat"
miwuki:hbpxdf8yqf,53,Tetti,hembra,38,adulto,,grande,,Mestizo,mestizo,False,Valencia,"Valencia, España",Salvando Patitas Felinas,disponible,False,,True,True,True,miwuki,https://petshelter.miwuki.com/c/HBpxdF8yQF,https://img.miwuki.com/MG7jn9L0,2026-08-03T01:11:33Z,2026-08-03T01:11:33Z,"Tetti tiene tres años y sigue en la perrera sin que nadie la adopte, es sociable con otros perros y con personas un amor. Con gatos no está testada.   ¿Quieres adoptarla y darle un hogar?  🔁 No te olvides de compartir para llegar más lejos, y nuestros pequeños encuentren un hogar.  📍 . Málaga pero puede viajar.  📲 Teléfono de contacto solo WhatsApp 622446110 . . . 📩 Si quieres colaborar con nosotras aquí te dejamos la información ℹ️  📧 [email protected] 🤝𝗧𝘂 𝗮𝘆𝘂𝗱𝗮 𝗽𝘂𝗲𝗱𝗲 𝘀𝗮𝗹𝘃𝗮𝗿 𝘃𝗶𝗱𝗮𝘀.  📍DONACIONES"
miwuki:vwzf9ikqe8,53,Uma,hembra,95,adulto,,,,Mestizo,mestizo,False,Murcia,"Murcia, España",Spandy,disponible,False,,True,True,True,miwuki,https://petshelter.miwuki.com/c/vWzF9ikqe8,https://img.miwuki.com/yD8af9n9,2026-08-03T01:11:33Z,2026-08-03T01:11:33Z,Fui recogida con mi hija de 2 mesecitos mi hija salió muy rápido adoptada pero yo por desgracia no
miwuki:ld9jqtfzic,53,Vania,hembra,98,senior,,,,Mestizo,mestizo,False,Valencia,"Valencia, España",PETJADES TROBADES,disponible,False,,True,True,True,miwuki,https://petshelter.miwuki.com/c/Ld9JqTfZiC,https://img.miwuki.com/yo3Gq0D9,2026-08-03T01:11:33Z,2026-08-03T01:11:33Z,Recogida de la calle con mucho miedo pero con el tiempo ha empezado a confiar en el ser humano y esta lista para encontrar una familia
kerubi:vera,53,Vera,hembra,44,adulto,2022-12-15,grande,,Mestizo,mestizo,False,Murcia,Murcia,ASOC. PROTECCIÓN ANIMAL DE MAZARRON (APROAMA),disponible,False,,,,,kerubi,https://kerubi.es/animales/perros-en-adopcion/vera/,https://kerubi.es/wp-content/uploads/2025/04/IMG_8384.jpeg,2026-08-03T01:11:33Z,2026-08-03T01:11:33Z,Ella es la cachorrona de apenas 8 meses que cayó a una arqueta sin cerrar. No sabemos el tiempo que llevaba allí. Al oír pasar a alguien aulló con todas sus fuerzas para que la salvaran. Y nuestro compañero Yago la sacó para darle una segunda vida. Sin embargo…. Aún nadie se ha fijado en ella 😭😭 Tienes un sitio en casa para este ángel grande de cuerpo y de corazón?? [email protected] 642 899 947
kerubi:vera-2,53,Vera,hembra,44,adulto,2022-12-15,grande,,Mestizo,mestizo,False,Murcia,Murcia,ASOC. PROTECCIÓN ANIMAL DE MAZARRON (APROAMA),disponible,False,,,,,kerubi,https://kerubi.es/animales/perros-en-adopcion/vera-2/,https://kerubi.es/wp-content/uploads/2025/04/IMG_8384-1.jpeg,2026-08-03T01:11:33Z,2026-08-03T01:11:33Z,Ella es la cachorrona de apenas 8 meses que cayó a una arqueta sin cerrar. No sabemos el tiempo que llevaba allí. Al oír pasar a alguien aulló con todas sus fuerzas para que la salvaran. Y nuestro compañero Yago la sacó para darle una segunda vida. Sin embargo…. Aún nadie se ha fijado en ella 😭😭 Tienes un sitio en casa para este ángel grande de cuerpo y de corazón?? [email protected] 642 899 947
miwuki:4bcjcioupf,53,Vita,hembra,156,senior,,,,Mestizo,mestizo,False,Valencia,"Valencia, España",Rescue and Love,disponible,False,,True,True,True,miwuki,https://petshelter.miwuki.com/c/4BcjcIOupF,https://img.miwuki.com/sO1eE3r5,2026-08-03T01:11:33Z,2026-08-03T01:11:33Z,"Vita es una mesticita de Shar pei de unos 9 años, fue sacada de las calles en 2018 junto a sus bebés en un rescate que duró más de 5 horas. Vita deambulaba desde hacía casi 1 año por las calles de Cullera (Valencia), pero nos costó muchísimo ponerla a salvo. Llegó con pavor al humano, una mastitis severa, entropión en ambos ojos e infectada de pulgas y garrapatas. Fueron muchas las personas que nos animaron a rescatarla junto a sus retoños, pero una vez en el refugio toda esa gente desapareció, "
kerubi:marshall,52,Marshall,macho,3,cachorro,2026-05-13,grande,,Galgo Espanol,raza,False,Valencia,Valencia,Salvando patitas,disponible,False,,,,,kerubi,https://kerubi.es/animales/perros-en-adopcion/marshall/,https://kerubi.es/wp-content/uploads/2026/05/IMG_20260511_215848.jpg,2026-08-03T01:11:33Z,2026-08-03T01:11:33Z,"Marshall ha llegado a nosotras sin esperarlo, no sabemos muy bien su pasado pero seguramente es una víctima más de la caza… En lo poquito que lleva con nosotras nos ha demostrado que a pesar de ser guapísimo, es muy noble, algo tímido al principio y con muchas ganas de encontrar una familia. Es bueno, sociable y le encanta pasear y los mimos. – Apto con perros. – No testado con gatos. 🙏📝Rellena este formulario para su adopción👉 📄 https://docs.google.com/forms/d/1syb7acgpbioaCmYwtLwpCTmpxfQQ_16WA"
miwuki:g6cbrryrcq,51,Belinda,hembra,146,senior,,grande,30.0,Mestizo,mestizo,False,Albacete,"Albacete, España",Huellas de ViDA,disponible,False,,True,,True,miwuki,https://petshelter.miwuki.com/c/g6CbRRyRCQ,https://img.miwuki.com/Ul2TE8P5,2026-08-03T01:11:33Z,2026-08-03T01:11:33Z,"Perra muy sociable con otros machos de la perrera, tanto grandes como de pequeño tamaño. Carácter bastante nervioso e impulsivo. Fuerte temperamento. Al principio, Belinda no aceptaba la manipulación por parte de los voluntarios, pero poco a poco se ha acostumbrado y ya se deja manipular en cualquier situación. Perra muy juguetona. Hay que tener en cuenta que la perrera no es el entorno más adecuado para ningún perro, pero menos aún para perros con mucha energía. Belinda es intolerante a alguna "
apadac:chulito,51,Chulo,macho,24,joven,,mediano,,Mestizo,mestizo,False,Alicante,Callosa de Segura,APADAC Callosa de Segura,disponible,False,,,,,apadac,https://protectora-apadac.org/adopta/chulito,https://protectora-apadac.org/_next/image?url=%2Fapi%2Fmedia%2Ffile%2FWhatsApp%2520Image%25202026-07-31%2520at%252004.43.33%2520(2)-1.jpg&w=3840&q=75,2026-08-03T01:11:33Z,2026-08-03T10:39:22Z,"Adopción responsable ¿Listo para devolverle la confianza a un gran perro? Chulo te está esperando. ✨ Convivencia Cuidados Historia 🐾 Chulo , un alma noble que solo necesita volver a confiar."
miwuki:et9ydwaeln,51,Dana,hembra,101,senior,,grande,28.0,Mestizo,mestizo,False,Murcia,"Murcia, España",Asoción Protectora De Animales De Molina De Segura,disponible,False,,True,True,True,miwuki,https://petshelter.miwuki.com/c/et9YdwaElN,https://img.miwuki.com/JK3LM3F5,2026-08-03T01:11:33Z,2026-08-03T01:11:33Z,"Este increíble compañero llegó a nuestras instalaciones hace apenas 15 días junto a otra hembra, y desde el primer momento nos ha robado el corazón a todos con su temperamento excepcional. Descripción y Carácter: Temperamento: Es un perro extremadamente equilibrado, noble y cariñoso. A pesar de los cambios recientes, ha demostrado ser sumamente paciente y agradecido. Adaptación: En estas dos semanas ha demostrado una capacidad de adaptación asombrosa. Es tranquilo en el chenil y se emociona m"
miwuki:vwcrpauvyf,51,Dana,hembra,139,senior,,grande,25.0,Mestizo,mestizo,False,Murcia,"Murcia, España",Patitas Unidas Los Alcázares,disponible,False,,,,,miwuki,https://petshelter.miwuki.com/c/VWcrpAuVyf,https://img.miwuki.com/aP4LX7n3,2026-08-03T01:11:33Z,2026-08-03T01:11:33Z,"Hola! Me llamo Dana. Fuí encontrada en una caja con mis siete hermanos. Estoy en una casa de acogida, donde me miman mucho pero no pueden tenerme siempre y necesito un hogar definitivo. Me encanta jugar y me llevo bien con todo tipo de perros."
miwuki:rhdj6kz0my,51,Erandi,hembra,130,senior,,grande,25.0,Mestizo,mestizo,False,Valencia,"Valencia, España",SOS Animales Sagunto,disponible,False,,True,True,True,miwuki,https://petshelter.miwuki.com/c/RHdj6kZ0MY,https://img.miwuki.com/FQ4aC7D6,2026-08-03T01:11:33Z,2026-08-03T01:11:33Z,"Hubo que romper la acequia en la que Erandi tenía a sus 11 cachorritos, para poder rescatarlos.   Han ido saliendo todos en adopción, pero Erandi sigue con nosotros... Se nota que jamás nadie se hizo cargo de ella, que nunca recibió una caricia, ni tuvo cerca una mano amiga, pues desconfía todavía del ser humano, eso sí, cuando intuye que vamos a pasear con los otros perretes del refugio, ella te ladra para que te la lleves de paseo también. Aunque sabemos que jamás paseó con correa, va muy bie"
miwuki:dlrz1yqqhy,51,Escarcha,hembra,117,senior,,grande,28.0,Mestizo,mestizo,False,Murcia,"Murcia, España",Cuatro Patas Jumilla,disponible,False,,True,True,,miwuki,https://petshelter.miwuki.com/c/dlRz1yqQhY,https://img.miwuki.com/Ah3RT4V2,2026-08-03T01:11:33Z,2026-08-03T01:11:33Z,"Comportamiento con perros: Se lleva bien con todo tipo de perros// Comportamiento con gatos: Desconocido// Niños: Creemos que bien, pero no sabemos si ha vivido con niños. Pero al ser miedosa y desconfiada al principio, tendrían que ser niños que respetaran su espacio. // Carácter: Tranquila, cariñosa, equilibrada y tímida. Tiene miedo a las personas al principio, está trabajando duro para pasear y confiar. Pone todo de su parte. // Paseo con correa: Muy poco a poco, ya da sus primeros paseo"
kerubi:friz,51,Friz,macho,74,adulto,2020-06-01,pequeno,,Bodeguero Andaluz,raza,False,Alicante,Alicante,Mascotas de Zero,disponible,False,True,,,,kerubi,https://kerubi.es/animales/perros-en-adopcion/friz/,https://kerubi.es/wp-content/uploads/2026/05/WhatsApp-Image-2026-04-30-at-13.53.02-1.jpeg,2026-08-03T01:11:33Z,2026-08-03T01:11:33Z,"Friz ha llegado a la protectora porque su familia ya no podia hacerse cargo de él. Es un perrete muy bueno y muy tranquilo, le gusta pasear y no tiene ningún problema con otros perros. Es compatible con niños. Si buscas un perro cariñoso y tranquilo es tu compañero ideal."
miwuki:vu4dpbxw1a,51,Gala,hembra,100,senior,,grande,26.0,Mestizo,mestizo,False,Murcia,"Murcia, España",Apama Nature,disponible,False,,True,True,True,miwuki,https://petshelter.miwuki.com/c/Vu4dPbXw1a,https://img.miwuki.com/Iv5oO0I4,2026-08-03T01:11:33Z,2026-08-03T01:11:33Z,"Ella es muy buena con otros animales, pero tiene mucho miedo a las personas, estamos trabajando con ella, en cuanto mejore sera un perro maravilloso ya que su carácter es muy noble."
miwuki:pyc4kruicf,51,Gorda,hembra,158,senior,,grande,30.0,Mestizo,mestizo,False,Albacete,"Albacete, España",Huellas de ViDA,disponible,False,,True,,True,miwuki,https://petshelter.miwuki.com/c/pyC4KruICf,https://img.miwuki.com/GL9FX1j7,2026-08-03T01:11:33Z,2026-08-03T01:11:33Z,"Se puede considerar una perra cariñosa, inteligente y muy sociable con la gente, a veces incluso, demasiado pegajosa. Muy buen carácter y buen temple ante nuevas situaciones. Le gusta pasear con correa y aprende rápidamente. Tiene una buena socialización urbana. Muy buena predisposición al juego. No muestra agresividad ni con machos ni con hembras a pesar de ser una hembra dominante. No reacciona de manera agresiva ante las correcciones de los voluntarios. Carácter bastante nervioso e impulsivo."
kerubi:jade,51,Jade,hembra,135,senior,2015-05-08,grande,,Mestizo,mestizo,False,Valencia,Valencia,Salvando patitas,disponible,False,,,,,kerubi,https://kerubi.es/animales/perros-en-adopcion/jade/,https://kerubi.es/wp-content/uploads/2026/05/FB_IMG_1779047810595.jpg,2026-08-03T01:11:33Z,2026-08-03T01:11:33Z,"¡Buscamos ACOGIDA para JADE! 🙏🏽🫂 Al final, la hemos sacado de la perrera por su estado. Está con nosotras pero necesitamos una ACOGIDA de larga estancia. Tiene DOCE AÑOS y su estado de salud es delicado. Estamos esperando resultados de las analíticas pero todo apunta a cushing. Pesa 31kg de PURO AMOR. Es tremendamente cariñosa aún después de todo lo que habrá pasado. Solo quiere estar con gente, te persigue adonde vayas. Es súper obediente y tranquila. Solo quiere una camita donde descansar y mu"
kerubi:kata,51,Kata,hembra,111,senior,2017-05-11,grande,,Mestizo,mestizo,False,Valencia,Valencia,Salvando patitas,disponible,False,,True,,True,kerubi,https://kerubi.es/animales/perros-en-adopcion/kata/,https://kerubi.es/wp-content/uploads/2026/05/FB_IMG_1778529051578.jpg,2026-08-03T01:11:33Z,2026-08-03T01:11:33Z,"💔ABUELITA NECESITA UNA FAMILIA…💔 Esta preciosa perrita es Kata, tiene 10 años… y se ha quedado sin nada ni nadie en el mundo… sus propietarios que eran dos personas mayores han sido llevados a residencia y Kata ha perdido su familia y su hogar siendo ya una perrita mayor… Aunque se conserva estupendamente y hace vida normal…. Es muy cariñosa con todo el mundo, convive con otros perros sin problema, pero no es apta con gatos. Se porta de maravilla en casa, es buena y limpia. Con correa es algo re"
miwuki:rujfq2npu6,51,Kima,hembra,92,adulto,,grande,29.0,Mestizo,mestizo,False,Murcia,"Murcia, España",Superppperros,disponible,False,,True,True,True,miwuki,https://petshelter.miwuki.com/c/rUjFQ2npu6,https://img.miwuki.com/fl3un2F0,2026-08-03T01:11:33Z,2026-08-03T01:11:33Z,"Kima fue vista deambulando sola por zona de huerta, estaba perdida y pidiendo ayuda. Iba con collar, estaba bien de peso y, aunque tenía las orejas cortadas, creíamos que alguien la estaría buscando. Pero no fue así y Kima lleva desde noviembre de 2022 esperando a que alguien le dé una oportunidad.  Al principio llevaba muy mal estar en la jaula, estaba muy triste, desubicada y asustada. Poco a poco comprendió que podía confiar en nosotras y se sintió más segura hasta ser la chica alegre, dulce "
miwuki:l2mj7ac1px,51,Lilo,hembra,162,senior,,grande,35.0,Mestizo,mestizo,False,Valencia,"Valencia, España",Spax Protectora De Animales De Xàtiva,disponible,False,,True,True,True,miwuki,https://petshelter.miwuki.com/c/l2mj7aC1pX,https://img.miwuki.com/YB5fy1J7,2026-08-03T01:11:33Z,2026-08-03T01:11:33Z,"Ella y su hermano Stich fueron abandonados a las puertas del refugio a los 6 meses de edad, desde entonces se encuentran bajo la tutela de la spax. Es una perra que cuando conoce y confía se muestra cariñosa y le encanta dar largos paseos. Se ha criado siempre con su hermano Stich por lo que debe adoptarse junto a su hermano ya que son inseparables. Se busca familia para los dos juntos. Se entrega desparasitada, con las vacunas que lleve hasta ese momento, con microchip, pasaporte, vacuna antirr"
miwuki:c5zoclitnw,51,Montana,hembra,90,adulto,,grande,,Mestizo,mestizo,False,Valencia,"Valencia, España",Adaana,disponible,False,,True,True,True,miwuki,https://petshelter.miwuki.com/c/C5ZOcLitnw,https://img.miwuki.com/pk9Ei5s4,2026-08-03T01:11:33Z,2026-08-03T01:11:33Z,"Montana sigue esperando una familia que se enamore de ella. Es una perra activa, alegre y mimosa, le encanta pasar tiempo con las personas y disfrutar de un sofá calentito en compañía. ¿Quieres darle una oportunidad? 📧 [email protected]"
kerubi:p1821-curra,51,P1821 – Curra,hembra,170,senior,2012-06-10,grande,,Mestizo,mestizo,False,Castellón,Castellón,Huellas Callejeras,disponible,False,,True,,,kerubi,https://kerubi.es/animales/perros-en-adopcion/p1821-curra/,https://kerubi.es/wp-content/uploads/2024/04/ab8081a2-a093-4f6b-8e93-8a4e0f8a49e9.jpg,2026-08-03T01:11:33Z,2026-08-03T01:11:33Z,"Curra es una Podenca Ibicenca de pelo duro de 11 años de edad, de tamaño grande (26 kg. aproximadamente), blanca y negra con pelo semi-largo, en busca de una nueva familia de adopción. Es una perrita decomisada por el seprona. Es cariñosa, bastante independiente y de energía media. Se lleva bien con perros y con personas (con gatos no testada). Pasea bien con correa y le gusta, con pautas de educación canina se adaptará bien a su nuevo hogar. Por lo demás, su estado físico es bueno, su dieta es "
kerubi:p1835-cora,51,P1835 – Cora,hembra,103,senior,2018-01-01,grande,,Mestizo,mestizo,False,Castellón,Castellón,Huellas Callejeras,disponible,False,,True,,,kerubi,https://kerubi.es/animales/perros-en-adopcion/p1835-cora/,https://kerubi.es/wp-content/uploads/2024/04/53359476-966c-481c-b8d8-b27771658918.jpg,2026-08-03T01:11:33Z,2026-08-03T01:11:33Z,"Cora es una Podenca muy buena y cariñosa, de tamaño grande (28 kg. aproximadamente), blanca y marrón, de pelo corto, en busca de un nuevo hogar. Fue rescatada en Alcora después de estar deambulando por el pueblo durante casi un mes. Se lleva bien con perros y con personas (con gatos no testada). Es cariñosa, bastante independiente, y tiene energía media. Pasea bien con correa y le gusta, con pautas de educación canina se adaptará en una casa. Por lo demás, su estado físico es bueno, su dieta es "
miwuki:mvmsog0xkg,51,Sydra,hembra,140,senior,,grande,35.0,Mestizo,mestizo,False,Murcia,"Murcia, España",Vicente P.,disponible,False,,,True,True,miwuki,https://petshelter.miwuki.com/c/MVMSog0XKG,https://img.miwuki.com/SV6hC4Q7,2026-08-03T01:11:33Z,2026-08-03T01:11:33Z,"Cuando era muy pequeña hubo gente que se portó muy mal conmigo y por eso me cuesta acercarme al principio, pero cuando cojo confianza sólo sé dar besitos, como a mi familia. Ellos me cogieron como casa de acogida mientras me adoptaban pero se acabaron encariñando y ya llevo 5 años en casa. Lo que más me gusta es que me rasquen y perseguir conejos en el campo!"
asoka:asokaelgrande-org-tomi,51,Tomi,macho,24,joven,,mediano,18.0,Mestizo,mestizo,False,Alicante,"Alicante 
                 (Alicante)",ASOKA el Grande,disponible,False,,True,True,,asoka,https://asokaelgrande.org/ficha-11744,https://asokaelgrande.org/ficha-banner-11744,2026-08-03T01:11:33Z,2026-08-03T01:11:33Z,"Asoka el Grande - Ficha de Tomi Foto 1 de 8 | Ficha de Tomi en adopción Requiere licencia Nombre Tomi Clase perros Desde 11-6-2026 Sexo Macho Edad 2 años y 1 mes fecha de nacimiento 6/2024 Raza Mestizo Tamaño Mediano Peso 18 KG Localidad Alicante (Alicante) ID 11744 Descripción Bully, Enda y Tomi vivían en muy malas condiciones y en un lugar en el que no se merecían estar. Salud Desparasitado, vacunado, castrado. Relacionados con Tomi Enda Bully Te has enamorado, ¿verdad? ¡Rellena el siguiente f"
miwuki:toqthfcnym,51,Vega,hembra,130,senior,,grande,25.0,Mestizo,mestizo,False,Valencia,"Valencia, España",Lacua,disponible,False,,True,,,miwuki,https://petshelter.miwuki.com/c/tOQTHFcNyM,https://img.miwuki.com/Ls2ED7J1,2026-08-03T01:11:33Z,2026-08-03T01:11:33Z,"¡Hola familia! Me llamo Vega y mi historia también merece ser contada.   Me rescataron hace ya un tiempo de la calle, donde yacía sin poder moverme. Me llevaron al veterinario y me curaron. Soy un poco miedosa porque lo he pasado muy mal con otras personas. Prefiero convivir sola, no me gustan los gatos y prefiero no tener compañía de otros perretes. Sé que no soy un caso fácil y que posiblemente nadie quiera adoptarme, pero sería el mayor regalo de mi vida. Además actualmente me encuentro en "
villena:10081,50,Atlas,macho,,,,mediano,16.3,,desconocido,False,Alicante,Alicante,SPAP Villena,disponible,False,,,,,villena,https://protectoravillena.com/animal/atlas/,https://protectoravillena.com/wp-content/uploads/Atlas-1.jpg,2026-08-03T01:11:33Z,2026-08-03T01:11:33Z,"Atlas llegó a la protectora el 18 de julio de 2026 y, desde el primer momento, ha demostrado ser un perro muy sociable y cariñoso. Es de esos compañeros que disfrutan del contacto con las personas y que siempre agradecen unas caricias o unos buenos achuchones.   Durante los paseos se comporta bien y le gusta disfrutar del entorno. Es un perro activo, por lo que encajará especialmente bien con una familia o personas que quieran compartir tiempo con él, salir a pasear, vivir aventuras y hacer que "
miwuki:btdpzvodmc,50,Betty,hembra,179,senior,,gigante,50.0,Mestizo,mestizo,False,Valencia,"Valencia, España",LA PERRITA VALIENTE,disponible,False,True,True,True,True,miwuki,https://petshelter.miwuki.com/c/BtdPzVoDmC,https://img.miwuki.com/EP7ae2U1,2026-08-03T01:11:33Z,2026-08-03T01:11:33Z,"Desde 8-4-2019 fecha de nacimiento 8/2011 Raza Mastina  Localidad Valencia (Valencia) ID 1067  Salud En tratamiento par la Erliquia. Negativo Leishmania.  Descripción ¿Siempre has querido tener una osa polar en casa pero temes no tener espacio? Ahora puedes adoptar a la grandullona de Betty! Nuestra osita busca una familia que la quiera mucho! Llámanos si quieres ser tu quien la cuide!"
anaa:anaaweb-org-bunuelo,50,Buñuelo,macho,15,joven,2025-05-09,mediano,26.0,Mestizo,mestizo,False,Madrid,*,ANAA — Asociación Nacional Amigos de los Animales,disponible,False,,True,,,anaa,https://www.anaaweb.org/animales/43537,https://www.anaaweb.org/animals/image/43537?field=image_1920,2026-08-03T01:11:33Z,2026-08-03T01:15:20Z,"Anterior Siguiente 1 / 13 Adóptame Apadríname Comparte a BUÑUELO BUÑUELO Información Básica Especie Perro Raza Mestizo Sexo Macho Tamaño Mediano Peso 26.0 kg Pelo Corto Color Marrón Fecha de nacimiento 09/05/2025 Esterilizado Sí Carácter y Compatibilidad Carácter: Lo ha pasado muy mal. Merece ser feliz Sobre mí Buñuelo apareció junto a otra perrita, Torrija. Ambos estaban completamente invadidos por la sarna y muy delgados. Su delicado cuerpecito nos mostraba cuánto habían sufrido. Llegaron a la"
anaa:anaaweb-org-chupimuski,50,Chupimuski,hembra,74,adulto,2020-06-22,grande,48.5,Mastin,raza,False,Madrid,*,ANAA — Asociación Nacional Amigos de los Animales,disponible,False,,True,,,anaa,https://www.anaaweb.org/animales/34184,https://www.anaaweb.org/animals/image/34184?field=image_1920,2026-08-03T01:11:33Z,2026-08-03T01:15:20Z,"Anterior Siguiente 1 / 17 Adóptame Apadríname Comparte a CHUPIMUSKI CHUPIMUSKI Información Básica Especie Perro Raza Mastin Sexo Hembra Tamaño Grande Peso 48.5 kg Pelo Corto Color Atigrado / Blanco Fecha de nacimiento 22/06/2020 Esterilizado Sí Carácter y Compatibilidad Carácter: Alegrará tus días Sobre mí Es grande, sí. Pero también es divertida, muuuy cariñosa, juguetona y buenísima. Se lleva fenomenal con su compañero perruno Torrezno, con el que comparte muchas de sus carreras en el patio. C"
kerubi:churu,50,Churu,macho,1,cachorro,2026-07-19,grande,,Mestizo,mestizo,False,Valencia,Valencia,Salvando patitas,disponible,False,,,,,kerubi,https://kerubi.es/animales/perros-en-adopcion/churu/,https://kerubi.es/wp-content/uploads/2026/07/FB_IMG_1784318907714.jpg,2026-08-03T01:11:33Z,2026-08-03T01:11:33Z,"¡CHURU LLEVA TIEMPO ESPERANDO A QUE ALGUIEN LE DÉ UNA OPORTUNIDAD! ❤️ Churu, Churillo, Churito 🌼 Macho Edad: 03/05/23 Tamaño: galgo 😅 Es el galgo más simpaticote del mundo 🌎 Churu es un perrete que fue recogido de la calle, así que no sabemos muy bien su historia. Fue a parar al servicio de recogida. Desde hace un tiempo que está con nosotras pero queremos que encuentre a su familia por fin 🌟 Es un perrete con un carácter excepcional. Es súper súper cariñoso con las personas. Le encanta que le d"
villena:9577,50,Gabriel,macho,20,joven,2024-12-01,mediano,21.0,,desconocido,False,Alicante,Alicante,SPAP Villena,disponible,False,,,,,villena,https://protectoravillena.com/animal/gabriel/,https://protectoravillena.com/wp-content/uploads/Gabriel-1.jpg,2026-08-03T01:11:33Z,2026-08-03T01:11:33Z,"Gabriel es un perro joven y muy alegre. Tiene mucha energía y, en la jaula, se muestra inquieto y desesperado por salir, algo comprensible en un perro activo como él. Cuando sale al patio, disfruta muchísimo del tiempo fuera y se relaciona bien con otros perros, conviviendo sin problemas.   Es un perro ideal para una familia activa, con ganas de compartir paseos, juegos y aventuras. Gabriel es cariñoso y sociable, le encantan las personas y busca el contacto humano.   Llegó a la protectora el 25"
anaa:anaaweb-org-grecia,50,Grecia,hembra,76,adulto,2020-04-10,grande,24.5,Pastor Belga Malinois,raza,False,Madrid,*,ANAA — Asociación Nacional Amigos de los Animales,disponible,False,,True,,,anaa,https://www.anaaweb.org/animales/43492,https://www.anaaweb.org/animals/image/43492?field=image_1920,2026-08-03T01:11:33Z,2026-08-03T01:15:20Z,"Anterior Siguiente 1 / 7 Adóptame Apadríname Comparte a GRECIA GRECIA Información Básica Especie Perro Raza Pastor Belga Malinois Sexo Hembra Tamaño Grande Peso 24.5 kg Pelo Corto Color Marrón Fecha de nacimiento 10/04/2020 Esterilizado Sí Padrinos Greta Rodriguez Ver más animales Ayuda a GRECIA Formulario de Adopción ¡Gracias por elegir la adopción! Nuestro equipo le devolverá el mensaje tan pronto como sea posible. Mientras tanto, le invitamos a visitar nuestras redes sociales Redes sociales O"
villena:9595,50,Johan,macho,28,joven,2024-04-01,mediano,17.0,,desconocido,False,Alicante,Alicante,SPAP Villena,disponible,False,,,,,villena,https://protectoravillena.com/animal/johan/,https://protectoravillena.com/wp-content/uploads/Johan-5.jpg,2026-08-03T01:11:33Z,2026-08-03T01:11:33Z,"Johan es un perro sociable y simpático, con un carácter alegre y vivaracho. Es activo y le encanta interactuar: disfruta mucho de las caricias y los mimos, y busca el contacto humano de forma natural. Se muestra jovial y juguetón, con ganas de compartir tiempo y actividad.   Convive bien tanto con personas como con otros perros, mostrando una actitud abierta y sociable. Es de esos perros que transmiten buen humor y energía positiva en el día a día.   Llegó a la protectora el 8 de agosto de 2025,"
kerubi:malagueno-saleroso,50,Malagueño Saleroso,macho,4,cachorro,2026-04-02,grande,,Mestizo,mestizo,False,Valencia,Valencia,Help Dog Valencia,disponible,False,,True,,,kerubi,https://kerubi.es/animales/perros-en-adopcion/malagueno-saleroso/,https://kerubi.es/wp-content/uploads/2026/06/eefcc571-aee8-4516-b914-82e55c659978.jpeg,2026-08-03T01:11:33Z,2026-08-03T01:11:33Z,"ADOPTADO ❗️❗️❗️ 𝗠𝗔𝗟𝗔𝗚𝗨𝗘𝗡̃𝗢 𝗦𝗔𝗟𝗘𝗥𝗢𝗦𝗢 𝗕𝗨𝗦𝗖𝗔 𝗙𝗔𝗠𝗜𝗟𝗜𝗔 𝗗𝗘 𝗔𝗗𝗢𝗣𝗖𝗜𝗢́𝗡 Este cachorrito fue requisado por la policía local de un pueblo de Málaga. Un hombre iba andando por mitad de una carretera Nacional con el perrito en brazos, el hombre iba ebrio y la policía le preguntó de dónde había cogido al cachorro para haberlo dejado otra vez con su mamá, ya que en ese momento era lactante, pero este hombre lejos de colaborar y decir de dónde lo había cogido se puso algo violento y se lo tuvieron que llevar de"
kerubi:singapur,50,Singapur,macho,1,cachorro,2026-07-19,grande,,Mestizo,mestizo,False,Valencia,Valencia,Salvando patitas,disponible,False,,,,,kerubi,https://kerubi.es/animales/perros-en-adopcion/singapur/,https://kerubi.es/wp-content/uploads/2026/07/FB_IMG_1784319160249.jpg,2026-08-03T01:11:33Z,2026-08-03T01:11:33Z,"¡BUSCAMOS ACOGIDA O ADOPCIÓN PARA SINGAPUR! ❤️ Macho Edad: 12/02/21 Tamaño mediano-grande (pesará unos 27kg) Fuimos a por Singapur a la perrera porque llevaba algún tiempo allí y nadie se interesaba en su adopción. En ese momento no teníamos sitio físico (ahora tampoco) y entonces lo llevamos a una residencia que estamos pagando desde entonces. Es una pena porque a nivel económico nos ahoga, y porque él aún no ha sabido lo que es un hogar desde entonces 🥹 Es un perrete con energía, al que le gus"
villena:9126,50,Teo,macho,35,joven,2023-09-01,mediano,16.7,,desconocido,False,Alicante,Alicante,SPAP Villena,disponible,False,,,,,villena,https://protectoravillena.com/animal/teo/,https://protectoravillena.com/wp-content/uploads/Teo-1.jpg,2026-08-03T01:11:33Z,2026-08-03T01:11:33Z,"Teo llegó a la protectora el 11 de octubre de 2024. Es un perro muy, muy activo, con mucha energía y entusiasmo por todo lo que pasa a su alrededor. Sale al patio con otros perros y se relaciona bien, aunque suele hacerlo con un nivel de emoción bastante alto.   Cuando sale suele mostrarse muy activado y estresado, algo comprensible por el ambiente y por su carácter enérgico. En los paseos va relativamente bien, pero tira bastante de la correa y puede mostrarse muy efusivo, por lo que necesita u"
villena:10074,49,Koi,macho,12,joven,2025-08-15,grande,36.7,,desconocido,False,Alicante,Alicante,SPAP Villena,disponible,False,,,,,villena,https://protectoravillena.com/animal/koi/,https://protectoravillena.com/wp-content/uploads/Koi-1.jpg,2026-08-03T01:11:33Z,2026-08-03T01:11:33Z,"Koi llegó a la protectora el 6 de julio de 2026 y, desde el primer momento, ha demostrado ser un perro muy sociable con las personas. Disfruta del contacto humano y se muestra cercano con quienes le dedican un poco de tiempo.   Es un perro fuerte, por lo que agradecerá una familia capaz de manejar su energía y tamaño con seguridad y responsabilidad.   Con otros perros se comporta bien. Cuando conoce a alguno nuevo, su primera reacción suele ser la curiosidad: le gusta acercarse e interesarse por"
miwuki:1xl3cscy75,49,Margarita,hembra,48,adulto,,gigante,,Mestizo,mestizo,False,Valencia,"Valencia, España",Sos Salvando Vidas España,disponible,False,,,,,miwuki,https://petshelter.miwuki.com/c/1xl3cscY75,https://img.miwuki.com/FM3nW6l2,2026-08-03T01:11:33Z,2026-08-03T01:11:33Z,
kerubi:p1080-spike,49,P1080 – Spike,macho,28,joven,2024-04-22,mediano,,Podenco,raza,False,Castellón,Castellón,Huellas Callejeras,disponible,False,,,,,kerubi,https://kerubi.es/animales/perros-en-adopcion/p1080-spike/,https://kerubi.es/wp-content/uploads/2024/04/70b0175b-b990-485d-8bb0-94eecdaf4aa5.jpg,2026-08-03T01:11:33Z,2026-08-03T01:11:33Z,Spike es un perro que lleva en nuestra protectora desde el verano del 2019. Spike llevaba varias semanas dando vueltas por la rotonda del 7 de julio en la Avenida Valencia de Castellón y había sido avistado por varios voluntarios que temían por la vida de Spike. Para poder ayudarle se organizó una jornada de captura y desde entonces está en el Refugio. Está siendo tratado por su miedo persistente hacia el ser humano. Después de varios meses y gracias a las pautas del adiestrador en colaboración 
kerubi:dune,48,Dune,macho,47,adulto,2022-09-08,mediano,,Podenco,raza,False,Alicante,Alicante,Akira Animal Sanctuary,disponible,False,,True,True,True,kerubi,https://kerubi.es/animales/perros-en-adopcion/dune/,https://kerubi.es/wp-content/uploads/2023/09/DSC_2332.jpg,2026-08-03T01:11:33Z,2026-08-03T01:11:33Z,"Dune es un personaje y está listo para un hogar. Puede ser un poco descarado, por lo que necesitará límites firmes sobre qué comportamiento es aceptable. Se han hecho grandes progresos en su rehabilitación durante su estancia en el refugio. Por desgracia, nunca ha conocido la vida fuera del refugio, ya que nació en una perrera. Dune camina bien con correa o con un lazo largo, puede empezar un poco excitado pero una vez fuera, se calmará y caminará cerca de ti, comprobando y esperando tus señales"
anaa:anaaweb-org-mirada,48,Mirada,hembra,104,senior,2017-12-09,grande,42.5,Mastin,raza,False,Madrid,*,ANAA — Asociación Nacional Amigos de los Animales,disponible,False,,True,,,anaa,https://www.anaaweb.org/animales/41779,https://www.anaaweb.org/animals/image/41779?field=image_1920,2026-08-03T01:11:33Z,2026-08-03T01:15:20Z,"Anterior Siguiente 1 / 7 Adóptame Apadríname Comparte a MIRADA MIRADA Información Básica Especie Perro Raza Mastin Sexo Hembra Tamaño Grande Peso 42.5 kg Pelo Corto Color Atigrado / Blanco Fecha de nacimiento 09/12/2017 Esterilizado Sí Carácter y Compatibilidad Carácter: Tierna y muy mimosa Bueno con gatos Sobre mí Es una de las perras más dulces que han pasado por ANAA, le encanta apoyar su cabeza en tu regazo y mirarte con una cara llena de amor. Es buenísima, nunca ha hecho un mal gesto a nad"
asoka:asokaelgrande-org-toribio,48,Toribio,macho,64,adulto,,pequeno,10.4,Bodeguero,raza,False,Alicante,"Alicante 
                 (Alicante)",ASOKA el Grande,disponible,False,,True,True,,asoka,https://asokaelgrande.org/ficha-11663,https://asokaelgrande.org/ficha-banner-11663,2026-08-03T01:11:33Z,2026-08-03T01:11:33Z,"Asoka el Grande - Ficha de Toribio Foto 1 de 11 | Ficha de Toribio en adopción Nombre Toribio Clase perros Desde 20-3-2026 Sexo Macho Edad 5 años y 4 meses fecha de nacimiento 3/2021 Raza Bodeguero Tamaño Pequeño Peso 10,4 KG Localidad Alicante (Alicante) ID 11663 Descripción Toribio y Tornado son padre e hijo que llegan a nosotros en muy mal estado. Ya no los quieren y, según los dueños, ya no pueden cuidarlos... Son perros buenos, cariñosos y sociables, aunque están muy desubicados y perdidos."
anaa:anaaweb-org-anuk-fapam,47,Anuk Fapam,hembra,51,adulto,2022-05-28,grande,41.0,Mestizo,mestizo,False,Madrid,*,ANAA — Asociación Nacional Amigos de los Animales,disponible,False,,True,,,anaa,https://www.anaaweb.org/animales/43697,https://www.anaaweb.org/animals/image/43697?field=image_1920,2026-08-03T01:11:33Z,2026-08-03T01:15:20Z,"Anterior Siguiente 1 / 13 Adóptame Apadríname Comparte a ANUK FAPAM ANUK FAPAM Información Básica Especie Perro Raza Mestizo Sexo Hembra Tamaño Grande Peso 41.0 kg Pelo Medio Color Arlequín Fecha de nacimiento 28/05/2022 Esterilizado Sí Carácter y Compatibilidad Carácter: Divertida, noble y especial Sobre mí Anuk alegrará la vida a la familia que la adopte, sin ninguna duda. Ella fue rescatada después de haber estado años atada. A pesar de ello, Anuk es una luchadora y es muy disfrutona. Anuk pa"
apadac:damonito,47,Damon,macho,60,adulto,,pequeno,,Mezcla de Bodeguero,mezcla,False,Alicante,Callosa de Segura,APADAC Callosa de Segura,disponible,False,,,,,apadac,https://protectora-apadac.org/adopta/damonito,https://protectora-apadac.org/_next/image?url=%2Fapi%2Fmedia%2Ffile%2FWhatsApp%2520Image%25202026-07-31%2520at%252004.43.34%2520(1).jpg&w=3840&q=75,2026-08-03T01:11:33Z,2026-08-03T10:39:22Z,"Adopción responsable Él es Damon: un perro especial que busca a esa persona única con quien compartir su gran corazón. ✨🏠 Convivencia Cuidados Historia 🐾 Damon , un perro muy especial que solo necesita que alguien se tome el tiempo de conocerlo."
anaa:anaaweb-org-janet,47,Janet,hembra,55,adulto,2022-01-01,grande,40.5,Mestizo,mestizo,False,Madrid,*,ANAA — Asociación Nacional Amigos de los Animales,disponible,False,,True,,,anaa,https://www.anaaweb.org/animales/43116,https://www.anaaweb.org/animals/image/43116?field=image_1920,2026-08-03T01:11:33Z,2026-08-03T01:15:20Z,"Anterior Siguiente 1 / 4 Adóptame Apadríname Comparte a JANET JANET Información Básica Especie Perro Raza Mestizo Sexo Hembra Tamaño Grande Peso 40.5 kg Pelo Corto Color Marrón Fecha de nacimiento 01/01/2022 Esterilizado Sí Carácter y Compatibilidad Carácter: Valiente y noble Sobre mí Janet apareció cerca de una zona de urbanizaciones en unas condiciones lamentables, expuesta a muchos peligros y absolutamente sola. Llegó a ANAA petrificada del miedo. Janet ahora está poco a poco perdiendo el mie"
anaa:anaaweb-org-polilla,47,Polilla,hembra,62,adulto,2021-06-22,grande,34.0,Mestizo,mestizo,False,Madrid,*,ANAA — Asociación Nacional Amigos de los Animales,disponible,False,,True,,,anaa,https://www.anaaweb.org/animales/36972,https://www.anaaweb.org/animals/image/36972?field=image_1920,2026-08-03T01:11:33Z,2026-08-03T01:15:20Z,"Anterior Siguiente 1 / 11 Adóptame Apadríname Comparte a POLILLA POLILLA Información Básica Especie Perro Raza Mestizo Sexo Hembra Tamaño Grande Peso 34.0 kg Pelo Corto Color Marrón Fecha de nacimiento 22/06/2021 Esterilizado Sí Carácter y Compatibilidad Carácter: Cañera, activa y sensible Sobre mí Polilla es, sin ninguna duda, una perra hiper cariñosa. Vive por y para el contacto con las personas: necesita estar cerca, tocarte, apoyarse, pedir mimos constantemente y devolvértelos con creces. Pu"
kerubi:apadrinar-10,46,Apadrinar (10),macho,28,joven,2024-04-22,mediano,,Mestizo,mestizo,False,Murcia,Murcia,GATOS ABANDONA2,disponible,False,,,,,kerubi,https://kerubi.es/animales/perros-en-adopcion/apadrinar-10/,https://kerubi.es/wp-content/uploads/2024/04/408998e4-5f4c-4b45-9e17-0d3e202708a5.png,2026-08-03T01:11:33Z,2026-08-03T01:11:33Z,
kerubi:brook,46,Brook. ADOPTADO!,macho,27,joven,2024-05-01,mediano,,Mestizo,mestizo,False,Valencia,Valencia,Sociedad Protectora Animales de Burjassot (SPAB),disponible,False,,True,True,,kerubi,https://kerubi.es/animales/perros-en-adopcion/brook/,https://kerubi.es/wp-content/uploads/2024/05/914994a2-ee51-41b8-8e51-972fa51fa484.jpg,2026-08-03T01:11:33Z,2026-08-03T01:11:33Z,"BROOK? Este guapísimo nene es Brook, una preciosidad de animalito y un perro 10? nuestro guaperas es medianito, jovencito y con unas ganas tremendas de encontrar una familia que lo llene de felicidad. Es muy muy sociable con las personas y le encanta pasear, lo hace super bien, y también jugar con su pelotita. Es enérgico y activo, y tan solo necesita un ángel con quien compartir su vida… ¿Te animas? ??? También es super sociable con otros perretes y le encanta socializar. Te animas a ampliar tu"
kerubi:gatas-en-adopcion-9,46,Gatas En Adopción (9),macho,28,joven,2024-04-22,mediano,,Mestizo,mestizo,False,Murcia,Murcia,GATOS ABANDONA2,disponible,False,,,,,kerubi,https://kerubi.es/animales/perros-en-adopcion/gatas-en-adopcion-9/,https://kerubi.es/wp-content/uploads/2024/04/ae39c7e8-5298-44dd-a9f9-d42508a9e95c.png,2026-08-03T01:11:33Z,2026-08-03T01:11:33Z,
kerubi:gatos-en-adopcion-4,46,Gatos En Adopción (4),macho,28,joven,2024-04-22,mediano,,Mestizo,mestizo,False,Murcia,Murcia,GATOS ABANDONA2,disponible,False,,,,,kerubi,https://kerubi.es/animales/perros-en-adopcion/gatos-en-adopcion-4/,https://kerubi.es/wp-content/uploads/2024/04/c1e97304-4c70-46d6-9388-b26b75de9d0e.png,2026-08-03T01:11:33Z,2026-08-03T01:11:33Z,
kerubi:grelo,46,Grelo. ADOPTADO!,macho,27,joven,2024-05-01,mediano,,Mestizo,mestizo,False,Valencia,Valencia,Sociedad Protectora Animales de Burjassot (SPAB),disponible,False,,True,True,,kerubi,https://kerubi.es/animales/perros-en-adopcion/grelo/,https://kerubi.es/wp-content/uploads/2024/05/c76ed207-1163-4bc5-9107-ddc763cb03a9.jpg,2026-08-03T01:11:33Z,2026-08-03T01:11:33Z,"GRELO? Este perrete apareció hace poquito abandonado y necesitamos para él un buen hogar donde logre recuperar la felicidad que tanto merece? Grelo es un perrete jóven, amoroso y muy bueno. Con las personas es super cariñoso y con los perretes todavía está en período de sociabilización. Si quieres ampliar tu familia con este bombón no lo dudes y contáctanos?❤ ?655685859 ✉️ [email protected] Esta en Burjassot, Valencia. Se da en adopción chipado, vacunado, desparasitado y castrado. «Un país se pu"
kerubi:jalu,46,Jalú. ADOPTADO!,macho,27,joven,2024-05-01,mediano,,Mestizo,mestizo,False,Valencia,Valencia,Sociedad Protectora Animales de Burjassot (SPAB),disponible,False,,True,True,,kerubi,https://kerubi.es/animales/perros-en-adopcion/jalu/,https://kerubi.es/wp-content/uploads/2024/05/17399337-b9b6-4f2a-97e1-cf9a9293543c.jpg,2026-08-03T01:11:33Z,2026-08-03T01:11:33Z,"JALÚ❤ Este precioso cachorrito apareció abandonado a su suerte y buscamos para él una buena familia en la que confíe, ame y sea feliz toda su vida? Jalú es todo un buenazo, apto con todos los perros, un amor con las personas y los nenes peques y, como cachorro que es, juguetón y activo. Es muy listo y cariñoso y le encanta estar rodeado de muuucho amor?? Anímate, conócelo y ya no querrás separarte de él ? ?655685859✉️ [email protected] Está en Burjassot, Valencia. Se da en adopción chipado, vacu"
kerubi:laia,46,Laia,macho,28,joven,2024-04-25,mediano,,Mestizo,mestizo,False,Valencia,Valencia,SOS Animales Sagunto,disponible,False,,True,,True,kerubi,https://kerubi.es/animales/perros-en-adopcion/laia/,https://kerubi.es/wp-content/uploads/2024/04/cdca2621-73cf-4d49-8b5a-2fb710d4c83f.jpg,2026-08-03T01:11:33Z,2026-08-03T01:11:33Z,"Es una mastina joven, de una belleza espectacular y de mirada dulce y amable, llama la atención de todos por su simpatía y encanto natural. Es mimosa y cariñosa a más no poder. Podría pasar el día entero mirándote con una sonrisa perruna y no cansarse, disfruta dando largos paseos y sobre todo de lanzarse como una loca para jugar en el agua, es su auténtica pasión. Es muy evidente que necesita un referente humano al que aferrarse para sentirse segura. Una vez que lo encuentra, muestra una gran s"
kerubi:lambo,46,Lambo,macho,27,joven,2024-05-01,mediano,,Mestizo,mestizo,False,Valencia,Valencia,Sociedad Protectora Animales de Burjassot (SPAB),disponible,False,,True,True,,kerubi,https://kerubi.es/animales/perros-en-adopcion/lambo/,https://kerubi.es/wp-content/uploads/2024/05/ffdbd76d-6af6-4764-9508-59b29490e9fc.jpg,2026-08-03T01:11:33Z,2026-08-03T01:11:33Z,"LAMBO NECESITA ACOGIDA? ?Este bellezón es Lambo, un perrete nacido sobre enero de 2019, que está hecho todo un guaperas con ese pelaje tan bonito que tiene. ?Lambo es mimoso y dulce. Un amor de nene algo tímido al principio pero luego suuuper cariñoso y dulce. ?Se porta genial, es super bueno y se integra muy bien con otros perros y le encanta estar y pasear con ellos. ??Ven a conocerlo y no te irás sin él. Te lo agradecerá toda la vida… ?655685859 ✉️ [email protected] ?www.protectoraburjassot.c"
kerubi:olvidados-4,46,Olvidados (4),macho,28,joven,2024-04-22,mediano,,Mestizo,mestizo,False,Murcia,Murcia,GATOS ABANDONA2,disponible,False,,,,,kerubi,https://kerubi.es/animales/perros-en-adopcion/olvidados-4/,https://kerubi.es/wp-content/uploads/2024/04/fd5c14ff-49ca-4c31-9545-bed1063f5213.png,2026-08-03T01:11:33Z,2026-08-03T01:11:33Z,
kerubi:p1274-tango,46,P1274 – Tango,macho,28,joven,2024-04-22,mediano,,Mestizo,mestizo,False,Castellón,Castellón,Huellas Callejeras,disponible,False,,True,,,kerubi,https://kerubi.es/animales/perros-en-adopcion/p1274-tango/,https://kerubi.es/wp-content/uploads/2024/04/38327b07-b68f-473b-b31f-731b655cc9dc.jpg,2026-08-03T01:11:33Z,2026-08-03T01:11:33Z,"Tango es un Cruce de Pitbull que busca una familia adoptiva. Él fue encontrado por una familia que lo tuvo en casa pero al no poder prestarle atención veterinaria contactó con Huellas callejeras. Tango llegó a la protectora extremadamente delgado, apenas podía caminar, tenía una gran inflamación en el culete y tenía diarreas. No se dejaba tocar y tenía mucho miedo, gracias a la rápida actuación de una adiestrador conseguimos ganarnos su confianza y poder llevarlo al veterinario. Después de pasar"
kerubi:p1474-leo,46,P1474 – Leo,macho,28,joven,2024-04-22,pequeno,,Mestizo,mestizo,False,Castellón,Castellón,Huellas Callejeras,disponible,False,,,,,kerubi,https://kerubi.es/animales/perros-en-adopcion/p1474-leo/,https://kerubi.es/wp-content/uploads/2024/04/5bdc1824-2f9c-45f6-bfdb-7e03701b988b.jpg,2026-08-03T01:11:33Z,2026-08-03T01:11:33Z,"Leo es un perro de raza ratonero que pesa aproximadamente 8 kg y que está buscando adopción. Fue encontrado en julio del 2021. Una trabajadora del Hospital General de Castellón vio a un perrito atado a un contenedor que estaba en el polígono La Basala, dirección Benicassim detrás del hospital general. Aparentemente se veía bien, pero el tiempo pasaba y nadie volvía a por él. Estuvo desde las 7 de la mañana hasta la noche y ante un posible caso de abandono, finalmente por la noche fuimos a rescat"
kerubi:p1477-chico,46,P1477 – Chico,macho,28,joven,2024-04-22,mediano,,Mestizo,mestizo,False,Castellón,Castellón,Huellas Callejeras,disponible,False,,,,,kerubi,https://kerubi.es/animales/perros-en-adopcion/p1477-chico/,https://kerubi.es/wp-content/uploads/2024/04/8609e4ac-99f2-41c3-92bf-549a5177d773.jpg,2026-08-03T01:11:33Z,2026-08-03T01:11:33Z,"Chico es un perro mestizo de talla mediana que pesa 16kg aproximadamente y que busca una adopción conjunta. Chico, junto con su hermano Tom, buscan ADOPCIÓN CONJUNTA, ya que han estado siempre juntos. Tom y Chico vienen desde Sevilla y se los entregaron a un indigente que no tenía recursos y tenía problemas de salud y movilidad. Desde hace unos meses un voluntario le ha estado ayudando a este señor con los paseos de los perros y con su alimentación. Finalmente, por sus problemas de salud, ha ten"
kerubi:p1478-tom,46,P1478 – Tom,macho,28,joven,2024-04-22,mediano,,Mestizo,mestizo,False,Castellón,Castellón,Huellas Callejeras,disponible,False,,,,,kerubi,https://kerubi.es/animales/perros-en-adopcion/p1478-tom/,https://kerubi.es/wp-content/uploads/2024/04/c4ce21cf-72e0-48f9-8dc0-d4d952e310e3.jpg,2026-08-03T01:11:33Z,2026-08-03T01:11:33Z,"Tom es un perro mestizo de talla mediana que pesa 16kg aproximadamente y que busca una adopción conjunta. Tom, junto con su hermano Chico, buscan ADOPCIÓN CONJUNTA, ya que han estado siempre juntos. Tom y Chico vienen desde Sevilla y se los entregaron a un indigente que no tenía recursos y tenía problemas de salud y movilidad. Desde hace unos meses un voluntario le ha estado ayudando a este señor con los paseos de los perros y con su alimentación. Finalmente, por sus problemas de salud, ha tenid"
kerubi:p1619-drake,46,P1619 – Drake,macho,28,joven,2024-04-22,mediano,,Mestizo,mestizo,False,Castellón,Castellón,Huellas Callejeras,disponible,False,,True,,,kerubi,https://kerubi.es/animales/perros-en-adopcion/p1619-drake/,https://kerubi.es/wp-content/uploads/2024/04/802e5d0e-3e18-4b2d-bd88-586d1543191e.jpeg,2026-08-03T01:11:33Z,2026-08-03T01:11:33Z,"Drake es un perro joven, mestizo, cariñoso y juguetón, aunque un poco testarudo, en busca de una nueva familia de adopción. La pareja que lo crió se separó y no se hicieron responsables del perro, dejándolo en un terreno solo y sin atenciones. Drake es un perro cariñoso y juguetón, de energía media/alta, le gusta ir a su aire y es un poco testarudo. Se lleva bien con algunos perros y algunas personas (no testado con gatos). Le encanta comer, jugar y pasear. Actualmente está en un centro interno "
kerubi:p1795-martin,46,P1795 – Martín,macho,28,joven,2024-04-22,mediano,,Mestizo,mestizo,False,Castellón,Castellón,Huellas Callejeras,disponible,False,,True,,,kerubi,https://kerubi.es/animales/perros-en-adopcion/p1795-martin/,https://kerubi.es/wp-content/uploads/2024/04/ad99d415-8ac5-4c21-8ac4-8259f49c1c0f.jpeg,2026-08-03T01:11:33Z,2026-08-03T01:11:33Z,"Martín es un perro mayor, tranquilo y dormilón, de tamaño mediano, mestizo de pelo corto blanco y marrón, en busca de un nuevo hogar. Fue rescatado tras recibir una llamada de urgencia, casi al anochecer, informándonos de que se encontraba dentro de una acequia vacía, de donde no podía salir. Tras rescatarle vimos que estaba muy delgado, no sabemos cuanto tiempo estuvo allí sin que nadie lo viera. Martín es un perro tranquilo y dormilón, que se lleva bien con personas, perros y gatos. Se ha acop"
kerubi:p1814-ragnar,46,P1814 – Ragnar,macho,28,joven,2024-04-22,mediano,,Mestizo,mestizo,False,Castellón,Castellón,Huellas Callejeras,disponible,False,,,,,kerubi,https://kerubi.es/animales/perros-en-adopcion/p1814-ragnar/,https://kerubi.es/wp-content/uploads/2024/04/26f5232f-e254-43db-ba7d-eb3cd108aff1.jpeg,2026-08-03T01:11:33Z,2026-08-03T01:11:33Z,"Ragnar es un perro joven, cruce de pitbull, de tamaño mediano y muy equilibrado, en busca de una nueva familia de adopción. Cuando apareció estaba en los huesos, atado con una cuerda en el cuello, enfermo y abandonado para que muriera de hambre. Felizmente, gracias a los cuidados de su casa de acogida, ahora está casi recuperado y preparado para irse a su nuevo hogar. Ragnar es un perro muy equilibrado, de energía media, sociable, se lleva bien con perros y personas, con gatos no testado. Con pa"
kerubi:p1846-gus,46,P1846 – Gus,macho,28,joven,2024-04-22,mediano,,Mestizo,mestizo,False,Castellón,Castellón,Huellas Callejeras,disponible,False,,,,,kerubi,https://kerubi.es/animales/perros-en-adopcion/p1846-gus/,https://kerubi.es/wp-content/uploads/2024/04/15d283ba-e34e-4a9d-a1ff-4025f6580199.jpeg,2026-08-03T01:11:33Z,2026-08-03T01:11:33Z,"Gus es un perro de tamaño mediano, mestizo, muy tranquilo y cariñoso, que busca una nueva familia de adopción. Fue recogido en Alcora, iba solo por el pueblo, tenía pupas en las orejas y heridas en el cuello, donde aun tenia restos de sangre y la marca de haber tenido atada una cuerda alrededor. No tenía chip y nadie lo reclamo, por lo que nos hicimos cargo de él. Gus es un perrito de energía media/baja, cariñoso y muy tranquilo, le gusta pasear y se lleva bien con personas y con perros (no test"
kerubi:p1896-oriol,46,P1896 – Oriol,macho,30,joven,2024-02-20,mediano,,Mestizo,mestizo,False,Castellón,Castellón,Huellas Callejeras,disponible,False,,,,,kerubi,https://kerubi.es/animales/perros-en-adopcion/p1896-oriol/,https://kerubi.es/wp-content/uploads/2024/04/05bde127-7125-4a53-82ae-389bf56bee54.jpg,2026-08-03T01:11:33Z,2026-08-03T01:11:33Z,"Oriol un cachorro, mestizo, de tamaño mediano (20/22 kg en edad adulta), pelo corto y color negro y dorado. Es muy juguetón. Necesita una oportunidad para encontrar una familia adoptiva. Es un cachorro que se fue rescatado junto a su madre y sus 7 hermanos. Otro caso de abandono y camada involuntaria. Su estado físico es bueno, su aspecto es normal y su dieta es de cachorro."
kerubi:p1897-iseul,46,P1897 – Iseul,macho,30,joven,2024-02-20,mediano,,Mestizo,mestizo,False,Castellón,Castellón,Huellas Callejeras,disponible,False,,,,,kerubi,https://kerubi.es/animales/perros-en-adopcion/p1897-iseul/,https://kerubi.es/wp-content/uploads/2024/04/a6aead21-c2a7-4efd-a0ec-6f389ab2d07c.jpg,2026-08-03T01:11:33Z,2026-08-03T01:11:33Z,"Iseul es un cachorro, mestizo, de tamaño mediano (20/22 kg en edad adulta), pelo corto y color negro y dorado. Es muy juguetón. Necesita una oportunidad para encontrar una familia adoptiva. Es un cachorro que se fue rescatado junto a su madre y sus 7 hermanos. Otro caso de abandono y camada involuntaria. Su estado físico es bueno, su aspecto es normal y su dieta es de cachorro."
kerubi:p1899-saem,46,P1899 – Saem,macho,30,joven,2024-02-20,mediano,,Mestizo,mestizo,False,Castellón,Castellón,Huellas Callejeras,disponible,False,,,,,kerubi,https://kerubi.es/animales/perros-en-adopcion/p1899-saem/,https://kerubi.es/wp-content/uploads/2024/04/1c5e40a9-3637-4698-ab7e-ea5e63fed8a8.jpg,2026-08-03T01:11:33Z,2026-08-03T01:11:33Z,"Saem un cachorro, mestizo, de tamaño mediano (20/22 kg en edad adulta), pelo corto y color negro y dorado. Es muy juguetón. Necesita una oportunidad para encontrar una familia adoptiva. Es un cachorro que se fue rescatado junto a su madre y sus 7 hermanos. Otro caso de abandono y camada involuntaria. Su estado físico es bueno, su aspecto es normal y su dieta es de cachorro."
kerubi:p1901-miso,46,P1901 – Miso,macho,30,joven,2024-02-20,mediano,,Mestizo,mestizo,False,Castellón,Castellón,Huellas Callejeras,disponible,False,,,,,kerubi,https://kerubi.es/animales/perros-en-adopcion/p1901-miso/,https://kerubi.es/wp-content/uploads/2024/04/7ff77cd5-dfda-4bd3-a7c3-9b7fd5c7e21e.jpg,2026-08-03T01:11:33Z,2026-08-03T01:11:33Z,"Miso un cachorro, mestizo, de tamaño mediano (20/22 kg en edad adulta), pelo corto y color negro y dorado. Es muy juguetón. Necesita una oportunidad para encontrar una familia adoptiva. Es un cachorro que se fue rescatado junto a su madre y sus 7 hermanos. Otro caso de abandono y camada involuntaria. Su estado físico es bueno, su aspecto es normal y su dieta es de cachorro."
kerubi:p1903-hae,46,P1903 – Hae,macho,30,joven,2024-02-20,mediano,,Mestizo,mestizo,False,Castellón,Castellón,Huellas Callejeras,disponible,False,,,,,kerubi,https://kerubi.es/animales/perros-en-adopcion/p1903-hae/,https://kerubi.es/wp-content/uploads/2024/04/3b977afb-fe71-432d-9277-fc85e00be1b3.jpg,2026-08-03T01:11:33Z,2026-08-03T01:11:33Z,"Hae un cachorro, mestizo, de tamaño mediano (20/22 kg en edad adulta), pelo corto y color negro y dorado. Es muy juguetón. Necesita una oportunidad para encontrar una familia adoptiva. Es un cachorro que se fue rescatado junto a su madre y sus 7 hermanos. Otro caso de abandono y camada involuntaria. Su estado físico es bueno, su aspecto es normal y su dieta es de cachorro."
kerubi:p589-buda,46,P589 – Buda,macho,28,joven,2024-04-22,mediano,,Mestizo,mestizo,False,Castellón,Castellón,Huellas Callejeras,disponible,False,,True,,,kerubi,https://kerubi.es/animales/perros-en-adopcion/p589-buda/,https://kerubi.es/wp-content/uploads/2024/04/8e17fb27-a07b-4ad1-bde3-df258e20c41e.jpg,2026-08-03T01:11:33Z,2026-08-03T01:11:33Z,"Buda estaba, junto a otros perros, en un terreno cerca del Grao de Castellón. En este terreno, una persona iba a ponerles de comer y se preocupaba de que no pasasen hambre. Con su buena voluntad, aceptaba cuidar y acoger perros, hasta que llegó un momento en el que el trabajo sobrepasó sus capacidades. Aceptarnos hacernos cargo de los perros que tenía allí, y así es como Buda llegó a nosotros. No sabemos nada del pasado de Buda, pero le conocemos bien en su momento presente. Es un cruce de pasto"
kerubi:perros-en-adopcion-1,46,Perros En Adopción (1),macho,28,joven,2024-04-22,mediano,,Mestizo,mestizo,False,Murcia,Murcia,GATOS ABANDONA2,disponible,False,,,,,kerubi,https://kerubi.es/animales/perros-en-adopcion/perros-en-adopcion-1/,https://kerubi.es/wp-content/uploads/2024/04/047a5b11-8814-47fa-bbfd-70c74ddcf0c1.png,2026-08-03T01:11:33Z,2026-08-03T01:11:33Z,
kerubi:rambo-2,46,Rambo,macho,27,joven,2024-05-01,mediano,,Mestizo,mestizo,False,Valencia,Valencia,Sociedad Protectora Animales de Burjassot (SPAB),disponible,False,,True,True,,kerubi,https://kerubi.es/animales/perros-en-adopcion/rambo-2/,https://kerubi.es/wp-content/uploads/2024/05/8fefa3f4-fe0e-41a6-8d30-7d7ed7cc9c6b.jpg,2026-08-03T01:11:33Z,2026-08-03T01:11:33Z,"RAMBO NECESITA ACOGIDA? ✨Esta preciosidad es Rambo, un nene guapísimo color marrón con toquecitos blancos y ojazos de infarto, nacido sobre enero de 2022. ?Este guaperas enamora nada más pasar un ratito con él. Es dulce, tierno y cariñoso, algo tímido y en confianza super amoroso. ?Se lleva super bien con otros perros. Le encanta pasear en manada y se integra perfectamente. Se porta super bien y, de corazón, que es un perro 10. ?Anímate, ven a conocerlo y amplia tu familia con esta belleza. ?655"
kerubi:valiente,46,Valiente. ADOPTADO!,macho,27,joven,2024-05-01,mediano,,Mestizo,mestizo,False,Valencia,Valencia,Sociedad Protectora Animales de Burjassot (SPAB),disponible,False,,True,True,,kerubi,https://kerubi.es/animales/perros-en-adopcion/valiente/,https://kerubi.es/wp-content/uploads/2024/05/eca6af30-f734-4bea-8d93-6e5e274cee10.jpg,2026-08-03T01:11:33Z,2026-08-03T01:11:33Z,"VALIENTE? ?Este pequeñito es Valiente, un abuelete lleno de dulzura. Tiene una historia triste tras él y 14 añazos de amor, y lo que le queda para ser feliz a tu lado… ?Valiente es uno de esos perretes que emociona estar a su lado. Es tan bueno, cariñoso y alegre que te enamorará. Le apasiona estar con las personas y recibir todos los mimos que merece. ??Es apto tanto con perretes como con gatetes. El fiel compañero y amigo que siempre estará a tu lado. ?Dale una oportunidad…¡Pon un abuelito en "
reinasbiberon:14058,45,Asher,,,,,,,,desconocido,False,Alicante,Alicante,Las Reinas del Biberón,disponible,False,,,,,reinasbiberon,https://www.lasreinasdelbiberon.org/producto/asher/,https://www.lasreinasdelbiberon.org/wp-content/uploads/2026/05/3.jpg,2026-08-03T01:11:33Z,2026-08-03T01:11:33Z,"Asher fue encontrado abandonado entre la basura de un pueblo, sin protección y sin nadie que velara por él ni por sus hermanos 🐾💔       Por suerte, llegaron a nuestras manos a tiempo. Ahora están a salvo, recibiendo todos los cuidados que necesitan y esperando encontrar familias responsables que les den la vida que merecen 🐶💛✨ Si estás interesado en su adopción, envía un Whatsapp a uno de estos teléfonos: 644 21 90 01 / 644 20 94 49   📲 Bizum ONG: 03760  💻 PayPal:paypal.me/lasreinasdelbiberon  🏦"
kerubi:baloo-3,45,Baloo,macho,57,adulto,2021-11-13,mediano,,Mestizo,mestizo,False,Alicante,Alicante,Mascotas de Zero,disponible,False,,,,,kerubi,https://kerubi.es/animales/perros-en-adopcion/baloo-3/,https://kerubi.es/wp-content/uploads/2025/04/WhatsApp-Image-2025-03-05-at-11.34.58.jpeg,2026-08-03T01:11:33Z,2026-08-03T01:11:33Z,"Fue recogido junto con otro perrete, llegarón los dos sin chip, esperabamos que viniera alguien a por ellos pero no ha sido así. Es un perrete muy cariñoso, le gusta estar con le gente y le encanta recibir mimos. Es sociable y podría estar con otros perros. Pasea bien con correa. No está testado con gatos"
villena:10051,45,Berto,macho,51,adulto,2022-05-03,mediano,23.9,,desconocido,False,Alicante,Alicante,SPAP Villena,disponible,False,,,,,villena,https://protectoravillena.com/animal/berto/,https://protectoravillena.com/wp-content/uploads/Berto-1.jpg,2026-08-03T01:11:33Z,2026-08-03T01:11:33Z,"Berto llegó a la protectora el 19 de junio de 2026 y desde entonces nos ha ido mostrando poco a poco cómo es.   Es un perro sociable que, aunque al principio puede mostrarse un pelín tímido con las personas que no conoce, no tarda demasiado en coger confianza. Una vez se siente cómodo, se desenvuelve con naturalidad y demuestra un carácter agradable.   En los paseos va sin miedos en la calle, afrontando el entorno con tranquilidad, lo que hace que salir con él sea una experiencia relajada.   Ber"
villena:10028,45,Boston,macho,63,adulto,2021-05-12,pequeno,9.4,,desconocido,False,Alicante,Alicante,SPAP Villena,disponible,False,,,,,villena,https://protectoravillena.com/animal/boston/,https://protectoravillena.com/wp-content/uploads/Boston-1.jpg,2026-08-03T01:11:33Z,2026-08-03T01:11:33Z,"Boston llegó a la protectora el 4 de junio de 2026. Es un perro pizpireto, inquieto, simpático y muy cariñoso. Tiene esa alegría contagiosa de los perros que viven cada momento con intensidad y saben sacar partido a cualquier plan, ya sea un paseo, un rato de juegos o simplemente compartir tiempo con las personas.   Es sociable tanto con las personas como con otros perros, y suele mostrarse cercano y con ganas de interactuar. Su carácter activo y expresivo hace que siempre parezca dispuesto a de"
kerubi:canelo-3,45,Canelo,macho,41,adulto,2023-03-28,mediano,,Mestizo,mestizo,False,Alicante,Alicante,Mascotas de Zero,disponible,False,,,,,kerubi,https://kerubi.es/animales/perros-en-adopcion/canelo-3/,https://kerubi.es/wp-content/uploads/2026/05/WhatsApp-Image-2026-04-09-at-11.53.56.jpeg,2026-08-03T01:11:33Z,2026-08-03T01:11:33Z,"Este peque fue encontrado por la calle sin chip y nadie ha venido a por él. Es un perro cariñoso y activo. Comparte jaula con otros perros y es un poco dominante, por lo que se lleva mejor con los que tienen un caracter más sumiso. Pasea con correa sin problema."
reinasbiberon:15719,45,Cremá,,,,,,,,desconocido,False,Alicante,Alicante,Las Reinas del Biberón,disponible,False,,,,,reinasbiberon,https://www.lasreinasdelbiberon.org/producto/crema/,https://www.lasreinasdelbiberon.org/wp-content/uploads/2026/07/21-3.jpg,2026-08-03T01:11:33Z,2026-08-03T01:11:33Z,"Esta camada llegó a nosotros gracias a una familia que decidió cedérnosla para buscarles un futuro mejor. Poco después, empezaron a encontrarse mal y tuvimos que llevarlos de urgencia al veterinario. El diagnóstico fue parvo.       Tras varios días ingresados y mucha lucha, estos pequeños guerreros consiguieron salir adelante 💪❤️ Hoy están sanos y listos para encontrar la familia que siempre han merecido 🐾 Si estás interesado en su adopción, envía un Whatsapp a uno de estos teléfonos: 644 21 90 "
kerubi:doroteo-2917,45,Doroteo 2917,macho,50,adulto,2022-06-01,mediano,,Mestizo,mestizo,False,Alicante,Alicante,Mascotas de Zero,disponible,False,,,,,kerubi,https://kerubi.es/animales/perros-en-adopcion/doroteo-2917/,https://kerubi.es/wp-content/uploads/2024/05/f685433b-f4f8-47b7-b0cd-8d6b47201caf.jpg,2026-08-03T01:11:33Z,2026-08-03T01:11:33Z,"ACTUALIZACIÓN:Doroteo fue adoptado y devuelto a los 4 meses. El motivo fue que se mudaban y en la nueva casa no permitían perros, entonces lo más sencillo fue devolverlo…El pobre lo pasó bastante mal al principio, perdió mucho peso porque estaba triste, pero después de un par de semanas no le quedó más remedio que entender que este era su nuevo hogar.Se nota que no ha tenido normas de ningún tipo, va tirando con la correa como loco y es un perrito ansioso, pero estamos seguros de que esto podría"
kerubi:gorka-4334,45,Gorka 4334,macho,53,adulto,2022-03-01,mediano,,Mestizo,mestizo,False,Alicante,Alicante,Mascotas de Zero,disponible,False,,,,,kerubi,https://kerubi.es/animales/perros-en-adopcion/gorka-4334/,https://kerubi.es/wp-content/uploads/2025/04/WhatsApp-Image-2025-02-25-at-15.51.02.jpeg,2026-08-03T01:11:33Z,2026-08-03T01:11:33Z,"El peque llego un poco asustado y tímido , como es lógico y normal, no entendía que estaba pasando.Encontrado solo por la calle y recogido por una mujer, creemos que tiene familia, ya que es sociable, alegre y cariñoso.Aun no sabemos que tal con otros perros, pero no tiene conducta inapropiadas y ni se muestra tenso con ellos.Apto con gente y niños, no testado con gatos."
kerubi:loky-4329,45,Loky 4329,macho,65,adulto,2021-03-01,mediano,,Mestizo,mestizo,False,Alicante,Alicante,Mascotas de Zero,disponible,False,,,,,kerubi,https://kerubi.es/animales/perros-en-adopcion/loky-4329/,https://kerubi.es/wp-content/uploads/2024/05/c20b58cc-173c-4307-bcca-bc2bd9956e2f.jpg,2026-08-03T01:11:33Z,2026-08-03T01:11:33Z,"Loki es un peque llegado de otro albergue, sin chip y sin nadie que lo reclame aqui esta con nosotros.Es un cielo y muy bueno , no ha hecho ningún gesto de maldad desde su llegada. Compatible con niños y con todo tipo de gente.Se lleva genial con su compi Lana, se han hecho muy amigos y se hinchan a jugar cada vez que salen al parque juntos. Creemos que amor a primera vista jaajajajjaNo esta testado con gatos y sabe pasear con correa aunque tira un poquito, pero es tan listo que rapidamente sabr"
kerubi:lucky-3243,45,Lucky 3243,macho,54,adulto,2022-02-01,mediano,,Mestizo,mestizo,False,Alicante,Alicante,Mascotas de Zero,disponible,False,,,,,kerubi,https://kerubi.es/animales/perros-en-adopcion/lucky-3243/,https://kerubi.es/wp-content/uploads/2024/05/477a2395-daf2-4ef3-93f5-19f164d4fd12.jpg,2026-08-03T01:11:33Z,2026-08-03T01:11:33Z,"Lucky fue encontrado en la calle con su propio arnés, se le notaba un perrito casero y pensábamos que alguien lo reclamaría pero no ha sido así.Tiene un poco de ansiedad al pasar el día en la jaula, sale a pasear un rato pero a él se le queda un poco corto, es joven y necesita menos tiempo encerrado.Con la gente es simpático y bueno, le gustan mucho los mimos y viene contento cada día a recibirnos moviendo mucho su cola.Comparte jaula con otros machos y nunca ha tenido problemas con él. Además, "
kerubi:manolito,45,Manolito,macho,83,adulto,2019-09-01,mediano,,Mestizo,mestizo,False,Alicante,Alicante,Mascotas de Zero,disponible,False,,,,,kerubi,https://kerubi.es/animales/perros-en-adopcion/manolito/,https://kerubi.es/wp-content/uploads/2026/04/WhatsApp-Image-2026-04-01-at-15.03.36-1.jpeg,2026-08-03T01:11:33Z,2026-08-03T01:11:33Z,Es un perrete sociable con personas y con otros perros. Es muy cariñoso y le encanta jugar. Es muy listo y aprende rápido. Te animas a darle una opotunidad?
reinasbiberon:14059,45,Nessa,,,,,,,,desconocido,False,Alicante,Alicante,Las Reinas del Biberón,disponible,False,,,,,reinasbiberon,https://www.lasreinasdelbiberon.org/producto/nessa/,https://www.lasreinasdelbiberon.org/wp-content/uploads/2026/05/4.jpg,2026-08-03T01:11:33Z,2026-08-03T01:11:33Z,"Nessa fue encontrada abandonada entre la basura de un pueblo, sin protección y sin nadie que velara por ella ni por sus hermanos 🐾💔       Por suerte, llegaron a nuestras manos a tiempo. Ahora están a salvo, recibiendo todos los cuidados que necesitan y esperando encontrar familias responsables que les den la vida que merecen 🐶💛✨ Si estás interesado en su adopción, envía un Whatsapp a uno de estos teléfonos: 644 21 90 01 / 644 20 94 49   📲 Bizum ONG: 03760  💻 PayPal:paypal.me/lasreinasdelbiberon "
reinasbiberon:15728,45,Ninot,,,,,,,,desconocido,False,Alicante,Alicante,Las Reinas del Biberón,disponible,False,,,,,reinasbiberon,https://www.lasreinasdelbiberon.org/producto/ninot/,https://www.lasreinasdelbiberon.org/wp-content/uploads/2026/07/51-1.jpg,2026-08-03T01:11:33Z,2026-08-03T01:11:33Z,"Esta camada llegó a nosotros gracias a una familia que decidió cedérnosla para buscarles un futuro mejor. Poco después, empezaron a encontrarse mal y tuvimos que llevarlos de urgencia al veterinario. El diagnóstico fue parvo.       Tras varios días ingresados y mucha lucha, estos pequeños guerreros consiguieron salir adelante 💪❤️ Hoy están sanos y listos para encontrar la familia que siempre han merecido 🐾 Si estás interesado en su adopción, envía un Whatsapp a uno de estos teléfonos: 644 21 90 "
reinasbiberon:15722,45,NIT,,,,,,,,desconocido,False,Alicante,Alicante,Las Reinas del Biberón,disponible,False,,,,,reinasbiberon,https://www.lasreinasdelbiberon.org/producto/nit/,https://www.lasreinasdelbiberon.org/wp-content/uploads/2026/07/31-3.jpg,2026-08-03T01:11:33Z,2026-08-03T01:11:33Z,"Esta camada llegó a nosotros gracias a una familia que decidió cedérnosla para buscarles un futuro mejor. Poco después, empezaron a encontrarse mal y tuvimos que llevarlos de urgencia al veterinario. El diagnóstico fue parvo.       Tras varios días ingresados y mucha lucha, estos pequeños guerreros consiguieron salir adelante 💪❤️ Hoy están sanos y listos para encontrar la familia que siempre han merecido 🐾 Si estás interesado en su adopción, envía un Whatsapp a uno de estos teléfonos: 644 21 90 "
anaa:anaaweb-org-pera,45,Pera,hembra,116,senior,2016-12-28,grande,47.0,Mestizo,mestizo,False,Madrid,*,ANAA — Asociación Nacional Amigos de los Animales,disponible,False,,True,,,anaa,https://www.anaaweb.org/animales/43309,https://www.anaaweb.org/animals/image/43309?field=image_1920,2026-08-03T01:11:33Z,2026-08-03T01:15:20Z,"Anterior Siguiente 1 / 10 Adóptame Apadríname Comparte a PERA PERA Información Básica Especie Perro Raza Mestizo Sexo Hembra Tamaño Grande Peso 47.0 kg Pelo Medio Color Marrón Fecha de nacimiento 30/12/2016 Esterilizado Sí Padrinos Yaiza Ruiz Ver más animales Ayuda a PERA Formulario de Adopción ¡Gracias por elegir la adopción! Nuestro equipo le devolverá el mensaje tan pronto como sea posible. Mientras tanto, le invitamos a visitar nuestras redes sociales Redes sociales Otros Perro s en Adopción"
reinasbiberon:15731,45,Petardo,,,,,,,,desconocido,False,Alicante,Alicante,Las Reinas del Biberón,disponible,False,,,,,reinasbiberon,https://www.lasreinasdelbiberon.org/producto/petardo/,https://www.lasreinasdelbiberon.org/wp-content/uploads/2026/07/61-1.jpg,2026-08-03T01:11:33Z,2026-08-03T01:11:33Z,"Esta camada llegó a nosotros gracias a una familia que decidió cedérnosla para buscarles un futuro mejor. Poco después, empezaron a encontrarse mal y tuvimos que llevarlos de urgencia al veterinario. El diagnóstico fue parvo.       Tras varios días ingresados y mucha lucha, estos pequeños guerreros consiguieron salir adelante 💪❤️ Hoy están sanos y listos para encontrar la familia que siempre han merecido 🐾 Si estás interesado en su adopción, envía un Whatsapp a uno de estos teléfonos: 644 21 90 "
reinasbiberon:15743,45,PIN,,,,,,,,desconocido,False,Alicante,Alicante,Las Reinas del Biberón,disponible,False,,,,,reinasbiberon,https://www.lasreinasdelbiberon.org/producto/pin/,https://www.lasreinasdelbiberon.org/wp-content/uploads/2026/07/10.jpg,2026-08-03T01:11:33Z,2026-08-03T01:11:33Z,"Estos dos hermanitos llegaron después de haber sido fruto de una camada no deseada. Al principio tenían mucho miedo y desconfianza, pero poco a poco están aprendiendo a confiar 🥹❤️       Ahora son dos pequeños muy activos, juguetones y llenos de ganas de disfrutar. Solo necesitan una familia que les dé tiempo, amor y la oportunidad de descubrir lo bonita que puede ser la vida 🐾🏡 Si estás interesado en su adopción, envía un Whatsapp a uno de estos teléfonos: 644 21 90 01 / 644 20 94 49   📲 Bizum "
reinasbiberon:15746,45,PON,,,,,,,,desconocido,False,Alicante,Alicante,Las Reinas del Biberón,disponible,False,,,,,reinasbiberon,https://www.lasreinasdelbiberon.org/producto/pon/,https://www.lasreinasdelbiberon.org/wp-content/uploads/2026/07/9.jpg,2026-08-03T01:11:33Z,2026-08-03T01:11:33Z,"Estos dos hermanitos llegaron después de haber sido fruto de una camada no deseada. Al principio tenían mucho miedo y desconfianza, pero poco a poco están aprendiendo a confiar 🥹❤️       Ahora son dos pequeños muy activos, juguetones y llenos de ganas de disfrutar. Solo necesitan una familia que les dé tiempo, amor y la oportunidad de descubrir lo bonita que puede ser la vida 🐾🏡 Si estás interesado en su adopción, envía un Whatsapp a uno de estos teléfonos: 644 21 90 01 / 644 20 94 49   📲 Bizum "
reinasbiberon:15737,45,Pumba,,,,,,,,desconocido,False,Alicante,Alicante,Las Reinas del Biberón,disponible,False,,,,,reinasbiberon,https://www.lasreinasdelbiberon.org/producto/pumba/,https://www.lasreinasdelbiberon.org/wp-content/uploads/2026/07/7.jpg,2026-08-03T01:11:33Z,2026-08-03T01:11:33Z,"Estos dos hermanitos son auténticos torbellinos 🐾💨 Llegaron buscando una segunda oportunidad y no han tardado en demostrar todo lo que tienen que ofrecer: son súper activos, juguetones y, sobre todo, ¡muy cariñosos! ❤️       Un macho y una hembra llenos de energía y amor que están deseando encontrar una familia con la que compartir toda su alegría 🏡✨ Si estás interesado en su adopción, envía un Whatsapp a uno de estos teléfonos: 644 21 90 01 / 644 20 94 49   📲 Bizum ONG: 03760  💻 PayPal:paypal.m"
reinasbiberon:14049,45,Rocky,,,,,,,,desconocido,False,Alicante,Alicante,Las Reinas del Biberón,disponible,False,,,,,reinasbiberon,https://www.lasreinasdelbiberon.org/producto/rocky-2/,https://www.lasreinasdelbiberon.org/wp-content/uploads/2026/05/2.jpg,2026-08-03T01:11:33Z,2026-08-03T01:11:33Z,"Rocky fue encontrado abandonado entre la basura de un pueblo, sin protección y sin nadie que velara por él ni por sus hermanos 🐾💔       Por suerte, llegaron a nuestras manos a tiempo. Ahora están a salvo, recibiendo todos los cuidados que necesitan y esperando encontrar familias responsables que les den la vida que merecen 🐶💛✨ Si estás interesado en su adopción, envía un Whatsapp a uno de estos teléfonos: 644 21 90 01 / 644 20 94 49   📲 Bizum ONG: 03760  💻 PayPal:paypal.me/lasreinasdelbiberon  🏦"
kerubi:rosco-4276,45,Rosco 4276,macho,42,adulto,2023-02-01,pequeno,,Mestizo,mestizo,False,Alicante,Alicante,Mascotas de Zero,disponible,False,,,,,kerubi,https://kerubi.es/animales/perros-en-adopcion/rosco-4276/,https://kerubi.es/wp-content/uploads/2024/05/809dad07-0665-45c5-a1ec-d2c479e79d94.jpg,2026-08-03T01:11:33Z,2026-08-03T01:11:33Z,"Rosco es tamaño medianito, alegre y simpatico, llego atemorizado pero ya es otro peque.Fue encontrado atado en una señal de trafico, es todo lo que sabemos y conocemos de el.Con la correa no camina muy bien, pero lo compensa con lo super mega cariñoso que es, tanto con nosotros como con sus compis de juegos con los que comparte jaula, tanto machos como con hembras.No testado con gatos."
apadac:stefanito,45,Stefan,macho,48,adulto,,mediano,,Mestizo,mestizo,False,Alicante,Callosa del Segura,APADAC Callosa de Segura,disponible,False,,,,,apadac,https://protectora-apadac.org/adopta/stefanito,https://protectora-apadac.org/_next/image?url=%2Fapi%2Fmedia%2Ffile%2FIMG_5508.jpeg&w=3840&q=75,2026-08-03T01:11:33Z,2026-08-03T10:39:22Z,"Caso de éxito Él es Stefan: un bellezón despeinado, amante de los juegos y con una sonrisa que enamora. 💛🎾 Convivencia Cuidados Historia 🐾 Stefan , una auténtica explosión de felicidad con cuatro patas."
villena:6856,45,Tigre,macho,79,adulto,2020-01-01,mediano,19.5,,desconocido,False,Alicante,Alicante,SPAP Villena,disponible,False,,,,,villena,https://protectoravillena.com/animal/tigre/,https://protectoravillena.com/wp-content/uploads/Tigre.png,2026-08-03T01:11:33Z,2026-08-03T01:11:33Z,"Tigre se incorporó al albergue en mayo del 2022. Desde ese entonces, este precioso perro está deseoso de encontrar a una familia con la que forjar y estrechar un vínculo fuerte, encontrando así su hogar definitivo, en el que podrá demostrar todos y cada uno de los motivos por los que se merece recibir todo el amor del mundo."
reinasbiberon:15734,45,Timón,,,,,,,,desconocido,False,Alicante,Alicante,Las Reinas del Biberón,disponible,False,,,,,reinasbiberon,https://www.lasreinasdelbiberon.org/producto/timon/,https://www.lasreinasdelbiberon.org/wp-content/uploads/2026/07/8.jpg,2026-08-03T01:11:33Z,2026-08-03T01:11:33Z,"Estos dos hermanitos son auténticos torbellinos 🐾💨 Llegaron buscando una segunda oportunidad y no han tardado en demostrar todo lo que tienen que ofrecer: son súper activos, juguetones y, sobre todo, ¡muy cariñosos! ❤️       Un macho y una hembra llenos de energía y amor que están deseando encontrar una familia con la que compartir toda su alegría 🏡✨ Si estás interesado en su adopción, envía un Whatsapp a uno de estos teléfonos: 644 21 90 01 / 644 20 94 49   📲 Bizum ONG: 03760  💻 PayPal:paypal.m"
reinasbiberon:15725,45,Traca,,,,,,,,desconocido,False,Alicante,Alicante,Las Reinas del Biberón,disponible,False,,,,,reinasbiberon,https://www.lasreinasdelbiberon.org/producto/traca/,https://www.lasreinasdelbiberon.org/wp-content/uploads/2026/07/41-2.jpg,2026-08-03T01:11:33Z,2026-08-03T01:11:33Z,"Esta camada llegó a nosotros gracias a una familia que decidió cedérnosla para buscarles un futuro mejor. Poco después, empezaron a encontrarse mal y tuvimos que llevarlos de urgencia al veterinario. El diagnóstico fue parvo.       Tras varios días ingresados y mucha lucha, estos pequeños guerreros consiguieron salir adelante 💪❤️ Hoy están sanos y listos para encontrar la familia que siempre han merecido 🐾 Si estás interesado en su adopción, envía un Whatsapp a uno de estos teléfonos: 644 21 90 "
kerubi:yago-2493,45,Yago 2493,macho,54,adulto,2022-02-01,mediano,,Mestizo,mestizo,False,Alicante,Alicante,Mascotas de Zero,disponible,False,,,,,kerubi,https://kerubi.es/animales/perros-en-adopcion/yago-2493/,https://kerubi.es/wp-content/uploads/2024/05/b0425e7e-e1aa-4a7c-b96c-93d6fb82bafc.jpg,2026-08-03T01:11:33Z,2026-08-03T01:11:33Z,"Yago ha sido encontrado en la calle, no sabemos que ha pasado anteriormente con él, solo sabemos que es muy jovencito y ya ha conocido lo peor, el abandono.Cuando llegó, se le notaban todos los huesos, había pasado mucha hambre en la calle y aquí no quería separase del comedero. Ha tardado unas semanas en entender que nunca más dejaremos que le falte el alimento.Es muy cariñoso, viene a saludarnos en cuanto nos ve, pero se nota que no ha tenido modales y poco a poco lo estamos enseñando, por eje"
anaa:anaaweb-org-adopta,45,¡Adopta!,macho,6,cachorro,,,,,desconocido,False,Madrid,Madrid,ANAA — Asociación Nacional Amigos de los Animales,disponible,False,,True,True,True,anaa,https://www.anaaweb.org/animales/43758,https://www.anaaweb.org/web/image/922-7e5be867/ANAA-ADOPTA-UN-PERRO.svg,2026-08-03T01:11:33Z,2026-08-03T01:15:20Z,"¡Adopta! Salva dos vidas, la del animal que adoptas y la del que ocupa su lugar en nuestro Centro de Adopción. Es necesaria cita previa ​ ¡Quiero adoptar! ¡ Dona o Hazte Teamer ! Los animales de ANAA dependen de ti ¡Adopta! Adopta un perro Al adoptar un perro adulto o un cachorro en ANAA, te lo llevarás a casa vacunado, desparasitado, con análisis de leishmaniosis, con chip y esterilizado. Ver perros Adopta un gato Si te decides por adoptar un gato, ANAA lo entrega vacunado, desparasitado, con c"
anaa:anaaweb-org-clementino,44,Clementino,macho,32,joven,2023-12-27,mediano,23.0,Border Collie,raza,False,Madrid,*,ANAA — Asociación Nacional Amigos de los Animales,disponible,False,,True,,,anaa,https://www.anaaweb.org/animales/43106,https://www.anaaweb.org/animals/image/43106?field=image_1920,2026-08-03T01:11:33Z,2026-08-03T01:15:20Z,"Adóptame Apadríname Comparte a CLEMENTINO CLEMENTINO Información Básica Especie Perro Raza Border Collie Sexo Macho Tamaño Mediano Peso 23.0 kg Pelo Corto Color Tricolor Fecha de nacimiento 27/12/2023 Esterilizado Sí Carácter y Compatibilidad Carácter: Muy inteligente y perspicaz Sobre mí Clementino llegó a ANAA tras haber sido rescatado al aparecer vagando durante meses en un pueblo. Desconocemos gran parte de su historia, pero sabemos que no ha sido fácil. Clementido es un perro algo selectivo"
anaa:anaaweb-org-lebrel,44,Lebrel,macho,31,joven,2024-01-23,mediano,17.7,Podenco,raza,False,Madrid,*,ANAA — Asociación Nacional Amigos de los Animales,disponible,False,,True,,,anaa,https://www.anaaweb.org/animales/41905,https://www.anaaweb.org/animals/image/41905?field=image_1920,2026-08-03T01:11:33Z,2026-08-03T01:15:20Z,"Anterior Siguiente 1 / 6 Adóptame Apadríname Comparte a LEBREL LEBREL Información Básica Especie Perro Raza Podenco Sexo Macho Tamaño Mediano Peso 17.7 kg Pelo Corto Color Chocolate Fecha de nacimiento 23/01/2024 Esterilizado Sí Padrinos Eva y Yolanda Jesús Leal Ver más animales Ayuda a LEBREL Formulario de Adopción ¡Gracias por elegir la adopción! Nuestro equipo le devolverá el mensaje tan pronto como sea posible. Mientras tanto, le invitamos a visitar nuestras redes sociales Redes sociales Otr"
kerubi:coco-8,43,Coco,macho,149,senior,2014-03-01,mediano,,Mestizo,mestizo,False,Alicante,Alicante,Akira Animal Sanctuary,disponible,False,,True,True,True,kerubi,https://kerubi.es/animales/perros-en-adopcion/coco-8/,https://kerubi.es/wp-content/uploads/2024/05/IMG-20240510-WA0058.jpg,2026-08-03T01:11:33Z,2026-08-03T01:11:33Z,"Coco es un chico mayor de 9 años, y realmente quiere una cama, buena comida, y algunos paseos. Ha prosperado en casa de su adoptante después de pasarlo bastante mal en el refugio. Vivió con otros 2 perros, un macho y una hembra, sin problemas y no mostró problemas con otros perros. No puede vivir con gatos, ya que no le gustan nada. Recomendamos un hogar con niños mayores de 10 años, ya que vivió con un niño más pequeño, y luchó con la imprevisibilidad. Quiere tranquilidad y zonas para dormir. E"
kerubi:cotton-2485,43,Cotton 2485,macho,102,senior,2018-02-01,mediano,,Mestizo,mestizo,False,Alicante,Alicante,Mascotas de Zero,disponible,False,,,,,kerubi,https://kerubi.es/animales/perros-en-adopcion/cotton-2485/,https://kerubi.es/wp-content/uploads/2024/05/b41fbca4-1d2a-4d88-85a6-eedcd086ccf1.jpg,2026-08-03T01:11:33Z,2026-08-03T01:11:33Z,"Cotton fue encontrado en la calle, estaba delgadito pero no tenía miedo. No sabemos en que condiciones ha estado antes pero buscaremos la mejor de las familias para él.Cotton es bueno con la gente, no parece estar acostumbrado a haber recibido muchos mimos, pero no le molesta que se los demos ahora.Es activo y juguetón.Comparte jaula con una hembra un poco dominante, porque hemos comprobado que él también lo es, sobre todo cuando hay comida. Entre ellos se llevan genial, saben marcar sus límites"
kerubi:merlin-3,43,Merlin,macho,70,adulto,2020-10-15,mediano,,Podenco,raza,False,Murcia,Murcia,ASOC. PROTECCIÓN ANIMAL DE MAZARRON (APROAMA),disponible,False,,,,,kerubi,https://kerubi.es/animales/perros-en-adopcion/merlin-3/,https://kerubi.es/wp-content/uploads/2025/04/IMG_8351.jpeg,2026-08-03T01:11:33Z,2026-08-03T01:11:33Z,"En la noche de San Juan, Merlín, un podenco andaluz vagaba solo, buscando algo de comida en un contenedor. Su mirada reflejaba miedo y desconfianza, pero en ese instante, una mano amable lo alcanzó. Con unos granos de pienso y mucha paciencia, consiguió ganar su confianza. Fue entonces cuando empezó su nueva vida. Este podenco, que nació en octubre de 2020, no ha tenido una vida fácil, pero es un alma llena de amor. Es dulce, cariñoso y se lleva bien con niños y otros perros, siempre buscando ca"
kerubi:paco,43,Paco,macho,67,adulto,2021-01-15,mediano,,Podenco,raza,False,Murcia,Murcia,ASOC. PROTECCIÓN ANIMAL DE MAZARRON (APROAMA),disponible,False,,,,,kerubi,https://kerubi.es/animales/perros-en-adopcion/paco/,https://kerubi.es/wp-content/uploads/2025/04/IMG_6449.png,2026-08-03T01:11:33Z,2026-08-03T01:11:33Z,"Lleno de pulgas y garrapatas llegó este pobre animal a nosotros. No había zona de su cuerpo que no llevara parásitos. Increíblemente, debido a su raza, confió en la señora que llevaba ya tiempo poniéndole comida y agua para que lo pasara tan mal en las calles. Un día decidió acercarse a ella y así es como terminó con nosotros. He tenido muchos compañeros y nunca me toca a mí, soy muy bueno y me encantan los mimos. ☎️📲 642899947 📩 [email protected]"
kerubi:romeo,43,Romeo,macho,71,adulto,2020-09-18,mediano,,Galgo Espanol,raza,False,Castellón,Castellón,ayuda y rescate,disponible,False,,True,True,,kerubi,https://kerubi.es/animales/perros-en-adopcion/romeo/,https://kerubi.es/wp-content/uploads/2022/06/277364763_119436867346990_8456679308371756793_n.jpg,2026-08-03T01:11:33Z,2026-08-03T01:11:33Z,"ROMEO Romeo se merece todas las frases y palabras bonitas del mundo porque es, un alma demasiado bella, todo en él es ternura y ganas de que alguien le pueda dar la oportunidad que se merece de vivir en un hogar lleno de amor. En cuanto a sus características físicas, Romeo es un Podenco Ibicenco, recogido en Terruel, es muy sumiso, bueno, jugueton y sociable. Está vacunado y castrado pero no chipado aunque al adoptante se le entregará chipado. CONTACTO: 678 20 71 32"
kerubi:sian-4107,43,Sian 4107,macho,105,senior,2017-11-01,mediano,,Mestizo,mestizo,False,Alicante,Alicante,Mascotas de Zero,disponible,False,,,,,kerubi,https://kerubi.es/animales/perros-en-adopcion/sian-4107/,https://kerubi.es/wp-content/uploads/2024/05/ad26c1a4-f4c3-40bb-864c-b68cc413fe09.jpg,2026-08-03T01:11:33Z,2026-08-03T01:11:33Z,Sian es un malinois un poco desconfiado y necesita paciencia y confiar en el humano que le vaya a dar la oportunidad.Lanza mini bocaditos un poco a traicion jjjjjj pero una vez te conoce sin problema.Comparte jaula con otro peque sin problema aunque se pone bastante nervioso cuando ve a otros… normal en su raza y con falta de socializacion.No apto con gatos.
kerubi:tek-ppp-1732,43,Tek Ppp 1732,macho,115,senior,2017-01-01,mediano,,Mestizo,mestizo,False,Alicante,Alicante,Mascotas de Zero,disponible,False,,True,,,kerubi,https://kerubi.es/animales/perros-en-adopcion/tek-ppp-1732/,https://kerubi.es/wp-content/uploads/2024/05/ea3e94a0-5a46-4f56-b647-b30952b6cdf3.jpg,2026-08-03T01:11:33Z,2026-08-03T01:11:33Z,"Tek fue encontrado en la calle y los primeros días estaba algo asustado y no terminaba de fiarse de nosotros.Esto le duró dos días, ahora es un bichito simpático.Es juguetón y le gusta estar con la gente, busca mimos aunque es un poco bruto.Creemos que han podido pegarle….si levantas un poco la voz o le das alguna corrección se tumba en el suelo como si fuese un gusano con las orejas agachadas.Comparte jaula con una hembra y se lleva bien, con machos aún no lo hemos probado pero creemos que cuan"
kerubi:tek-ppp-1732-2,43,Tek Ppp 1732,macho,115,senior,2017-01-01,mediano,,Mestizo,mestizo,False,Alicante,Alicante,Mascotas de Zero,disponible,False,,True,,,kerubi,https://kerubi.es/animales/perros-en-adopcion/tek-ppp-1732-2/,https://kerubi.es/wp-content/uploads/2024/05/32961cb7-2863-47db-af3a-ed09bd2bb5bf.jpg,2026-08-03T01:11:33Z,2026-08-03T01:11:33Z,"Tek fue encontrado en la calle y los primeros días estaba algo asustado y no terminaba de fiarse de nosotros.Esto le duró dos días, ahora es un bichito simpático.Es juguetón y le gusta estar con la gente, busca mimos aunque es un poco bruto.Creemos que han podido pegarle….si levantas un poco la voz o le das alguna corrección se tumba en el suelo como si fuese un gusano con las orejas agachadas.Comparte jaula con una hembra y se lleva bien, con machos aún no lo hemos probado pero creemos que cuan"
kerubi:tyson-y-sena-adopcion-conjunta,43,Tyson Y Sena ( Adopción Conjunta),macho,72,adulto,2020-08-26,mediano,,Alano Bull Terrier,raza,False,Castellón,Castellón,ayuda y rescate,disponible,False,,True,True,True,kerubi,https://kerubi.es/animales/perros-en-adopcion/tyson-y-sena-adopcion-conjunta/,https://kerubi.es/wp-content/uploads/2022/06/DSCN0283.jpg,2026-08-03T01:11:33Z,2026-08-03T01:11:33Z,"TYSON Macho de dos años y medio, castrado, vacunado y con microchip. Es un mix de bull terrier con American Stanford. Es un perro muy bueno con la gente, perros, gatos y otras especies. Siempre hablamos bien de todos nuestros peludos, pero, como no hacerlo cuando perros como Tyson o Sena llenan nuestras vidas de alegría. Tyson es un pedazo de pan con absolutamente todo lo que le rodea, es súper juguetón y siempre estará esperando a que le tires algún juguete para que vayas a por él. Al ser un pe"
kerubi:zeus-4308,43,Zeus 4308,macho,90,adulto,2019-02-01,mediano,,Mestizo,mestizo,False,Alicante,Alicante,Mascotas de Zero,disponible,False,,,,,kerubi,https://kerubi.es/animales/perros-en-adopcion/zeus-4308/,https://kerubi.es/wp-content/uploads/2024/05/98fe7313-3a23-46ed-b238-ef5bf32aa1e8.jpg,2026-08-03T01:11:33Z,2026-08-03T01:11:33Z,"Zeus llego con sus dos compañeras, bastante asustdo y no sabemos que ha podido vivir, ya que es algo inseguro y hay que tratarlo con calma.Es sociable con otros perros , tanto hembras como machos pero con la gente al ser inseguro marca.Poco a poco y con pautas de un educador estamos haciendo que comprenda que no debe estar a la defensiva con nosotros… que no todos somos iguales.No testado con gatos."
villena:9941,42,Galo,macho,117,senior,2016-11-01,mediano,15.6,,desconocido,False,Alicante,Alicante,SPAP Villena,disponible,False,,,,,villena,https://protectoravillena.com/animal/galo/,https://protectoravillena.com/wp-content/uploads/Galo-1.jpg,2026-08-03T01:11:33Z,2026-08-03T01:11:33Z,"Galo es un perro muy sociable, tanto con personas como con otros perros, y destaca por su carácter cariñoso y cercano. Es un compañero afectuoso que disfruta del contacto humano y de la compañía. Tiene casi diez años y, a pesar de su nobleza, está pasando por un momento emocional difícil. Se le nota que echa de menos formar parte de una familia, y en la protectora a menudo se le escucha llorar, como expresión de esa necesidad de vínculo y estabilidad.   Galo llegó a la protectora el 30 de abril "
anaa:anaaweb-org-evaristo,41,Evaristo,macho,27,joven,2024-05-23,mediano,36.5,Mestizo,mestizo,False,Madrid,*,ANAA — Asociación Nacional Amigos de los Animales,disponible,False,,True,,,anaa,https://www.anaaweb.org/animales/42358,https://www.anaaweb.org/animals/image/42358?field=image_1920,2026-08-03T01:11:33Z,2026-08-03T01:15:20Z,"Anterior Siguiente 1 / 9 Adóptame Apadríname Comparte a EVARISTO EVARISTO Información Básica Especie Perro Raza Mestizo Sexo Macho Tamaño Mediano Peso 36.5 kg Pelo Corto Color Negro / Blanco Fecha de nacimiento 23/05/2024 Esterilizado Sí Carácter y Compatibilidad Carácter: Simpático y muy alegre Bueno con perros Sobre mí Jovenzuelo sociable con carácter de cachorro. Es enérgico y muy cariñoso con todo el mundo, le encanta salir a pasear y explorar mundo. Estamos seguros de que será un maravillos"
kerubi:marcos-3,41,Marcos,macho,16,joven,2025-04-14,grande,,Mestizo,mestizo,False,Murcia,Murcia,ASOC. PROTECCIÓN ANIMAL DE MAZARRON (APROAMA),disponible,False,,,,,kerubi,https://kerubi.es/animales/perros-en-adopcion/marcos-3/,https://kerubi.es/wp-content/uploads/2025/04/WhatsApp-Image-2025-04-14-at-13.31.29.jpeg,2026-08-03T01:11:33Z,2026-08-03T01:11:33Z,"Marcos fua abandonado en la calle, un dia de los de más lluvia de la zona, lo pasó muy mal al principio en el refugio, ahora solo quiere jugar con otros perros y es super cariñoso con otras personas. Un grandullón adorable de los mas buenos que han pasado por el refugio."
kerubi:p1591-hachiko,41,P1591 – Hachiko,macho,103,senior,2018-01-01,mediano,,Husky,raza,False,Castellón,Castellón,Huellas Callejeras,disponible,False,,,,,kerubi,https://kerubi.es/animales/perros-en-adopcion/p1591-hachiko/,https://kerubi.es/wp-content/uploads/2022/08/282488807_125793790078762_3870844599183809924_n.jpg,2026-08-03T01:11:33Z,2026-08-03T01:11:33Z,
kerubi:blanco-3,40,Blanco,macho,49,adulto,2022-07-08,mediano,,Mestizo,mestizo,False,Valencia,Valencia,Salvando patitas,disponible,False,,,,,kerubi,https://kerubi.es/animales/perros-en-adopcion/blanco-3/,https://kerubi.es/wp-content/uploads/2026/07/FB_IMG_1784143981777.jpg,2026-08-03T01:11:33Z,2026-08-03T01:11:33Z,"BLANCO SE QUEDÓ SIN MOVILIDAD DE TODAS LAS PATAS Y ESTUVO EN LA UCI, CASI MUERE, LUEGO PASÓ UN MES EN EL HOSPITAL, Y LUEGO TUVO QUE VOLVER DE UNA ACOGIDA Y AHORA ESTÁ EN EL REFUGIO 💔🫶🏽 D Difundamos su publicación para encontrar un hogar, por favor 🙏🏽 Resumen de su historia: Lo sacamos de la perrera y al tiempo dejó de poder andar de repente. Le diagnosticaron miastenia gravis con megaesofago. Se recuperó de poder andar, tomando la medicación pero el megaesofago permanece. Digamos que su esófago "
kerubi:brownie-3,40,Brownie,macho,17,joven,2025-03-28,grande,,Mestizo,mestizo,False,Valencia,Valencia,Helpdog_Valencia,disponible,False,,,,,kerubi,https://kerubi.es/animales/perros-en-adopcion/brownie-3/,https://kerubi.es/wp-content/uploads/2025/06/IMG-20250612-WA0120.jpg,2026-08-03T01:11:33Z,2026-08-03T01:11:33Z,"Este es Brownie, un podenquito de casi 4 meses, si quieres ser su familia hablame al 640 95 77 00 o 661 75 51 27"
kerubi:chico-4,40,Chico,macho,79,adulto,2020-01-01,mediano,,Mestizo,mestizo,False,Valencia,Valencia,El Hogar De Antón,disponible,False,,,,,kerubi,https://kerubi.es/animales/perros-en-adopcion/chico-4/,https://kerubi.es/wp-content/uploads/2024/07/IMG_3227-2.jpeg,2026-08-03T01:11:33Z,2026-08-03T01:11:33Z,"Hola me llamo Chico, aunque también me llaman Africo. Soy un perro mezcla de perro de agua, aunque soy mucho más chico que un perro de agua, soy un adulto muy bueno y social con otros perritos, tengo de primeras un poco de timidez, pero se me pasa pronto con unos besitos y abrazos. Busco una familia que me quiera dar una oportunidad y encontrar una familia. De además… mira qué cara de bueno tengo. Podéis preguntar por mí sin compromiso. 🙏🏻 Todos nuestros perritos van con contrato de adopción y c"
kerubi:chocolate,40,Chocolate,macho,79,adulto,2020-01-01,mediano,,Mestizo,mestizo,False,Albacete,Albacete,Apap Tula,disponible,False,,,,,kerubi,https://kerubi.es/animales/perros-en-adopcion/chocolate/,https://kerubi.es/wp-content/uploads/2024/04/b235d3ca-6a73-46eb-bc84-41f7977a52f4.jpg,2026-08-03T01:11:33Z,2026-08-03T01:11:33Z,
kerubi:dimon,40,Dimon. ADOPTADO!,macho,63,adulto,2021-05-01,mediano,,Mestizo,mestizo,False,Valencia,Valencia,Sociedad Protectora Animales de Burjassot (SPAB),disponible,False,,True,True,,kerubi,https://kerubi.es/animales/perros-en-adopcion/dimon/,https://kerubi.es/wp-content/uploads/2024/05/e12f2e9b-9432-45f7-abc4-407cd3014d57.jpg,2026-08-03T01:11:33Z,2026-08-03T01:11:33Z,"DIMON? Este angelito guapo es Dimón, un nene precioso, pastor alemán, que necesita una nueva oportunidad ???? Dimón tiene unos 3 añitos y es super amoroso y le encanta estar con las personas. Es un amor de nene y muy dulce y bueno? También es sociable con hembras y con machos tranquilotes. Necesita una familia que se enamore de él, lo adopte y le cambie la vida para siempre. Él lo agradecerá con todo el amor que tiene para dar… ? Fotografía realizada por nuestro gran fotógrafo de confianza Enriq"
anaa:anaaweb-org-ferrol,40,Ferrol,macho,14,joven,2025-06-26,grande,28.5,Perro Lobo Checoslovaco,raza,False,Madrid,*,ANAA — Asociación Nacional Amigos de los Animales,disponible,False,,True,,,anaa,https://www.anaaweb.org/animales/43319,https://www.anaaweb.org/animals/image/43319?field=image_1920,2026-08-03T01:11:33Z,2026-08-03T01:15:20Z,"Anterior Siguiente 1 / 8 Adóptame Apadríname Comparte a FERROL FERROL Información Básica Especie Perro Raza Perro Lobo Checoslovaco Sexo Macho Tamaño Grande Peso 28.5 kg Pelo Medio Color Marrón Fecha de nacimiento 26/06/2025 Esterilizado Sí Padrinos Jose Alberto Sanchez Ver más animales Ayuda a FERROL Formulario de Adopción ¡Gracias por elegir la adopción! Nuestro equipo le devolverá el mensaje tan pronto como sea posible. Mientras tanto, le invitamos a visitar nuestras redes sociales Redes soci"
kerubi:fleicon,40,Fleicon,macho,61,adulto,2021-07-08,mediano,,Mestizo,mestizo,False,Valencia,Valencia,Salvando patitas,disponible,False,,,,,kerubi,https://kerubi.es/animales/perros-en-adopcion/fleicon/,https://kerubi.es/wp-content/uploads/2026/07/FB_IMG_1784319380787.jpg,2026-08-03T01:11:33Z,2026-08-03T01:11:33Z,"Fleicon vivía en una jaula descuidada, con el agua verde, los cacharros sucios. Y lo peor, no sabemos durante cuánto tiempo. Enseguida que nos llegó el aviso intentamos ayudar aunque estábamos hasta arriba y la residencia nos lo cogió para dos semanas como favor porque estaban a tope. Como no encontramos ninguna casa, vino al refugio al refugio. Así que ha estado viviendo aquí, hasta que se ha ido a una casa y ahora conoce lo que es estar en una 🙏🏽 Es sociable con machos y hembras. Estaba conviv"
apadac:godo,40,Godo,macho,24,joven,,grande,,Mezcla de Dalmata,mezcla,False,Alicante,Callosa de Segura,APADAC Callosa de Segura,disponible,False,,,,,apadac,https://protectora-apadac.org/adopta/godo,https://protectora-apadac.org/_next/image?url=%2Fapi%2Fmedia%2Ffile%2FWhatsApp%2520Image%25202026-07-30%2520at%252023.41.44%2520(2)-1.jpg&w=3840&q=75,2026-08-03T01:11:33Z,2026-08-03T10:39:22Z,"Adopción responsable ¿Listo para crear un vínculo inquebrantable? El guapo de Godo te está esperando. 💌✨ Convivencia Cuidados Historia 🐾 Godo , un campeón con mucha personalidad y un corazón enorme."
kerubi:oso,40,Oso,macho,74,adulto,2020-06-12,mediano,,Mestizo,mestizo,False,Castellón,Castellón,Salvando patitas,disponible,False,,,,,kerubi,https://kerubi.es/animales/perros-en-adopcion/oso/,https://kerubi.es/wp-content/uploads/2026/06/FB_IMG_1780516220993.jpg,2026-08-03T01:11:33Z,2026-08-03T01:11:33Z,"💔 OSO SIGUE ESPERANDO… Y CADA DÍA LE PESA MÁS 💔 Oso nunca supo lo que es tener un hogar. Nunca conoció el cariño de una familia, ni el calor de una cama, ni la tranquilidad de sentirse querido. Vivía encerrado en un piso, víctima del síndrome de Noé, rodeado de gatos y de unas condiciones cada vez peores. Su vida eran solo cuatro paredes. Sin paseos. Sin sol. Sin libertad. Hasta que alguien denunció. Todos acabaron en la perrera. Los gatitos fueron rescatados. Pero Oso no. Y desde entonces, el t"
kerubi:p1598-tuso,40,P1598 – Tuso,macho,42,adulto,2023-02-01,mediano,,Mestizo,mestizo,False,Castellón,Castellón,Huellas Callejeras,disponible,False,,,,,kerubi,https://kerubi.es/animales/perros-en-adopcion/p1598-tuso/,https://kerubi.es/wp-content/uploads/2023/02/tuso-perro-en-adopcion-1.jpg,2026-08-03T01:11:33Z,2026-08-03T01:11:33Z,
kerubi:p1772-pedro,40,P1772 – Pedro,macho,42,adulto,2023-02-14,mediano,,Mestizo,mestizo,False,Castellón,Castellón,Huellas Callejeras,disponible,False,,True,,,kerubi,https://kerubi.es/animales/perros-en-adopcion/p1772-pedro/,https://kerubi.es/wp-content/uploads/2024/04/14ec0a01-b372-4c83-9aac-c50c0cf9df55.jpg,2026-08-03T01:11:33Z,2026-08-03T01:11:33Z,"Pedro es un perro joven, mestizo, de tamaño mediano, pelo corto y color negro, blanco y marrón. Es muy cariñoso y bastante bueno. Necesita una oportunidad para encontrar una familia adoptiva. Es un cachorro que nació en un terreno entre ovejas y cabras. Su madre pertenecía a una manada de perros descontrolados de un pastor que no los tenían bien cuidados. Nos hacemos cargo de la madre y los 7 cachorros. Actualmente solo quedan en busca de adopción 2 de los hermanos, Pedro y Mateo, y también su m"
kerubi:p1793-mayo,40,P1793 – Mayo,macho,40,adulto,2023-04-03,mediano,,Mestizo,mestizo,False,Castellón,Castellón,Huellas Callejeras,disponible,False,,False,,,kerubi,https://kerubi.es/animales/perros-en-adopcion/p1793-mayo/,https://kerubi.es/wp-content/uploads/2024/04/1a5d3ca4-ea17-40a6-89d0-9b1abdd631eb.jpeg,2026-08-03T01:11:33Z,2026-08-03T01:11:33Z,"Mayo es un cachorrito mestizo que está creciendo junto con sus hermanas en la asociación y necesita un hogar de adopción. Es un perrito tímido, de tamaño mediano y pelo corto de color negro/fuego. Fue recogido con sus otras 2 hermanas (Marzo y Abril) y su madre Chelo, en un terreno donde vivía con otros 14 perros, su responsable legal tenía ovejas y cabras, ya que es pastor. La cantidad de perros que tenía se le había ido de las manos, a causa de no tenerlos castrados y controlados. Fuimos infor"
kerubi:p1829-mino,40,P1829 – Miño,macho,39,adulto,2023-05-18,mediano,,Mestizo,mestizo,False,Castellón,Castellón,Huellas Callejeras,disponible,False,,True,,,kerubi,https://kerubi.es/animales/perros-en-adopcion/p1829-mino/,https://kerubi.es/wp-content/uploads/2024/04/b160a255-a600-41ad-8c8b-1d650e076575.jpeg,2026-08-03T01:11:33Z,2026-08-03T01:11:33Z,"Miño es un cachorro mestizo, de color canela, extrovertido y cariñoso, en busca de un nuevo hogar de adopción. Nació en la asociación ya que nos hicimos cargo de su madre, Lexi, que al poco tiempo parió a 8 cachorros y Miño es uno de ellos. De esta camada aún quedan en adopción 5 cachorros. Miño es extrovertido, muy cariñoso y un poco posesivo, tiene energía media, es sociable, se lleva bien con personas y perros (con gatos no testado). El educador canino está trabajando con él para controlar su"
kerubi:p1831-milo,40,P1831 – Milo,macho,39,adulto,2023-05-18,mediano,,Mestizo,mestizo,False,Castellón,Castellón,Huellas Callejeras,disponible,False,,True,,,kerubi,https://kerubi.es/animales/perros-en-adopcion/p1831-milo/,https://kerubi.es/wp-content/uploads/2024/04/c8d38525-29b9-4df8-96c3-be5580b3506b.jpg,2026-08-03T01:11:33Z,2026-08-03T01:11:33Z,"Milo es un cachorro mestizo, de color canela, extrovertido y cariñoso, en busca de un nuevo hogar de adopción. Nació en la asociación ya que nos hicimos cargo de su madre, Lexi, que al poco tiempo parió a 8 cachorros y Milo es uno de ellos. De esta camada aún quedan en adopción 5 cachorros. Milo es extrovertido, muy cariñoso y un poco posesivo, tiene energía media, es sociable, se lleva bien con personas y perros (con gatos no testado). El educador canino está trabajando con él para controlar su"
kerubi:robin-4,40,Robin,macho,61,adulto,2021-07-08,mediano,,Mestizo,mestizo,False,Valencia,Valencia,Salvando patitas,disponible,False,,,,,kerubi,https://kerubi.es/animales/perros-en-adopcion/robin-4/,https://kerubi.es/wp-content/uploads/2026/07/FB_IMG_1783441826893.jpg,2026-08-03T01:11:33Z,2026-08-03T01:11:33Z,"Robin sigue esperando… y cada día que pasa es un día más sin la familia que merece. 💔 Cuando conoces a Robin en persona entiendes enseguida de quién ha heredado su carácter. Es un cruce de malinois y tiene todas las cualidades de esta maravillosa raza: inteligencia, energía, sensibilidad y unas ganas inmensas de compartir la vida con su persona. 🐾 Tiene 5 años y está en un momento perfecto. Aprende con muchísima facilidad, está siempre atento a lo que haces y crea un vínculo muy especial con qui"
kerubi:rumbo,40,Rumbo,macho,82,adulto,2019-10-19,mediano,,Mestizo,mestizo,False,Albacete,Albacete,ADA San Francisco de Asis,disponible,False,,,,,kerubi,https://kerubi.es/animales/perros-en-adopcion/rumbo/,https://kerubi.es/wp-content/uploads/2022/08/13450269_287616841587415_3115202016947303882_n.jpg,2026-08-03T01:11:33Z,2026-08-03T01:11:33Z,"Este peque es Rumbo, lo recogimos cuando era un cachorrito de 4 meses porque nos avisaron de que unos niñatos le estaban dando una paliza… Ahora es un perrete de 1 añito y poco, dulce y cariñoso y muy agradecido. Está claro que hasta ahora ha vivido un auténtico infierno. Está en Hellín (Albacete),pero puede viajar. SOLO WHATSAPP: 607807068 / 618897182 / 670109783"
kerubi:sugar,40,Sugar,macho,49,adulto,2022-07-08,mediano,,Mestizo,mestizo,False,Valencia,Valencia,Salvando patitas,disponible,False,,,,,kerubi,https://kerubi.es/animales/perros-en-adopcion/sugar/,https://kerubi.es/wp-content/uploads/2026/07/FB_IMG_1784059272608.jpg,2026-08-03T01:11:33Z,2026-08-03T01:11:33Z,"¡SUGAR NO ESTÁ QUERIENDO SALIR NI A PASEAR DEL CALOR QUE TIENE! 🆘 El pobre lo está pasando fatal con el calor, está asfixiado jadeando mucho. Y es que no nos extraña porque las temperaturas que está habiendo no son ni medio normales. Necesita una ACOGIDA urgente para salir del refugio. Sugar vino de una perrera de Andalucía cuando nos pidieron ayuda para sacarlo de ahí ya que cogió parvo, estuvo ingresado y lo superó porque es un luchador. (Paréntesis: el parvo ya no se contagia, lo pasó hace mu"
kerubi:taito,40,Taito. ADOPTADO!,macho,51,adulto,2022-05-01,mediano,,Mestizo,mestizo,False,Valencia,Valencia,Sociedad Protectora Animales de Burjassot (SPAB),disponible,False,,True,True,,kerubi,https://kerubi.es/animales/perros-en-adopcion/taito/,https://kerubi.es/wp-content/uploads/2024/05/7aeda201-fb96-410e-84d5-dc6765c29589.jpg,2026-08-03T01:11:33Z,2026-08-03T01:11:33Z,"TAITO? Taito es un perro buenísimo de 2 añitos aproximadamente, para el que buscamos el mejor de los hogares? Nuestro grandullón apareció abandonado a su suerte y aún así sigue con esa alegría que lo caracteriza y la que nos enamoró? Taito es un perro activo, muuuy buenazo y cariñoso…le encanta el contacto humano, que lo quieran y den muchos mimos? con otros perros es bastante sociable. Si quieres conocer a nuestra belleza no dudes en contactarnos. Fotografía realizada por nuestro gran fotógrafo"
apadac:thorito,40,Thor,macho,36,adulto,,grande,,Mezcla de Labrador,mezcla,False,Alicante,Callosa de Segura,APADAC Callosa de Segura,disponible,False,,,,,apadac,https://protectora-apadac.org/adopta/thorito,https://protectora-apadac.org/_next/image?url=%2Fapi%2Fmedia%2Ffile%2FWhatsApp%2520Image%25202026-07-30%2520at%252023.33.07%2520(8).jpg&w=3840&q=75,2026-08-03T01:11:33Z,2026-08-03T10:39:22Z,"Adopción responsable Thor busca familia: un compañero noble que te seguirá a todas partes. 🐶🏠 Convivencia Cuidados Historia 🐾 Thor , un grandullón con un corazón que solo busca cariño."
kerubi:thor-2,40,Thor,macho,74,adulto,2020-06-12,mediano,,Mestizo,mestizo,False,Valencia,Valencia,Salvando patitas,disponible,False,,,,,kerubi,https://kerubi.es/animales/perros-en-adopcion/thor-2/,https://kerubi.es/wp-content/uploads/2026/06/FB_IMG_1781767822036.jpg,2026-08-03T01:11:33Z,2026-08-03T01:11:33Z,"THOR en adopción 🎈 📍 Sueca, València Thor cayó de una terraza y su “familia” no solo no lo ayudó, sino que lo abandonó en malas manos. 😠 Tras 4 años con una pata fracturada, estaba al borde de la muerte cuando lo rescatamos. Con tratamiento contra la leishmaniosis y una operación para amputar su pata, hoy es otro: feliz, sin dolor y lleno de vida. 🥰 Corre como un rayo y está listo para empezar de nuevo. Solo necesita lo que nunca tuvo: una familia de verdad. 🏡💚 ¿Serás tú quien le enseñe lo que e"
kerubi:tyson-3,40,Tyson,macho,52,adulto,2022-04-15,mediano,,Mestizo,mestizo,False,Murcia,Murcia,ASOC. PROTECCIÓN ANIMAL DE MAZARRON (APROAMA),disponible,False,,,,,kerubi,https://kerubi.es/animales/perros-en-adopcion/tyson-3/,https://kerubi.es/wp-content/uploads/2025/04/e26d7247-0479-4e1d-8ef3-705c028b5c64.jpeg,2026-08-03T01:11:33Z,2026-08-03T01:11:33Z,"Hola Soy Tyson y soy un perrito muy sociable, me gusta mucho correr…¿nos echamos una carrera hasta mi nuevo hogar? ☎️📲 642899947 📩 [email protected]"
reinasbiberon:15547,39,Budín,macho,,,,,,,desconocido,False,Alicante,Alicante,Las Reinas del Biberón,disponible,False,,,,,reinasbiberon,https://www.lasreinasdelbiberon.org/producto/budin/,https://www.lasreinasdelbiberon.org/wp-content/uploads/2026/07/21-2.jpg,2026-08-03T01:11:33Z,2026-08-03T01:11:33Z,"Su familia ya no podía seguir haciéndose cargo de él y nos pidió ayuda para encontrarle el hogar que tanto merece. 🐾💛       Tiene un problema renal, por lo que necesitará medicación de por vida, pero eso no le impide ser un compañero lleno de amor y ganas de vivir. 💊🐶       Ahora está con nosotras, esperando a esa familia que esta vez sea para siempre. 🐶✨ Si estás interesado en su adopción, envía un Whatsapp a uno de estos teléfonos: 644 21 90 01 / 644 20 94 49   📲 Bizum ONG: 03760  💻 PayPal:pay"
reinasbiberon:12924,39,Kiba,macho,,,,,,,desconocido,False,Alicante,Alicante,Las Reinas del Biberón,disponible,False,,,,,reinasbiberon,https://www.lasreinasdelbiberon.org/producto/hantu-copia/,https://www.lasreinasdelbiberon.org/wp-content/uploads/2026/05/kiba.jpeg,2026-08-03T01:11:33Z,2026-08-03T01:11:33Z,"🐾Kiba busca hogar 🐾   Kiba fue encontrado solo en la carretera de Gran Alacant y, por suerte, una familia decidió ayudarle hasta que encontrara una oportunidad de verdad.   Es un pequeño macho nacido el 15/11/24, cariñoso, dulce y con muchísimas ganas de empezar una nueva vida junto a una familia definitiva. 🐶   Ahora espera su oportunidad rodeado de cuidados y amor… solo le falta un hogar para siempre. 🏡👨‍👩‍👧‍👦 Si estás interesado en su adopción, envía un Whatsapp a uno de estos teléfonos: 644 "
villena:9060,39,Rom,macho,,,,,,,desconocido,False,Alicante,Alicante,SPAP Villena,disponible,False,,,,,villena,https://protectoravillena.com/animal/rom/,https://protectoravillena.com/wp-content/uploads/Rom.jpg,2026-08-03T01:11:33Z,2026-08-03T01:11:33Z,"Rom llegó a la protectora el 13 de enero de 2024, después de haber sido abandonado justo delante de nuestras instalaciones, atado a una farola y muerto de miedo y frío. Es un perro sordo, y eso hace que al principio se muestre algo desconfiado, ya que no puede orientarse con los sonidos y necesita tiempo para sentirse seguro en su entorno. Aun así, tiene un corazón enorme. Cuando te ganas su confianza, se deja tocar, disfruta de los paseos y demuestra ser un perro cariñoso y noble. En la Protect"
villena:9883,39,Tro,macho,,,,,,,desconocido,False,Alicante,Alicante,SPAP Villena,disponible,False,,,,,villena,https://protectoravillena.com/animal/tro/,https://protectoravillena.com/wp-content/uploads/Tro-1.jpg,2026-08-03T01:11:33Z,2026-08-03T01:11:33Z,"Tro llegó a la protectora el 30 de julio de 2025 y desde entonces ha ido mostrando poco a poco su forma de ser.   Tiene un carácter particular que conviene conocer bien antes de adoptarlo. Es un perro al que le gusta la atención, pero a su manera. Con las personas que ya conoce, se acerca, busca el contacto y se deja acariciar, y realmente lo disfruta. Sin embargo, no siempre mantiene ese comportamiento de forma constante: a veces, cuando parece que todo va bien, se retira o se escabulle.   No e"
anaa:anaaweb-org-anxelu,38,Anxelu,macho,56,adulto,2021-12-10,mediano,40.0,Pastor Belga,raza,False,Madrid,*,ANAA — Asociación Nacional Amigos de los Animales,disponible,False,,True,,,anaa,https://www.anaaweb.org/animales/35179,https://www.anaaweb.org/animals/image/35179?field=image_1920,2026-08-03T01:11:33Z,2026-08-03T01:15:20Z,"Anterior Siguiente 1 / 7 Adóptame Apadríname Comparte a ANXELU ANXELU Información Básica Especie Perro Raza Pastor Belga Sexo Macho Tamaño Mediano Peso 40.0 kg Pelo Corto Color Marrón / Negro Fecha de nacimiento 10/12/2021 Esterilizado Sí Carácter y Compatibilidad Carácter: Locuelo y amoroso Bueno con perros Sobre mí Anxelu es un perrete jovial y cariñoso. Con mucha energía y amor perruno porque, si hay algo que le encanta, es pegarse a los humanos para que le rasquen el pecho y acaricien el lom"
kerubi:axel-2,38,Axel,macho,23,joven,2024-09-08,grande,,Mestizo,mestizo,False,Alicante,Alicante,Mascotas de Zero,disponible,False,,,,,kerubi,https://kerubi.es/animales/perros-en-adopcion/axel-2/,https://kerubi.es/wp-content/uploads/2026/05/WhatsApp-Image-2026-02-19-at-17.34.42.jpeg,2026-08-03T01:11:33Z,2026-08-03T01:11:33Z,"Este precioso cachorrón tiene poco más de 1 año y medio. Su carácter es de cachorrote, es muy cariñoso. Siempre nos está pidiendo mimos y las chuches le encantaaaan!!! jaja Es super listo!!! No testado con gatos. Probado con macho grande y no es compatible."
anaa:anaaweb-org-azafran,38,Azafran,macho,55,adulto,2022-01-01,pequeno,16.5,Bodeguero Andaluz,raza,False,Madrid,*,ANAA — Asociación Nacional Amigos de los Animales,disponible,False,,True,,,anaa,https://www.anaaweb.org/animales/40102,https://www.anaaweb.org/animals/image/40102?field=image_1920,2026-08-03T01:11:33Z,2026-08-03T01:15:20Z,"Anterior Siguiente 1 / 13 Adóptame Apadríname Comparte a AZAFRAN AZAFRAN Información Básica Especie Perro Raza Bodeguero Andaluz Sexo Macho Tamaño Pequeño Peso 16.5 kg Pelo Corto Color Blanco / Negro Fecha de nacimiento 01/01/2022 Esterilizado Sí Carácter y Compatibilidad Carácter: ¡Quiere pasarlo bien! Sobre mí Activo como buen bodeguero, pero también sensible y muy dulce. Es sociable con personas y todo tipo de perros y muy cariñoso, siempre agradece y busca atención y mimos. Paseos muy bien d"
kerubi:balto,38,Balto,macho,96,senior,2018-08-27,mediano,,Mestizo,mestizo,False,Valencia,Valencia,SOS Animales Sagunto,disponible,False,,True,,True,kerubi,https://kerubi.es/animales/perros-en-adopcion/balto/,https://kerubi.es/wp-content/uploads/2023/12/280723025_3023001857996873_9059616791711123386_n.jpg,2026-08-03T01:11:33Z,2026-08-03T01:11:33Z,"Balto llegó un poco despistado. No sabía bien porqué de su hogar confortable había venido al refugio. Problemas de pareja le hicieron perder a su familia. Es un américan bullit de unos seis años de edad (1/17) muy bien educado, obediente, curioso y con ese caracter bonachón que caracteriza a estos peludos. Adora pasear y es incansable, alegre y muy pendiente siempre de su compañero humano. Se adopta con chip, vacunas, esterilización, documentación y contrato de adopción. ••••••••••••••••••••••••"
kerubi:canelo,38,Canelo,macho,147,senior,2014-05-01,mediano,,Mestizo,mestizo,False,Valencia,Valencia,Sociedad Protectora Animales de Burjassot (SPAB),disponible,False,,True,True,,kerubi,https://kerubi.es/animales/perros-en-adopcion/canelo/,https://kerubi.es/wp-content/uploads/2024/05/a12d35d3-f7ee-41fd-9252-2466385b626c.jpg,2026-08-03T01:11:33Z,2026-08-03T01:11:33Z,"CANELO? Nuestro Canelito precioso es uno de los perretes veteranos de la prote y merece un hogar definitivo donde ser feliz toda su vida? Canelo es un perro precioso, de unos 10 añitos pero con muchísima energía y vitalidad. Llego a la SPAB con un añito de vida, con miedos e inseguridades que ha ido superando poco a poco gracias a su gran hogar de acogida❤ Es un perro cariñoso, buenísimo y muy sociable con otros perros ? y también con gatos ?. Con paciencia y mucho amor, está demostrando que pue"
kerubi:canijo,38,Canijo,macho,87,adulto,2019-05-10,pequeno,,Mestizo,mestizo,False,Valencia,Valencia,Salvando patitas,disponible,False,,,,,kerubi,https://kerubi.es/animales/perros-en-adopcion/canijo/,https://kerubi.es/wp-content/uploads/2026/05/FB_IMG_1779047927131.jpg,2026-08-03T01:11:33Z,2026-08-03T01:11:33Z,"CANIJO 🍀 Macho Sobre 8 años Tamaño pequeño (8kg) Canijo fue encontrado en la calle. Luego descubrimos que tenía anemia, leishmania, artrosis y DOS PERDIGONES, uno en la pierna y otro en la columna. Casi un milagro que no lo dejara parapléjico o algo peor. No sabemos nada de su pasado, pero sí que el que lo hizo era un miserable. Lleva ya un tiempo con nosotras y buscamos una acogida de larga estancia o una adopción ❤️ Es bastante independiente, le vale con una buena camita y buena comida. Pero c"
kerubi:chato,38,Chato,macho,135,senior,2015-05-01,mediano,,Mestizo,mestizo,False,Valencia,Valencia,Sociedad Protectora Animales de Burjassot (SPAB),disponible,False,,,,,kerubi,https://kerubi.es/animales/perros-en-adopcion/chato/,https://kerubi.es/wp-content/uploads/2024/05/9bab40b7-a8c2-41a8-97b5-b2f4a088ea0f.jpg,2026-08-03T01:11:33Z,2026-08-03T01:11:33Z,"CHATO NECESITA UNA CASITA DE ACOGIDA? Este tierno perrete de 9 añitos merece una casita donde ser nuevamente feliz??de momento, necesitamos para él un hogar de acogida. Chato es un perro muy amoroso, cariñoso y dulce con las personas y super sociable con todos los perros ?? Es un bomboncito que te necesita… Merece una familia que le de todo el amor del mundo❤️? Fotografía realizada por nuestro gran fotógrafo de confianza Enrique Llacer ? ?655685859 ✉️ [email protected]"
kerubi:chester-2,38,Chester,macho,96,senior,2018-08-27,mediano,,Mestizo,mestizo,False,Valencia,Valencia,SOS Animales Sagunto,disponible,False,,True,,True,kerubi,https://kerubi.es/animales/perros-en-adopcion/chester-2/,https://kerubi.es/wp-content/uploads/2023/12/83723710_2742574872490208_3508053588574208000_n.jpg,2026-08-03T01:11:33Z,2026-08-03T01:11:33Z,"«Buenas, mi nombre es Chester y soy un mastín español de 9 añitos. Vivo en SOS Sagunto desde hace ya muuuucho tiempo. No sé decir cuántos años, pero creo que algo más de media vida. Llevo tanto tiempo aquí que en la puerta de mi casa han puesto una foto mía. Os enseño una foto, para que veáis que no miento. Aquí, en el refugio, vivo bien aunque no tengo todo el espacio que me gustaría porque no es lo mismo un chenil que un casa grande con un jardín, que es lo que un grandullón como yo necesita. "
anaa:anaaweb-org-chupachups,38,Chupachups,macho,42,adulto,2023-02-02,mediano,30.5,Pit Bull,raza,False,Madrid,*,ANAA — Asociación Nacional Amigos de los Animales,disponible,False,,True,,,anaa,https://www.anaaweb.org/animales/38824,https://www.anaaweb.org/animals/image/38824?field=image_1920,2026-08-03T01:11:33Z,2026-08-03T01:15:20Z,"Anterior Siguiente 1 / 11 Adóptame Apadríname Comparte a CHUPACHUPS CHUPACHUPS Información Básica Especie Perro Raza Pit Bull Sexo Macho Tamaño Mediano Peso 30.5 kg Pelo Corto Color Atigrado Fecha de nacimiento 02/02/2023 Esterilizado Sí Carácter y Compatibilidad Carácter: Es intenso y activo, tiene mucho que disfrutar Bueno con perros Sobre mí Espíritu de cachorrote en un cuerpo musculado y de gimnasio. Estará encantado de que trabajes con él y que le ayudes a autoregular sus emociones e intens"
anaa:anaaweb-org-clavileno-zaorejas,38,Clavileño Zaorejas,macho,47,adulto,2022-09-05,mediano,,Podenco,raza,False,Madrid,*,ANAA — Asociación Nacional Amigos de los Animales,disponible,False,,True,,,anaa,https://www.anaaweb.org/animales/38173,https://www.anaaweb.org/animals/image/38173?field=image_1920,2026-08-03T01:11:33Z,2026-08-03T01:15:20Z,"Anterior Siguiente 1 / 13 Adóptame Apadríname Comparte a CLAVILEÑO ZAOREJAS CLAVILEÑO ZAOREJAS Información Básica Especie Perro Raza Podenco Sexo Macho Tamaño Mediano Pelo Corto Color Blanco / Marrón Fecha de nacimiento 05/09/2022 Esterilizado Sí Carácter y Compatibilidad Carácter: Tiempo y recuperación Sobre mí Todos los que se apellidan ""Zaorejas"" proceden de un desalojo; desde que nacieron solo han conocido un establo sin ventanas y lleno de suciedad, no han visto nunca el exterior ni a perso"
kerubi:coco-7,38,Coco,macho,93,adulto,2018-11-01,pequeno,,Mestizo,mestizo,False,Valencia,Valencia,SOS Animales Sagunto,disponible,False,,True,,True,kerubi,https://kerubi.es/animales/perros-en-adopcion/coco-7/,https://kerubi.es/wp-content/uploads/2024/11/462379161_3622566291373757_13687529479764639_n.jpg,2026-08-03T01:11:33Z,2026-08-03T01:11:33Z,"Este pequeñín es un perrito mini, pero con una gran personalidad que conquista a quien le dé la oportunidad de conocerlo. Al principio puede parecer un poquito desconfiado y, si intentas tocarlo, te mostrará los dientes. Pero no te dejes engañar, ¡es solo su forma de defenderse! Con paciencia y amor, ha comenzado a abrir su corazón, de hecho ya permite que algunos/as voluntarios/as lo acaricien y lo cojan en brazos. Le encanta jugar y es un auténtico “recoge pelotas”, pero su juguete favorito es"
kerubi:coco-4,38,Coco. ADOPTADO!,macho,135,senior,2015-05-01,mediano,,Mestizo,mestizo,False,Valencia,Valencia,Sociedad Protectora Animales de Burjassot (SPAB),disponible,False,,True,True,,kerubi,https://kerubi.es/animales/perros-en-adopcion/coco-4/,https://kerubi.es/wp-content/uploads/2024/05/899c8314-c816-4208-bda7-4d63bed96090.jpg,2026-08-03T01:11:33Z,2026-08-03T01:11:33Z,"COCO NECESITA ACOGIDA? Coco es un perrete preciosísimo, negro como la noche y todo un buenazo, que necesita un buen hogar donde ser todo lo feliz que merece ser?? Nuestro principito es apto con perros, se lleva genial con todos y enseguida se pone a jugar e interactuar con ellos, es muy sociable. También es muy simpático, cariñoso y un amor de perrete de 9 añitos que solo quiere ser feliz? ¿Te animas a ampliar tu familia con él? Te lo agradecerá por siempre? ?655685859 ✉️ [email protected] Está "
kerubi:fredy,38,Fredy,macho,19,joven,2025-01-05,grande,,Mestizo,mestizo,False,Alicante,Alicante,Mascotas de Zero,disponible,False,,,,,kerubi,https://kerubi.es/animales/perros-en-adopcion/fredy/,https://kerubi.es/wp-content/uploads/2026/01/fredy.jpg,2026-08-03T01:11:33Z,2026-08-03T01:11:33Z,"3 hermanos llegan a nosotros al ser encontrados por medio del campo. Parecen mix de galguitos con mastín, tamaño mediano grande. Tienen la elegancia del galgo y la tranquilidad del mastín. Al principio son algo tímidos pero una vez que los tocas y te conocen ya toman confianza!!! Sociables con otros perros, no testados con gatos."
kerubi:georgi,38,Georgi,macho,96,senior,2018-08-27,mediano,,Mestizo,mestizo,False,Valencia,Valencia,SOS Animales Sagunto,disponible,False,,True,,True,kerubi,https://kerubi.es/animales/perros-en-adopcion/georgi/,https://kerubi.es/wp-content/uploads/2023/12/155410149_3699833750131127_8175358925779164489_n.jpg,2026-08-03T01:11:33Z,2026-08-03T01:11:33Z,"Georgi junto con otros cinco peludos vienen de largas estancias en otro refugio de animales, en el que nadie les «veía». Les hemos recibido de la mano de una gran persona que los ha rescatado. Vamos a ver si el cambio de aires, de vida, de contacto con los seres humanos, de otras manadas de compañeros, les ayuda a enseñar mejor su belleza, su nobleza, sus caracteres amables, sus ganas de dar y recibir cariño y seguridad. Ahora necesitan más que nunca ayuda para recordar lo bien que se esta pasea"
anaa:anaaweb-org-gonzo,38,Gonzo,macho,68,adulto,2020-12-08,mediano,45.0,Mastin,raza,False,Madrid,*,ANAA — Asociación Nacional Amigos de los Animales,disponible,False,,True,,,anaa,https://www.anaaweb.org/animales/43365,https://www.anaaweb.org/animals/image/43365?field=image_1920,2026-08-03T01:11:33Z,2026-08-03T01:15:20Z,"Anterior Siguiente 1 / 5 Adóptame Apadríname Comparte a GONZO GONZO Información Básica Especie Perro Raza Mastin Sexo Macho Tamaño Mediano Peso 45.0 kg Pelo Medio Color Atigrado / Blanco Fecha de nacimiento 08/12/2020 Esterilizado Sí Ver más animales Ayuda a GONZO Formulario de Adopción ¡Gracias por elegir la adopción! Nuestro equipo le devolverá el mensaje tan pronto como sea posible. Mientras tanto, le invitamos a visitar nuestras redes sociales Redes sociales Otros Perro s en Adopción"
anaa:anaaweb-org-hiperion-zaorejas,38,Hiperion Zaorejas,macho,47,adulto,2022-09-05,mediano,19.0,Podenco,raza,False,Madrid,*,ANAA — Asociación Nacional Amigos de los Animales,disponible,False,,True,,,anaa,https://www.anaaweb.org/animales/38182,https://www.anaaweb.org/animals/image/38182?field=image_1920,2026-08-03T01:11:33Z,2026-08-03T01:15:20Z,"Anterior Siguiente 1 / 11 Adóptame Apadríname Comparte a HIPERION ZAOREJAS HIPERION ZAOREJAS Información Básica Especie Perro Raza Podenco Sexo Macho Tamaño Mediano Peso 19.0 kg Pelo Largo Color Blanco Fecha de nacimiento 05/09/2022 Esterilizado Sí Carácter y Compatibilidad Carácter: Tiempo y recuperación Sobre mí Todos los que se apellidan ""Zaorejas"" proceden de un desalojo; desde que nacieron solo han conocido un establo sin ventanas y lleno de suciedad, no han visto nunca el exterior ni a per"
anaa:anaaweb-org-malteado,38,Malteado,macho,51,adulto,2022-05-28,mediano,22.5,Pit Bull,raza,False,Madrid,*,ANAA — Asociación Nacional Amigos de los Animales,disponible,False,,True,,,anaa,https://www.anaaweb.org/animales/37488,https://www.anaaweb.org/animals/image/37488?field=image_1920,2026-08-03T01:11:33Z,2026-08-03T01:15:20Z,"Anterior Siguiente 1 / 10 Adóptame Apadríname Comparte a MALTEADO MALTEADO Información Básica Especie Perro Raza Pit Bull Sexo Macho Tamaño Mediano Peso 22.5 kg Pelo Corto Color Blanco Fecha de nacimiento 31/05/2022 Esterilizado Sí Carácter y Compatibilidad Carácter: Selectivo. Muy rico cuando conoce. Bueno con perros Sobre mí Malteado lleva muchísimo tiempo esperando su gran oportunidad. Llegó al Centro de Adopción con muchísimas inseguridades, muy estresado e inquieto. Aunque ahora ya ha sanad"
asoka:asokaelgrande-org-milo,38,Milo,macho,29,joven,,grande,,Mestizo,mestizo,False,Alicante,"Alicante 
                 (Alicante)",ASOKA el Grande,disponible,False,,True,True,,asoka,https://asokaelgrande.org/ficha-11716,https://asokaelgrande.org/ficha-banner-11716,2026-08-03T01:11:33Z,2026-08-03T01:11:33Z,"Asoka el Grande - Ficha de Milo Foto 1 de 27 | Ficha de Milo en adopción Nombre Milo Clase perros Desde 18-5-2026 Sexo Macho Edad 2 años y 5 meses fecha de nacimiento 2/2024 Raza Mestizo Tamaño Grande Localidad Alicante (Alicante) ID 11716 Descripción Milo apareció muy flaquito, muerto de hambre y con un intenso olor a cuadra, pero muy contento y feliz como es él. Nuestras compis de la protectora Caimas lo cogieron. Preocupadas por su delgadez, enseguida lo llevaron al veterinario. Estaba desnut"
anaa:anaaweb-org-monopoly,38,Monopoly,macho,58,adulto,2021-10-18,mediano,25.5,Pastor Belga Malinois,raza,False,Madrid,*,ANAA — Asociación Nacional Amigos de los Animales,disponible,False,,True,,,anaa,https://www.anaaweb.org/animales/36671,https://www.anaaweb.org/animals/image/36671?field=image_1920,2026-08-03T01:11:33Z,2026-08-03T01:15:20Z,"Anterior Siguiente 1 / 4 Adóptame Apadríname Comparte a MONOPOLY MONOPOLY Información Básica Especie Perro Raza Pastor Belga Malinois Sexo Macho Tamaño Mediano Peso 25.5 kg Pelo Corto Color Marrón / Negro Fecha de nacimiento 18/10/2021 Esterilizado Sí Carácter y Compatibilidad Carácter: Ha sufrido mucho. Sobre mí Llegó en muy malas condiciones: muy delgado, con leishmaniosis sin tratar y con herida en el cuello que sospechamos que es de arrancarle el chip. Además lo pasó muy mal en nuestro centr"
kerubi:oregano,38,Orégano,macho,123,senior,2016-05-12,mediano,,Mestizo,mestizo,False,Valencia,Valencia,Salvando patitas,disponible,False,,,,,kerubi,https://kerubi.es/animales/perros-en-adopcion/oregano/,https://kerubi.es/wp-content/uploads/2026/05/FB_IMG_1779047693960.jpg,2026-08-03T01:11:33Z,2026-08-03T01:11:33Z,"Orégano busca acogida o adopción. Estuvo en una casa de acogida pero desgraciadamente, volvió a la residencia 🙏🏽 Las acogidas que ha tenido han sido muy cortas porque han sido por motivos concretos, especialmente por la lluvia. Pero después ha vuelto, nada que ver con él, sino porque ya eran con un tiempo establecido antes de irse por motivos personales de la gente. Tenemos que encontrar una casa de acogida de larga estancia o una adopción, no se merece seguir para arriba y para abajo 💔 Macho 11"
kerubi:panda-ii,38,Panda Ii,macho,96,senior,2018-08-27,mediano,,Mestizo,mestizo,False,Valencia,Valencia,SOS Animales Sagunto,disponible,False,,True,,True,kerubi,https://kerubi.es/animales/perros-en-adopcion/panda-ii/,https://kerubi.es/wp-content/uploads/2023/12/294010470_3069697253327333_3555375808540868815_n.jpg,2026-08-03T01:11:33Z,2026-08-03T01:11:33Z,"Nuestra explosiva y guapísima Panda llegó de la mano de sus dueños. Había pasado toda su vida en una terraza y compartiendo el tiempo con una persona inválida. Su vitalidad y el empeoramiento de esta persona hicieron que le fuera imposible seguir dándole las atenciones que necesita. Es una perra activa, alegre, cariñosa y obediente que adora pasear y olisquearlo todo, jugar y corretear. Es muy mimosa y siempre esta ansiosa si no esta en compañía humana. Es muy dependiente del ser humano. Una de "
kerubi:pic,38,PIC,macho,112,senior,2017-04-01,mediano,,Mestizo,mestizo,False,Valencia,Valencia,SOS Animales Sagunto,disponible,False,,True,,True,kerubi,https://kerubi.es/animales/perros-en-adopcion/pic/,https://kerubi.es/wp-content/uploads/2023/02/69263770_10156768499939163_7776787911525007360_n.jpg,2026-08-03T01:11:33Z,2026-08-03T01:11:33Z,"Nació en abril de 2017 y todavía es un cachorrote brutote, noble, obediente y adorable. Solo pide atenciones y juegos pero si se lo indicas, sabe tumbarse y quedarse quieto esperando siempre la orden del humano. Uno de esos amigos que todos queremos tener cerca porque nos hacen sentir importantes, queridos y aceptados en todo momento. Un lujo para hacer deporte, para pasear, para disfrutar enseñándole cosas… Un lujo se mire por donde se mire. Ha sacado mucho de su madre Kela que, con sus hermano"
kerubi:sam-2,38,Sam,macho,86,adulto,2019-06-06,mediano,,Mestizo,mestizo,False,Castellón,Castellón,Salvando patitas,disponible,False,,,,,kerubi,https://kerubi.es/animales/perros-en-adopcion/sam-2/,https://kerubi.es/wp-content/uploads/2026/06/FB_IMG_1782806433586.jpg,2026-08-03T01:11:33Z,2026-08-03T01:11:33Z,"🐾 Sam solo pide una oportunidad 🧡 Hay perros que conquistan con un solo vistazo y otros que necesitan un poco más de tiempo para mostrar quiénes son de verdad. Sam pertenece a ese segundo grupo. Es un compañero tranquilo, noble y muy sensible. Disfruta de la calma, de la compañía sincera y de esos pequeños momentos que hacen de una casa un hogar. No busca llamar la atención; simplemente quiere sentirse querido. La leishmania ha dejado secuelas en sus patas delanteras, por lo que su movilidad es "
kerubi:taro-2,38,Taro,macho,123,senior,2016-05-01,mediano,,Mestizo,mestizo,False,Valencia,Valencia,Sociedad Protectora Animales de Burjassot (SPAB),disponible,False,,True,True,,kerubi,https://kerubi.es/animales/perros-en-adopcion/taro-2/,https://kerubi.es/wp-content/uploads/2024/05/57467eaa-4b43-47fe-b8c5-9c603234620c.jpg,2026-08-03T01:11:33Z,2026-08-03T01:11:33Z,"TARO? Esta belleza de nene apareció abandonadito y nos llegó a todos al corazón de lo buenazo y noble que es? Taro es una preciosidad de unos 8 añitos, suuuper cariñoso y apto con todo tipo de perretes y super amoroso con nenes peques. Es muy tranquilo y dulce. Ideal para una familia con nenes peques donde se den mutuamente todo el amor del mundo❤️ ¿Te animas con él? ?655685859✉️ [email protected] á en Burjassot, Valencia. Se da en adopción chipado, vacunado, desparasitado y castrado. «Un país s"
kerubi:tarzan-3,38,Tarzán,macho,91,adulto,2019-01-01,mediano,,Mestizo,mestizo,False,Albacete,Albacete,Apap Tula,disponible,False,,False,,,kerubi,https://kerubi.es/animales/perros-en-adopcion/tarzan-3/,https://kerubi.es/wp-content/uploads/2024/04/c21dd7b0-214f-46cf-a991-e6153d6b2812.jpg,2026-08-03T01:11:33Z,2026-08-03T01:11:33Z,"Mix de labrador rescatado tras varios días vagando por el campo. Tiene leishmania, pero está totalmente controlada con medicación. Su última analítica salió perfecta. Órganos no dañados. Está castrado."
kerubi:thor-3,38,Thor,macho,21,joven,2024-11-19,grande,,Mestizo,mestizo,False,Alicante,Alicante,Akira Animal Sanctuary,disponible,False,,True,True,True,kerubi,https://kerubi.es/animales/perros-en-adopcion/thor-3/,https://kerubi.es/wp-content/uploads/2024/11/DSC_0941.jpg,2026-08-03T01:11:33Z,2026-08-03T01:11:33Z,"THOR NECESITA UN HOGAR DEFINITIVO Thor necesita un hogar definitivo ya que el refugio es bastante agobiante para él. Thor sólo tiene un año y medio, así que todavía es un bebé. Poco a poco ha empezado a salir de su caparazón, y ahora empezamos a ver su verdadera personalidad. Es encantador, timido, pero le gusta la gente una vez que te conoce y se calienta; y es bueno con otros perros y ya ha tenido unas cuantas novias. Thor es limpio en su perrera y viaja bien en el coche. Le gustan los paseos "
villena:9424,37,Orión,macho,23,joven,2024-09-01,grande,42.0,,desconocido,False,Alicante,Alicante,SPAP Villena,disponible,False,,,,,villena,https://protectoravillena.com/animal/orion/,https://protectoravillena.com/wp-content/uploads/Orion-1.jpg,2026-08-03T01:11:33Z,2026-08-03T01:11:33Z,"Orion es un auténtico bellezón, de esos que llaman la atención tanto por su físico como por su carácter. Es un perro fuerte y con buena energía, pero a la vez controlable y manejable, lo que hace que convivir con él sea mucho más fácil de lo que podría parecer a primera vista.   Le gustan los mimos y disfruta del contacto humano. Además, es muy agradecido: con unas chuches se gana rápidamente su atención y colaboración, lo que puede ser una gran ayuda para seguir trabajando con él y reforzar el "
villena:8811,37,Pancho,macho,29,joven,2024-03-20,grande,27.5,,desconocido,False,Alicante,Alicante,SPAP Villena,disponible,False,,,,,villena,https://protectoravillena.com/animal/pancho/,https://protectoravillena.com/wp-content/uploads/Pancho-1-1.jpg,2026-08-03T01:11:33Z,2026-08-03T01:11:33Z,"Pancho es un animal sensible, que necesita su tiempo para confiar y sentirse seguro, llegado a la Protectora en mayo de 2025. En el albergue se muestra más tranquilo, va conociendo a las personas del equipo y empieza a dejarse ver tal como es: un perro cariñoso, que busca el contacto y agradece una caricia cuando ya te conoce. Aun así, fuera del entorno que considera seguro, tiende a asustarse con facilidad.   Buscamos para él un hogar tranquilo, con personas comprometidas y con experiencia o se"
villena:9890,37,Roque,macho,30,joven,2024-02-01,grande,35.6,,desconocido,False,Alicante,Alicante,SPAP Villena,disponible,False,,,,,villena,https://protectoravillena.com/animal/roque/,https://protectoravillena.com/wp-content/uploads/Roque-2.jpg,2026-08-03T01:11:33Z,2026-08-03T01:11:33Z,"Roque es un perro enorme, de esos que llaman la atención nada más verlo, pero lo que de verdad destaca en él es su carácter: su corazón es tan grande como su tamaño.   Llegó a la protectora el 5 de enero de 2025 y actualmente vive en una casa de acogida junto a otros tres perros. Con ellos convive muy bien, juega, comparte espacio sin problemas y ha demostrado ser un compañero equilibrado en manada.   A pesar de su tamaño, pasea correctamente con correa y resulta manejable en los paseos. Es un p"
anaa:anaaweb-org-fler,36,Fler,macho,119,senior,2016-09-09,mediano,24.0,Podenco,raza,False,Madrid,*,ANAA — Asociación Nacional Amigos de los Animales,disponible,False,,True,,,anaa,https://www.anaaweb.org/animales/25979,https://www.anaaweb.org/animals/image/25979?field=image_1920,2026-08-03T01:11:33Z,2026-08-03T01:15:20Z,"Anterior Siguiente 1 / 4 Adóptame Apadríname Comparte a FLER FLER Información Básica Especie Perro Raza Podenco Sexo Macho Tamaño Mediano Peso 24.0 kg Pelo Corto Color Canela Fecha de nacimiento 09/09/2016 Esterilizado Sí Carácter y Compatibilidad Carácter: ¡Un yayo estupendo! Sobre mí Fler es un perro especial. Un abuelete con un corazón jovial y agradecido. Es muy sociable y bueno con personas, disfruta las caricias y es muy animado. También es sociable con perros y se lleva muy bien con la pe"
anaa:anaaweb-org-bulo,35,Bulo,macho,71,adulto,2020-09-09,mediano,29.0,Mestizo,mestizo,False,Madrid,*,ANAA — Asociación Nacional Amigos de los Animales,disponible,False,,True,,,anaa,https://www.anaaweb.org/animales/35725,https://www.anaaweb.org/animals/image/35725?field=image_1920,2026-08-03T01:11:33Z,2026-08-03T01:15:20Z,"Anterior Siguiente 1 / 6 Adóptame Apadríname Comparte a BULO BULO Información Básica Especie Perro Raza Mestizo Sexo Macho Tamaño Mediano Peso 29.0 kg Pelo Corto Color Marrón / Blanco Fecha de nacimiento 09/09/2020 Esterilizado Sí Licencia 🪪 Con licencia Carácter y Compatibilidad Carácter: Selectivo e intenso Sobre mí Bulo llegó hace tiempo a ANAA y ha pasado por un proceso de adaptación lento afianzando todas novedades. Es joven, llegó muy inseguro, físicamente perfecto, mentalmente no tanto. S"
anaa:anaaweb-org-casper,35,Casper,macho,56,adulto,2021-12-01,mediano,43.0,Mestizo,mestizo,False,Madrid,*,ANAA — Asociación Nacional Amigos de los Animales,disponible,False,,True,,,anaa,https://www.anaaweb.org/animales/43108,https://www.anaaweb.org/animals/image/43108?field=image_1920,2026-08-03T01:11:33Z,2026-08-03T01:15:20Z,"Anterior Siguiente 1 / 10 Adóptame Apadríname Comparte a CASPER CASPER Información Básica Especie Perro Raza Mestizo Sexo Macho Tamaño Mediano Peso 43.0 kg Pelo Corto Color Blanco Fecha de nacimiento 01/12/2021 Esterilizado Sí Ver más animales Ayuda a CASPER Formulario de Adopción ¡Gracias por elegir la adopción! Nuestro equipo le devolverá el mensaje tan pronto como sea posible. Mientras tanto, le invitamos a visitar nuestras redes sociales Redes sociales Otros Perro s en Adopción"
anaa:anaaweb-org-chiquito,35,Chiquito,macho,44,adulto,2022-12-22,mediano,31.2,Mestizo,mestizo,False,Madrid,*,ANAA — Asociación Nacional Amigos de los Animales,disponible,False,,True,,,anaa,https://www.anaaweb.org/animales/38023,https://www.anaaweb.org/animals/image/38023?field=image_1920,2026-08-03T01:11:33Z,2026-08-03T01:15:20Z,"Anterior Siguiente 1 / 19 Adóptame Apadríname Comparte a CHIQUITO CHIQUITO Información Básica Especie Perro Raza Mestizo Sexo Macho Tamaño Mediano Peso 31.2 kg Pelo Corto Color Crema Fecha de nacimiento 22/12/2022 Esterilizado Sí Carácter y Compatibilidad Carácter: Alegre, sociable y amoroso. Sobre mí Este peque tiene la energía y carácter de un cachorrito grande; es juguetón, amoroso y quiere los mimos y atención para él. Súper sociable con todas las personas que entramos a verle, siempre nos r"
asoka:asokaelgrande-org-faraon,35,Faraón,macho,66,adulto,,grande,,Galgo,raza,False,Alicante,"Alicante 
                 (Alicante)",ASOKA el Grande,disponible,False,,True,True,,asoka,https://asokaelgrande.org/ficha-11754,https://asokaelgrande.org/ficha-banner-11754,2026-08-03T01:11:33Z,2026-08-03T01:11:33Z,"Asoka el Grande - Ficha de Faraón Foto 1 de 13 | Ficha de Faraón en adopción Nombre Faraón Clase perros Desde 30-6-2026 Sexo Macho Edad 5 años y 6 meses fecha de nacimiento 1/2021 Raza Galgo Tamaño Grande Localidad Alicante (Alicante) ID 11754 Descripción Faraón llega a nosotros por motivos ajenos a él, ya que van a operar a su dueño y nadie puede hacerse cargo de él... Es un perro bueno, obediente, cariñoso y juguetón. Es sociable con perros pero incompatible con gatos. Salud Desparasitado, vac"
anaa:anaaweb-org-mirasol,35,Mirasol,macho,74,adulto,2020-06-13,mediano,25.0,Mestizo,mestizo,False,Madrid,*,ANAA — Asociación Nacional Amigos de los Animales,disponible,False,,True,,,anaa,https://www.anaaweb.org/animales/37858,https://www.anaaweb.org/animals/image/37858?field=image_1920,2026-08-03T01:11:33Z,2026-08-03T01:15:20Z,"Anterior Siguiente 1 / 10 Adóptame Apadríname Comparte a MIRASOL MIRASOL Información Básica Especie Perro Raza Mestizo Sexo Macho Tamaño Mediano Peso 25.0 kg Pelo Largo Color Negro / Crema Fecha de nacimiento 13/06/2020 Esterilizado Sí Carácter y Compatibilidad Carácter: Superándose día a día Sobre mí Mirasol llegó hace bastante tiempo con su amiga Miraluna. Ella, aunque con desconfianza e inseguridad, se mostró más sociable que él. Al principio, Mirasol no quería acercarse mucho y se mostraba u"
anaa:anaaweb-org-mochuelo,35,Mochuelo,macho,45,adulto,2022-11-03,mediano,31.0,Mestizo,mestizo,False,Madrid,*,ANAA — Asociación Nacional Amigos de los Animales,disponible,False,,True,,,anaa,https://www.anaaweb.org/animales/37935,https://www.anaaweb.org/animals/image/37935?field=image_1920,2026-08-03T01:11:33Z,2026-08-03T01:15:20Z,"Anterior Siguiente 1 / 9 Adóptame Apadríname Comparte a MOCHUELO MOCHUELO Información Básica Especie Perro Raza Mestizo Sexo Macho Tamaño Mediano Peso 31.0 kg Pelo Corto Color Negro / Crema Fecha de nacimiento 03/11/2022 Esterilizado Sí Carácter y Compatibilidad Carácter: Cada día más abierto Sobre mí Mochuelo llegó con su hermano Milano, ya adoptado. Milano era sociable con las personas y ayudaba a su hermano a confiar. Ahora se apoya en otros compañeros peludos que se han hecho su amigo. Aún t"
apadac:ballantino,34,Ballantines,macho,60,adulto,,grande,,Mezcla de Pastor Aleman,mezcla,False,Alicante,Callosa de Segura,APADAC Callosa de Segura,disponible,False,,,,,apadac,https://protectora-apadac.org/adopta/ballantino,https://protectora-apadac.org/_next/image?url=%2Fapi%2Fmedia%2Ffile%2FWhatsApp%2520Image%25202026-07-30%2520at%252023.41.44%2520(4).jpg&w=3840&q=75,2026-08-03T01:11:33Z,2026-08-03T10:39:22Z,"Adopción responsable Él es Ballantines: una mirada llena de sensibilidad buscando un hogar donde sentirse seguro. 💛🏠 Cuidados Historia 🐾 Ballantines , un corazón herido que merece empezar de nuevo. Si buscas cambiar la vida de un perro y regalarle el hogar que nunca ha tenido, Ballantines está esperando a alguien muy especial. 💛"
anaa:anaaweb-org-amazon,33,Amazon,macho,88,adulto,2019-04-18,mediano,35.0,Mestizo,mestizo,False,Madrid,*,ANAA — Asociación Nacional Amigos de los Animales,disponible,False,,True,,,anaa,https://www.anaaweb.org/animales/43540,https://www.anaaweb.org/animals/image/43540?field=image_1920,2026-08-03T01:11:33Z,2026-08-03T01:15:20Z,"Anterior Siguiente 1 / 3 Adóptame Apadríname Comparte a AMAZON AMAZON Información Básica Especie Perro Raza Mestizo Sexo Macho Tamaño Mediano Peso 35.0 kg Pelo Corto Color Crema Fecha de nacimiento 18/04/2019 Esterilizado No Carácter y Compatibilidad Carácter: Después de tanto sufrir, merece ser querido Sobre mí Encontramos a Amazon en la calle después de una vida de penurias. Llevaba mucho tiempo solo, sin nada que comer ni beber y su cuerpecito nos mostraba cuánto había sufrido. Estaba lleno d"
ibi:protectoradeibi-com-charlie,33,Charlie,macho,90,adulto,,grande,,Podenco Ibicenco,raza,False,Alicante,"Ibi 
                 (Alicante)",Protectora de Ibi,disponible,False,,,,,ibi,https://protectoradeibi.com/ficha-2434,https://protectoradeibi.com/ficha-banner-2434,2026-08-03T01:11:33Z,2026-08-03T01:11:33Z,"Protectora de Ibi - Ficha de CHARLIE Sociedad protectora de animales de Ibi Foto 1 de 3 | Ficha de CHARLIE en adopción caso especial Nombre CHARLIE Clase Perro Desde 25-3-2025 Sexo Macho Edad 7 años y 6 meses fecha de nacimiento 1/2019 Raza Podenco Ibicenco Tamaño Grande Altura 67cm Localidad Ibi (Alicante) ID 2434 Descripción De la oscuridad a la luz: Conoce a Charlie Charlie llegó a nosotros en marzo de 2025, rescatado de un pasado que nadie merece: vivió toda su vida atado a una cadena corta,"
anaa:anaaweb-org-duque,33,Duque,macho,120,senior,2016-08-10,mediano,46.0,Mestizo,mestizo,False,Madrid,*,ANAA — Asociación Nacional Amigos de los Animales,disponible,False,,True,,,anaa,https://www.anaaweb.org/animales/40048,https://www.anaaweb.org/animals/image/40048?field=image_1920,2026-08-03T01:11:33Z,2026-08-03T01:15:20Z,"Anterior Siguiente 1 / 11 Adóptame Apadríname Comparte a DUQUE DUQUE Información Básica Especie Perro Raza Mestizo Sexo Macho Tamaño Mediano Peso 46.0 kg Pelo Medio Color Negro / Blanco Fecha de nacimiento 10/08/2016 Esterilizado Sí Carácter y Compatibilidad Carácter: Segunda oportunidad Sobre mí Perro grandote y encantador que llega a ANAA tras el fallecimiento de su dueño. Es extremadamente cariñoso y sociable con todo tipo de personas, le encantan los mimos y dar paseos. En el Centro de Adopc"
anaa:anaaweb-org-loren,33,Loren,macho,103,senior,2018-01-20,mediano,23.0,Mestizo,mestizo,False,Madrid,*,ANAA — Asociación Nacional Amigos de los Animales,disponible,False,,True,,,anaa,https://www.anaaweb.org/animales/43498,https://www.anaaweb.org/animals/image/43498?field=image_1920,2026-08-03T01:11:33Z,2026-08-03T01:15:20Z,"Anterior Siguiente 1 / 7 Adóptame Apadríname Comparte a LOREN LOREN Información Básica Especie Perro Raza Mestizo Sexo Macho Tamaño Mediano Peso 23.0 kg Pelo Duro Color Blanco / Canela Fecha de nacimiento 20/01/2018 Esterilizado Sí Carácter y Compatibilidad Bueno con perros Padrinos Greta Rodriguez Ver más animales Ayuda a LOREN Formulario de Adopción ¡Gracias por elegir la adopción! Nuestro equipo le devolverá el mensaje tan pronto como sea posible. Mientras tanto, le invitamos a visitar nuestr"
villena:9298,33,Odín,macho,70,adulto,2020-10-03,,,,desconocido,False,Alicante,Alicante,SPAP Villena,disponible,False,,,,,villena,https://protectoravillena.com/animal/odin/,https://protectoravillena.com/wp-content/uploads/IMG_5680.jpg,2026-08-03T01:11:33Z,2026-08-03T01:11:33Z,"Llegó a la protectora el 28 de octubre de 2025, Odín es un perro fuerte y lleno de energía que disfruta de la actividad física y los paseos largos. Con las personas es muy sociable y cariñoso, mostrando una gran disposición a interactuar y a formar parte de la familia que lo adopte.   Necesita un hogar que pueda acompañarlo en su nivel de actividad y proporcionarle estímulos diarios para mantenerse feliz y equilibrado. Odín está listo para dar mucho cariño y compañía a quienes estén preparados p"
kerubi:p1354-iker,33,P1354 – Iker,macho,28,joven,2024-04-22,grande,,Mestizo,mestizo,False,Castellón,Castellón,Huellas Callejeras,disponible,False,,,,,kerubi,https://kerubi.es/animales/perros-en-adopcion/p1354-iker/,https://kerubi.es/wp-content/uploads/2024/04/49669c37-4262-4629-b537-6b10647dea99.jpg,2026-08-03T01:11:33Z,2026-08-03T01:11:33Z,"Iker es un perro que busca una familia adoptiva debido a que su vida dió un giro de 180º cuando su responsable legal falleció por covid-19. Los hijos del propietario vendieron el terreno donde Iker y su mejor amigo Toby vivían. El nuevo propietario se puso en contacto con nosotros para pedirnos que acogiéramos a ambos perretes en el refugio. Es desde entonces cuando estamos buscándole un hogar mejor donde vivir, sin cadenas y a la intemperie. Su mejor amigo Toby encontró pronto un hogar, pero Ik"
kerubi:p1382-trebol,33,P1382 – Trébol,macho,28,joven,2024-04-22,grande,,Mestizo,mestizo,False,Castellón,Castellón,Huellas Callejeras,disponible,False,,,,,kerubi,https://kerubi.es/animales/perros-en-adopcion/p1382-trebol/,https://kerubi.es/wp-content/uploads/2024/04/f139d395-6f1b-4685-9944-f1f237d15f77.jpg,2026-08-03T01:11:33Z,2026-08-03T01:11:33Z,"Trébol es un perro mestizo que pesa aproximadamente 28kg y que está en adopción. Fue encontrado por una voluntaria en diciembre del 2020, en plena pandemia, por la zona del desierto de las palmas. Se le acercó pidiendo comida, el pobre estaba muy delgado y además tenía una infección en el ojo. Después de pasar revisión veterinaria fue llevado a nuestro refugio. Estuvo con tratamiento para poder curar la infección tan grande que tenía en el ojo y su tratamiento supuso un gasto aproximado de 200 e"
kerubi:p1741-spencer,33,P1741 – Spencer,macho,28,joven,2024-04-22,grande,,Mestizo,mestizo,False,Castellón,Castellón,Huellas Callejeras,disponible,False,,True,,,kerubi,https://kerubi.es/animales/perros-en-adopcion/p1741-spencer/,https://kerubi.es/wp-content/uploads/2024/04/d915362b-08c8-44cf-8b9e-548157a24c48.jpg,2026-08-03T01:11:33Z,2026-08-03T01:11:33Z,"Spencer es un perro activo, juguetón y muy cariñoso, cruce de American Staffordshire, de tamaño grande (28 kg. aproximadamente), blanco y marrón, de pelo corto, en busca de una nueva familia. Fue encontrado en la zona de naves del grupo Halcón en Alcora. Iba con collar de metal, pero sin chapa identificadora y sin chip, nadie lo reclamó. Llegó con un ojo muy mal, que no se pudo recuperar, por lo que se le realizó una enucleación. Su comportamiento es muy bueno con las personas. Spencer es un per"
asoka:asokaelgrande-org-jorge-javier,32,Jorge Javier,macho,44,adulto,,grande,,Mestizo,mestizo,False,Alicante,"Alicante 
                 (Alicante)",ASOKA el Grande,disponible,False,,True,True,,asoka,https://asokaelgrande.org/ficha-11687,https://asokaelgrande.org/ficha-banner-11687,2026-08-03T01:11:33Z,2026-08-03T01:11:33Z,"Asoka el Grande - Ficha de Jorge Javier Foto 1 de 23 | Ficha de Jorge Javier en adopción Nombre Jorge Javier Clase perros Desde 24-4-2026 Sexo Macho Edad 3 años y 8 meses fecha de nacimiento 11/2022 Raza Mestizo Tamaño Grande Localidad Alicante (Alicante) ID 11687 Descripción Jorge Javier fue recogido junto a otros siete perros de una finca donde los tenían viviendo en manada en pésimas condiciones. Una protectora amiga los recogió y, aunque los primeros días se mostraba algo asustado, rápidamen"
ibi:protectoradeibi-com-oso,32,OSO,macho,137,senior,,grande,,Mezcla de Pastor Aleman,mezcla,False,Alicante,"IBI 
                 (ALICANTE)",Protectora de Ibi,disponible,False,,,,,ibi,https://protectoradeibi.com/ficha-2435,https://protectoradeibi.com/ficha-banner-2435,2026-08-03T01:11:33Z,2026-08-03T01:11:33Z,"Protectora de Ibi - Ficha de OSO Sociedad protectora de animales de Ibi Foto 1 de 4 | Ficha de OSO en adopción Nombre OSO Clase Perro Desde 16-4-2024 Sexo Macho Edad 11 años y 5 meses fecha de nacimiento 2/2015 Raza MESTIZO DE PASTOR ALEMÁN Tamaño Grande Altura 63 Localidad IBI (ALICANTE) ID 2435 Descripción OSO, EL PERRO QUE SE QUEDÓ CUANDO TODO LO DEMÁS SE FUE EL PASADO DE OSO: Tenía una familia, una casa. Su familia vendió la casa y se olvidaron de él. Tiempo atrás, algo le pasó en la pata, n"
kerubi:tanque-4266,32,Tanque 4266,macho,63,adulto,2021-05-01,grande,,Mestizo,mestizo,False,Alicante,Alicante,Mascotas de Zero,disponible,False,,,,,kerubi,https://kerubi.es/animales/perros-en-adopcion/tanque-4266/,https://kerubi.es/wp-content/uploads/2024/05/48401039-569c-432c-87e8-fc3e52579fa4.jpg,2026-08-03T01:11:33Z,2026-08-03T01:11:33Z,
villena:8637,31,Bear,macho,83,adulto,2019-09-01,grande,40.0,,desconocido,False,Alicante,Alicante,SPAP Villena,disponible,False,,,,,villena,https://protectoravillena.com/animal/bear/,https://protectoravillena.com/wp-content/uploads/Bear-1.jpg,2026-08-03T01:11:33Z,2026-08-03T01:11:33Z,"Bear llegó a nuestra protectora el 4 de marzo de 2024, y desde entonces se ha ganado un hueco en nuestros corazones. Es un perro activo, fuerte y muy sociable, ideal para personas con energía que disfruten de la vida al aire libre. Le encantan los paseos, explorar nuevos lugares y, sobre todo, aprender. Si buscas un compañero fiel y obediente, con ganas de compartir aventuras y mucho amor, Bear es para ti. Ven a conocerlo y déjate conquistar por su nobleza y alegría."
villena:6821,31,Broly,macho,70,adulto,2020-10-01,grande,25.5,,desconocido,False,Alicante,Alicante,SPAP Villena,disponible,False,,,,,villena,https://protectoravillena.com/animal/broly/,https://protectoravillena.com/wp-content/uploads/IMG_5344.jpg,2026-08-03T01:11:33Z,2026-08-03T01:11:33Z,"Broly entró en el albergue en agosto del año 2021 y, desde ese entonces, espera a que alguien se fije en todo lo bueno que hay en su interior, y que tenga tantísimas ganas de formar una familia como las que tiene él mismo. Está deseando salir de La Protectora, poder pasear y disfrutar del aire fresco y de la comodidad de un hogar."
villena:5314,31,Cooper,macho,74,adulto,2020-06-01,grande,27.0,,desconocido,False,Alicante,Alicante,SPAP Villena,disponible,False,,,,,villena,https://protectoravillena.com/animal/cooper/,https://protectoravillena.com/wp-content/uploads/WhatsApp-Image-2023-11-03-at-08.59.01.jpeg,2026-08-03T01:11:33Z,2026-08-03T01:11:33Z,"Cooper fue recogido en mayo de 2021, junto con varios perros más. Todos ellos eran perros muy miedosos, que no habían tenido ningún tipo de contacto con los humanos. Desde entonces, aunque algunos de ellos han sido adoptados, seguimos trabajando en su socialización. Cooper es un perro muy tímido con las personas, pues aún no ha asumido que no son una amenaza. Aunque, si se siente lo suficientemente relajado, puede coger chuches y comida, se queda paralizado de miedo. Su familia ideal tendría que"
villena:10075,31,Nerone,macho,60,adulto,2021-08-01,grande,25.0,,desconocido,False,Alicante,Alicante,SPAP Villena,disponible,False,,,,,villena,https://protectoravillena.com/animal/nerone/,https://protectoravillena.com/wp-content/uploads/Nerone-1.jpg,2026-08-03T01:11:33Z,2026-08-03T01:11:33Z,"Nerone llegó a la protectora el 29 de junio de 2026. Desde entonces ha ido mostrando, poco a poco, cómo es realmente.   Al principio puede mostrarse algo tímido con las personas que no conoce. Necesita un poco de tiempo para coger confianza y sentirse seguro, pero cuando lo consigue se va relajando y deja ver su buen carácter. Es un perro que pasea bien con la correa y tiene un nivel de actividad medio, por lo que disfruta de los paseos sin necesitar un ritmo especialmente intenso.   Busca una f"
villena:9871,31,Piecito,macho,43,adulto,2023-01-01,grande,31.3,,desconocido,False,Alicante,Alicante,SPAP Villena,disponible,False,,,,,villena,https://protectoravillena.com/animal/piecito/,https://protectoravillena.com/wp-content/uploads/Piecito-1.jpg,2026-08-03T01:11:33Z,2026-08-03T01:11:33Z,"Piecito llegó a la protectora el 26 de septiembre de 2025. Desde entonces, hemos podido conocer poco a poco su forma de ser y entender mejor qué necesita.   Es un perro que, de primeras, puede mostrarse desconfiado con las personas que no conoce. No es de los que se acercan enseguida: necesita su tiempo y su espacio para observar, procesar y empezar a sentirse seguro. Por eso, es importante que quien esté interesado en adoptarlo entienda que el vínculo con él no será inmediato, sino que se const"
villena:9393,31,Rufo,macho,67,adulto,2021-01-01,grande,29.3,,desconocido,False,Alicante,Alicante,SPAP Villena,disponible,False,,,,,villena,https://protectoravillena.com/animal/rufo/,https://protectoravillena.com/wp-content/uploads/Rufo-1.jpg,2026-08-03T01:11:33Z,2026-08-03T01:11:33Z,"Rufo es un perro súper sociable con las personas. Desde el primer momento busca contacto humano, le gusta sentirse acompañado y no pierde ocasión de pedir mimos o llamar la atención con su simpatía. Es muy cariñoso, de esos perros que disfrutan claramente del afecto y lo demuestran.   Tiene mucha energía, por lo que necesita bastante ejercicio diario y una familia que pueda ofrecerle paseos activos y tiempo para moverse. No es un perro para una vida sedentaria: Rufo estará más equilibrado y feli"
villena:9054,31,Thor,macho,43,adulto,2023-01-01,grande,28.3,,desconocido,False,Alicante,Alicante,SPAP Villena,disponible,False,,,,,villena,https://protectoravillena.com/animal/thor/,https://protectoravillena.com/wp-content/uploads/IMG-20240422-WA0026.jpg,2026-08-03T01:11:33Z,2026-08-03T01:11:33Z,"Thor llegó a nuestra protectora el 30 de marzo de 2024, y desde entonces nos ha robado el corazón con su nobleza y su porte impresionante. Es un perro guapísimo, de esos que llaman la atención nada más verlo, pero lo que más destaca de él es su buen carácter y equilibrio. Es un perro muy sociable con otros perros; convive y se relaciona con ellos sin problema. Es pacífico y tranquilo, lo que hace que la convivencia con otros animales sea muy agradable. Con las personas, también es sociable, aunq"
kerubi:bronce,30,Bronce,macho,44,adulto,2022-12-01,grande,,Podenco,raza,False,Valencia,Valencia,SOS Animales Sagunto,disponible,False,,True,,True,kerubi,https://kerubi.es/animales/perros-en-adopcion/bronce/,https://kerubi.es/wp-content/uploads/2024/11/458303753_3590946917869028_9065087278606703465_n.jpg,2026-08-03T01:11:33Z,2026-08-03T01:11:33Z,"Su nombre se debe al espectacular color de sus ojos. Es un jovencito nacido en diciembre de 2022. Es muy cariñoso y alegre, que busca constantemente la atención de las personas, sus caricias. Es muy listo y está deseando que su compañero/a humano/a le enseñe cosas, aprende muy rápido. Si quieres ser tú esa persona afortunada que adopte a este maravilloso amigo, ponte en contacto con nosotros, Bronce te está esperando. Se adopta con chip, documentación, vacunas, contrato de adopción y esterilizad"
anaa:anaaweb-org-daryl,30,Daryl,macho,23,joven,2024-09-20,grande,30.0,Pastor Belga Malinois,raza,False,Madrid,*,ANAA — Asociación Nacional Amigos de los Animales,disponible,False,,True,,,anaa,https://www.anaaweb.org/animales/43451,https://www.anaaweb.org/animals/image/43451?field=image_1920,2026-08-03T01:11:33Z,2026-08-03T01:15:20Z,"Anterior Siguiente 1 / 11 Adóptame Apadríname Comparte a DARYL DARYL Información Básica Especie Perro Raza Pastor Belga Malinois Sexo Macho Tamaño Grande Peso 30.0 kg Pelo Corto Color Marrón Fecha de nacimiento 20/09/2024 Esterilizado Sí Ver más animales Ayuda a DARYL Formulario de Adopción ¡Gracias por elegir la adopción! Nuestro equipo le devolverá el mensaje tan pronto como sea posible. Mientras tanto, le invitamos a visitar nuestras redes sociales Redes sociales Otros Perro s en Adopción"
kerubi:granados-3707,30,Granados 3707,macho,109,senior,2017-07-01,grande,,Mestizo,mestizo,False,Alicante,Alicante,Mascotas de Zero,disponible,False,,,,,kerubi,https://kerubi.es/animales/perros-en-adopcion/granados-3707/,https://kerubi.es/wp-content/uploads/2024/05/7f823fc7-43dd-4461-8062-f4e0cfbbac78.jpg,2026-08-03T01:11:33Z,2026-08-03T01:11:33Z,"Granado fue encontrado en la calle en muy malas condiciones. Como se ve en las fotos, el perrito está muy delgado, pero estamos haciendo todo lo posible porque coja peso y se recupere rápido.Se nota que ha estado con gente antes, es cariñoso y ladra cuando nos ve cerca para llamar nuestra atención. Le gusta saludarnos levantándose a dos patas y estamos corrigiendo esto porque es muy grande y un poco brutote.No lo hemos probado por el momento con otros perros, pero por lo que hemos podido ver, cr"
anaa:anaaweb-org-merle,30,Merle,macho,23,joven,2024-09-20,grande,23.0,Pastor Belga Malinois,raza,False,Madrid,*,ANAA — Asociación Nacional Amigos de los Animales,disponible,False,,True,,,anaa,https://www.anaaweb.org/animales/43449,https://www.anaaweb.org/animals/image/43449?field=image_1920,2026-08-03T01:11:33Z,2026-08-03T01:15:20Z,"Anterior Siguiente 1 / 8 Adóptame Apadríname Comparte a MERLE MERLE Información Básica Especie Perro Raza Pastor Belga Malinois Sexo Macho Tamaño Grande Peso 23.0 kg Pelo Corto Color Marrón Fecha de nacimiento 20/09/2024 Esterilizado Sí Ver más animales Ayuda a MERLE Formulario de Adopción ¡Gracias por elegir la adopción! Nuestro equipo le devolverá el mensaje tan pronto como sea posible. Mientras tanto, le invitamos a visitar nuestras redes sociales Redes sociales Otros Perro s en Adopción"
kerubi:raik,30,Raik,macho,81,adulto,2019-11-09,grande,,Pastor Aleman,raza,False,Valencia,Valencia,SOS Animales Sagunto,disponible,False,,True,,True,kerubi,https://kerubi.es/animales/perros-en-adopcion/raik/,https://kerubi.es/wp-content/uploads/2023/12/329911148_2187015941489897_515556205895226858_n.jpg,2026-08-03T01:11:33Z,2026-08-03T01:11:33Z,"Es un cruce de pastor alemán y mastín. Cuando llegó al refugio tenía mucho miedo y desconfianza hacia las personas. Ni siquiera podíamos ponerle la correa para sacarlo a pasear. Pero a base de mucha paciencia y constancia, de pasar tiempo con él y de no agobiarlo, hemos conseguido que vuelva a confiar en el ser humano. Ahora es un perro completamente distinto, simpático, muy cariñoso, leal y noble, que espera cada día ansioso su paseo diario y sus ratitos de juego con la pelota. Es un perro mara"
villena:6798,29,Aquiles,macho,115,senior,2017-01-28,grande,29.0,,desconocido,False,Alicante,Alicante,SPAP Villena,disponible,False,,,,,villena,https://protectoravillena.com/animal/aquiles/,https://protectoravillena.com/wp-content/uploads/1-1.jpg,2026-08-03T01:11:33Z,2026-08-03T01:11:33Z,"Aquiles llegó a La Protectora en marzo de 2021, después de haber estado viviendo atado día y noche sin conocer la calle. Por ello, no hay nada que disfrute más que los momentos en los que puede estirar las patas y jugar en el patio del albergue. Sin embargo, esto le empieza a quedar pequeño, con lo que está deseando encontrar a una familia que lo mime, lo saque a pasear y le dé el amor que tanto le ha faltado."
villena:6739,29,Izan,macho,110,senior,2017-06-01,grande,35.5,,desconocido,False,Alicante,Alicante,SPAP Villena,disponible,False,,,,,villena,https://protectoravillena.com/animal/izan/,https://protectoravillena.com/wp-content/uploads/image-1.jpg,2026-08-03T01:11:33Z,2026-08-03T01:11:33Z,"Si has venido alguna vez al albergue mientras realizamos los habituales paseos de los domingos, probablemente hayas visto a Izan en más de una ocasión, pues es uno de nuestros más asiduos compañeros y, si está en sus patas, no se pierde ni una sola de estas salidas. Es un perro muy sociable con las personas, y muy agradecido con todos aquellos que le muestran cariño. Por ello, desde que llegó a La Protectora en septiembre de 2020, está deseando formar parte de una familia a la que demostrar su c"
villena:6707,29,Mané,macho,119,senior,2016-09-09,grande,25.0,,desconocido,False,Alicante,Alicante,SPAP Villena,disponible,False,,,,,villena,https://protectoravillena.com/animal/mane/,https://protectoravillena.com/wp-content/uploads/IMG_4871.jpg,2026-08-03T01:11:33Z,2026-08-03T01:11:33Z,"Mané llegó al albergue en diciembre de 2017, por lo que se ha convertido en uno de los perros más antiguos del albergue. Es un perro alegre, al que le encanta jugar y pasear, y que solo busca que le hagan caso y le presten atención. Ha salido varias veces en los paseos de fin de semana y se ha comportado estupendamente. Necesita una familia que sepa comprenderlo y darle el hogar que se merece después de tanto tiempo."
villena:9129,29,Nerón,macho,123,senior,2016-05-16,grande,40.4,,desconocido,False,Alicante,Alicante,SPAP Villena,disponible,False,,,,,villena,https://protectoravillena.com/animal/neron/,https://protectoravillena.com/wp-content/uploads/IMG_5599.jpg,2026-08-03T01:11:33Z,2026-08-03T01:11:33Z,"Nerón llegó a la protectora el 18 de septiembre de 2025. Es un perro muy cariñoso, de esos que disfrutan simplemente caminando a tu lado y compartiendo el momento. Le encantan los juegos, especialmente la pelota, que es una de sus grandes pasiones.   Convive bien tanto con machos como con hembras y tiene un carácter bastante equilibrado. En los paseos todavía le cuesta un poco alejarse del albergue, algo comprensible teniendo en cuenta su proceso de adaptación, pero con paciencia y seguridad ava"
villena:9254,29,Rocco,macho,123,senior,2016-05-24,grande,28.0,,desconocido,False,Alicante,Alicante,SPAP Villena,disponible,False,,,,,villena,https://protectoravillena.com/animal/rocco/,https://protectoravillena.com/wp-content/uploads/IMG_5997.jpg,2026-08-03T01:11:33Z,2026-08-03T01:11:33Z,"Rocco llegó a la protectora el 21 de octubre de 2025 y desde entonces se ha ido mostrando como un perro de actividad media, ideal para personas o familias que disfruten de paseos regulares y ratos de tranquilidad. Es sociable, aunque también tiene un punto independiente: le gusta compartir espacio con las personas y otros perros, pero no siempre busca atención constante. Convive actualmente con más perros sin problemas, manteniendo un comportamiento equilibrado.   Rocco es un perro que sabe adap"
villena:5468,29,Tobi,macho,99,senior,2018-05-01,grande,26.0,,desconocido,False,Alicante,Alicante,SPAP Villena,disponible,False,,,,,villena,https://protectoravillena.com/animal/tobi/,https://protectoravillena.com/wp-content/uploads/IMG_0686.jpg,2026-08-03T01:11:33Z,2026-08-03T01:11:33Z,"Tobi llegó al albergue en mayo de 2020. Desde entonces ha ido acumulando cada vez más estrés, y el pobre se muere por salir un poco a la calle. Espera con ansias a que alguien lo saque en los paseos de fin de semana y, sobre todo, a que alguien quiera darle la oportunidad de añadirlo a su familia. Tobi es un perro que está muy estresado en el albergue. Es un perro muy activo y con mucha energía, por lo que necesita a una familia que le marque unos límites y le permita hacer todo el ejercicio nec"
villena:6792,29,Zak,macho,87,adulto,2019-05-15,grande,30.0,,desconocido,False,Alicante,Alicante,SPAP Villena,disponible,False,,,,,villena,https://protectoravillena.com/animal/zak/,https://protectoravillena.com/wp-content/uploads/IMG_9011.jpg,2026-08-03T01:11:33Z,2026-08-03T01:11:33Z,"En diciembre de 2021, llegó a las puertas de La Protectora Zak, un adulto que había formado parte de una familia desde que era un cachorro, ya que fue adoptado siendo muy joven. Sin embargo, y por circunstancias personales de sus adoptantes, años más tarde, y con mucha tristeza, Zak fue separado de su amada familia. Desde entonces, y tras haber conocido el amor y la calidez humana, Zak está deseando encontrar a alguien que le recuerde cómo era el mundo más allá de las paredes del albergue."
kerubi:nelo,28,Nelo,macho,225,senior,2007-11-15,grande,,Shar Pei,raza,False,Albacete,Albacete,ADA San Francisco de Asis,disponible,False,,,,,kerubi,https://kerubi.es/animales/perros-en-adopcion/nelo/,https://kerubi.es/wp-content/uploads/2022/08/13450269_287616841587415_3115202016947303882_n.jpg,2026-08-03T01:11:33Z,2026-08-03T01:11:33Z,"Nelo es un Sharpei noble, mimoso y más bien tranquilo. Después de más de 1 año entre rejas en perrera, lo han revuelto porque tiraba de la correa. CONTACTO POR WHATSAPP: 618897182-675571062"
anaa:anaaweb-org-aliso,27,Aliso,macho,28,joven,2024-04-10,grande,45.5,Mestizo,mestizo,False,Madrid,*,ANAA — Asociación Nacional Amigos de los Animales,disponible,False,,True,,,anaa,https://www.anaaweb.org/animales/43483,https://www.anaaweb.org/animals/image/43483?field=image_1920,2026-08-03T01:11:33Z,2026-08-03T01:15:20Z,"Anterior Siguiente 1 / 9 Adóptame Apadríname Comparte a ALISO ALISO Información Básica Especie Perro Raza Mestizo Sexo Macho Tamaño Grande Peso 45.5 kg Pelo Corto Color Blanco Fecha de nacimiento 10/04/2024 Esterilizado Sí Carácter y Compatibilidad Carácter: ¡Un perrete estupendo! Sobre mí Aliso es un perro maravilloso. Es bueno, cariñoso, sociable y muy noble. Disfruta mucho de los paseos y le encantará descubrir el mundo junto a una familia definitiva que le quiera. Aliso se lleva fenomenal co"
villena:9560,27,Aquileo,macho,71,adulto,2020-09-07,gigante,58.0,,desconocido,False,Alicante,Alicante,SPAP Villena,disponible,False,,,,,villena,https://protectoravillena.com/animal/aquileo/,https://protectoravillena.com/wp-content/uploads/Aquileo-1.jpg,2026-08-03T01:11:33Z,2026-08-03T01:11:33Z,"Aquileo es un perro fuerte, fuerte de verdad, acorde a su tamaño. Tiene presencia y cuerpo, pero con las personas es un encanto. Desde el primer momento se muestra cercano y cariñoso: le encanta pegarse a ti, buscar contacto y disfrutar de las caricias sin prisas. Es de esos perros que, cuando confía, no se separa y agradece cada gesto de atención.   Llegó a la protectora el 20 de octubre de 2025, y desde entonces se ha mostrado muy a gusto con el trato humano, demostrando que el vínculo con las"
villena:8971,27,Teddy,macho,55,adulto,2022-01-01,gigante,60.0,,desconocido,False,Alicante,Alicante,SPAP Villena,disponible,False,,,,,villena,https://protectoravillena.com/animal/teddy/,https://protectoravillena.com/wp-content/uploads/IMG_6601.jpg,2026-08-03T01:11:33Z,2026-08-03T01:11:33Z,"Teddy llegó a nuestra protectora el 6 de marzo de 2024 y desde entonces nos ha conquistado a todos. Es un perro muy tranquilo, incluso cuando está con niños, y tiene una forma de ser que transmite mucha paz. Le encanta estar cerca de la gente y demostrar su lado cariñoso, siempre buscando una caricia o un momento de compañía. También disfruta mucho de los paseos, donde se muestra curioso y feliz, pero sin perder esa calma que lo caracteriza.   Teddy es un compañero ideal para quienes busquen un "
villena:9740,27,Thor,macho,59,adulto,2021-09-01,gigante,48.5,,desconocido,False,Alicante,Alicante,SPAP Villena,disponible,False,,,,,villena,https://protectoravillena.com/animal/thor-2/,https://protectoravillena.com/wp-content/uploads/Thor-1.jpg,2026-08-03T01:11:33Z,2026-08-03T01:11:33Z,"Thor es un perro muy fuerte y activo que necesita una familia que pueda seguir su ritmo y proporcionarle el ejercicio que requiere. Con las personas se comporta muy bien, mostrando una actitud sociable y cercana en el trato diario. Durante los paseos, tiende a estirar de la correa, por lo que necesitará continuar trabajando este aspecto con paciencia y constancia para mejorar su manejo en la calle.   Llegó a la protectora el 3 de enero de 2026 y desde entonces está esperando una oportunidad para"
kerubi:trabuco,27,Trabuco,macho,37,adulto,2023-07-14,grande,,Mestizo,mestizo,False,Murcia,Murcia,ASOC. PROTECCIÓN ANIMAL DE MAZARRON (APROAMA),disponible,False,,,,,kerubi,https://kerubi.es/animales/perros-en-adopcion/trabuco/,https://kerubi.es/wp-content/uploads/2025/04/IMG_7674.jpeg,2026-08-03T01:11:33Z,2026-08-03T01:11:33Z,"TRABUCO EN ADOPCIÓN ➡️tranquilo ➡️compatible con perros ➡️sociable Hola! Soy un grandullón lleno de amor, nacido en julio de 2023. Me llevo genial con otros perritos y sueño con un hogar donde dar y recibir cariño. Ahora vivo en el refugio, pero sé que ahí afuera está mi familia ideal. ¿Me das una oportunidad? [email protected] 642899947"
kerubi:zipi-y-zape,27,Zipi y zape,macho,63,adulto,2021-05-13,grande,,Mestizo,mestizo,False,Valencia,Valencia,Salvando patitas,disponible,False,,True,,,kerubi,https://kerubi.es/animales/perros-en-adopcion/zipi-y-zape/,https://kerubi.es/wp-content/uploads/2026/05/FB_IMG_1778528671865.jpg,2026-08-03T01:11:33Z,2026-08-03T01:11:33Z,"🙏🏻 EN ADOPCION 🙏🏻 Estos 2 hermanitos son Zape (Negro) y Zipi (Canela) tienen 5 años y estan en busca de hogar, ya sea adopción conjunta o por separado. Son 2 perros muy cariñosos y nobles, son de tamaño grande sobre 35-40 kg. Se llevan bien con otros perros, pero no son aptos con gatos. Fueron rescatados de la perrera donde no hubieran tenido un buen final. Lo ideal seria que los adoptaran familias con jardin o terreno, ya que no estan acostumbrados a ciudad. Ambos estan castrados y listos para "
kerubi:p1483-tolby,26,P1483 – Tolby,macho,39,adulto,2023-05-18,gigante,,Mastin Espanol,raza,False,Castellón,Castellón,Huellas Callejeras,disponible,False,,,,,kerubi,https://kerubi.es/animales/perros-en-adopcion/p1483-tolby/,https://kerubi.es/wp-content/uploads/2022/08/282488807_125793790078762_3870844599183809924_n.jpg,2026-08-03T01:11:33Z,2026-08-03T01:11:33Z,
anaa:anaaweb-org-boss,25,Boss,macho,159,senior,2013-05-05,grande,34.0,Pit Bull,raza,False,Madrid,*,ANAA — Asociación Nacional Amigos de los Animales,disponible,False,True,True,,,anaa,https://www.anaaweb.org/animales/42372,https://www.anaaweb.org/animals/image/42372?field=image_1920,2026-08-03T01:11:33Z,2026-08-03T01:15:20Z,"Anterior Siguiente 1 / 2 Adóptame Apadríname Comparte a BOSS BOSS Información Básica Especie Perro Raza Pit Bull Sexo Macho Tamaño Grande Peso 34.0 kg Pelo Corto Color Crema Fecha de nacimiento 05/05/2013 Esterilizado Sí Carácter y Compatibilidad Carácter: Noble y especial Sobre mí El abuelete Boss llegó a ANAA muy desubicado y triste. Venía de haberlo pasado muy mal y no comprendía qué hacía en un Centro de Adopción si él siempre había sido un perrito cuidado. Boss es un perro maravilloso, un P"
kerubi:gandalf,25,Gandalf,macho,96,senior,2018-08-27,grande,,Mestizo,mestizo,False,Valencia,Valencia,SOS Animales Sagunto,disponible,False,,True,,True,kerubi,https://kerubi.es/animales/perros-en-adopcion/gandalf/,https://kerubi.es/wp-content/uploads/2023/12/Captura-de-pantalla-2023-12-03-183028.png,2026-08-03T01:11:33Z,2026-08-03T01:11:33Z,"GANDALF es un perro muy especial. Cada uno de los perros a los que un voluntario cuida tiene parte de él. Pero, cuando lo encuentras en tan malas condiciones como nosotros encontramos a Gandalf y a sus hermanos, la rabia que se siente se torna miedo al intentar que sobreviva a los parásitos, las enfermedades… y en alegría cuando ese superviviente va dando sus primeros pasos hacia una vida feliz y llena de cariño, en un hogar. En el caso de nuestro Gandalf, la rabia parece restos de una noche"
villena:8576,25,Sultán,macho,112,senior,2017-04-01,gigante,50.0,,desconocido,False,Alicante,Alicante,SPAP Villena,disponible,False,,,,,villena,https://protectoravillena.com/animal/sultan/,https://protectoravillena.com/wp-content/uploads/IMG_4312-1.jpg,2026-08-03T01:11:33Z,2026-08-03T01:11:33Z,"Este grandullón es Sultán, llegado a finales del 2023 a la Protectora siendo solo pelo y huesos, con una mirada triste y enfermo de leishmania. Este peludo había perdido toda esperanza, pero con los cuidados adecuados ha conseguido salir adelante, y ahora es un perro al que le encantan los paseos y la compañía. Es muy simpático y tranquilo, tanto que podría adaptarse perfectamente a un hogar en el que haya niños, gatos, u otros perros. Si quieres darle la segunda oportunidad que merece y necesit"
kerubi:turco,25,Turco,macho,144,senior,2014-08-01,grande,,Mestizo,mestizo,False,Valencia,Valencia,SOS Animales Sagunto,disponible,False,,True,,True,kerubi,https://kerubi.es/animales/perros-en-adopcion/turco/,https://kerubi.es/wp-content/uploads/2023/12/12710740_1532999746997099_3084051882702791607_o.jpg,2026-08-03T01:11:33Z,2026-08-03T01:11:33Z,"Este pedazo de pan que parece no saber que es un poderoso perro, además de guapo, mimoso y bueno, no ha tenido mucha suerte. Su vida transcurrió en una terraza, habitualmente atado hasta que vino al refugio. Así, cuando fue adoptado no sabía como hay que comportarse con una familia, necesitaba paciencia, amor y alguien que le comprendiera y le enseñara. Creímos que la familia que se lo llevó era una buena elección pero nos equivocamos. A los dos meses nos lo devolvieron porque «no se adaptaba». "
anaa:anaaweb-org-fantasma,24,Fantasma,macho,48,adulto,2022-08-27,grande,60.5,Mastin,raza,False,Madrid,*,ANAA — Asociación Nacional Amigos de los Animales,disponible,False,,True,,,anaa,https://www.anaaweb.org/animales/42680,https://www.anaaweb.org/animals/image/42680?field=image_1920,2026-08-03T01:11:33Z,2026-08-03T01:15:20Z,"Anterior Siguiente 1 / 9 Adóptame Apadríname Comparte a FANTASMA FANTASMA Información Básica Especie Perro Raza Mastin Sexo Macho Tamaño Grande Peso 60.5 kg Color Blanco Fecha de nacimiento 27/08/2022 Esterilizado Sí Carácter y Compatibilidad Carácter: Un valiente que lo ha pasado fatal Sobre mí Fantasma llegó a ANAA en condiciones espantosas: garrapatas, infección en los ojos, alopecias, extremadamente delgado, heridas abiertas... Ha vivido toda su vida abandonado. Gracias al cuidado que se le "
anaa:anaaweb-org-looby,19,Looby,macho,132,senior,2015-08-20,grande,40.0,Mestizo,mestizo,False,Madrid,*,ANAA — Asociación Nacional Amigos de los Animales,disponible,False,,True,,,anaa,https://www.anaaweb.org/animales/30907,https://www.anaaweb.org/animals/image/30907?field=image_1920,2026-08-03T01:11:33Z,2026-08-03T01:15:20Z,"Anterior Siguiente 1 / 21 Adóptame Apadríname Comparte a LOOBY LOOBY Información Básica Especie Perro Raza Mestizo Sexo Macho Peso 40.0 kg Pelo Corto Color Canela Fecha de nacimiento 20/08/2015 Esterilizado Sí Carácter y Compatibilidad Carácter: Repleto de amor Sobre mí Looby es un perrete muy especial. Es muy bueno, alegre, activo, agradecido, súper súper misoso, juguetón... Todos los adjetivos se quedan cortos para él.A pesar de su tamaño, le encanta subirse a dos patas y quedarse inmóvil para"
anaa:anaaweb-org-mike,19,Mike,macho,96,senior,2018-08-05,grande,29.5,Mestizo,mestizo,False,Madrid,*,ANAA — Asociación Nacional Amigos de los Animales,disponible,False,,True,,,anaa,https://www.anaaweb.org/animales/43738,https://www.anaaweb.org/animals/image/43738?field=image_1920,2026-08-03T01:11:33Z,2026-08-03T01:15:20Z,"Anterior Siguiente 1 / 4 Adóptame Apadríname Comparte a MIKE MIKE Información Básica Especie Perro Raza Mestizo Sexo Macho Tamaño Grande Peso 29.5 kg Pelo Duro Color Marrón / Blanco Fecha de nacimiento 05/08/2018 Esterilizado Sí Ver más animales Ayuda a MIKE Formulario de Adopción ¡Gracias por elegir la adopción! Nuestro equipo le devolverá el mensaje tan pronto como sea posible. Mientras tanto, le invitamos a visitar nuestras redes sociales Redes sociales Otros Perro s en Adopción"
anaa:anaaweb-org-peter,19,Peter,macho,96,senior,2018-08-05,grande,30.0,Mestizo,mestizo,False,Madrid,*,ANAA — Asociación Nacional Amigos de los Animales,disponible,False,,True,,,anaa,https://www.anaaweb.org/animales/43739,https://www.anaaweb.org/animals/image/43739?field=image_1920,2026-08-03T01:11:33Z,2026-08-03T01:15:20Z,"Anterior Siguiente 1 / 7 Adóptame Apadríname Comparte a PETER PETER Información Básica Especie Perro Raza Mestizo Sexo Macho Tamaño Grande Peso 30.0 kg Pelo Duro Color Marrón / Blanco Fecha de nacimiento 05/08/2018 Esterilizado Sí Ver más animales Ayuda a PETER Formulario de Adopción ¡Gracias por elegir la adopción! Nuestro equipo le devolverá el mensaje tan pronto como sea posible. Mientras tanto, le invitamos a visitar nuestras redes sociales Redes sociales Otros Perro s en Adopción"
kerubi:samy-ppp-3181-2,19,Samy Ppp 3181,hembra,72,adulto,2020-08-01,mediano,,Pitbull,raza,True,Alicante,Alicante,Mascotas de Zero,disponible,False,,True,,,kerubi,https://kerubi.es/animales/perros-en-adopcion/samy-ppp-3181-2/,https://kerubi.es/wp-content/uploads/2024/05/1dc74ba7-e0a4-4a2b-a382-8d47789ec40a.jpg,2026-08-03T01:11:33Z,2026-08-03T01:11:33Z,"Samy fue encontrada en la calle, estaba gordita y bien cuidada, y además llevaba una herida en la barriga que indicaba que había sido esterilizada recientemente. No llevaba chip por lo que, aunque hemos estado buscando a su familia, nadie la ha reclamado.Samy es una escapista profesional, quizá se escapó de su casa de esa forma. Comparte jaula con un macho y se lleva bien con él, es una perrita que no busca problemas.Con la gente es simpática y cariñosa, cuando nos ve llegar mueve su cola tan rá"
kerubi:samy-ppp-3181,19,Samy Ppp 3181,hembra,72,adulto,2020-08-01,mediano,,Pitbull,raza,True,Alicante,Alicante,Mascotas de Zero,disponible,False,,True,,,kerubi,https://kerubi.es/animales/perros-en-adopcion/samy-ppp-3181/,https://kerubi.es/wp-content/uploads/2024/05/2865bcaf-cccd-4c93-a915-cb6bbebd03e2.jpg,2026-08-03T01:11:33Z,2026-08-03T01:11:33Z,"Samy fue encontrada en la calle, estaba gordita y bien cuidada, y además llevaba una herida en la barriga que indicaba que había sido esterilizada recientemente. No llevaba chip por lo que, aunque hemos estado buscando a su familia, nadie la ha reclamado.Samy es una escapista profesional, quizá se escapó de su casa de esa forma. Comparte jaula con un macho y se lleva bien con él, es una perrita que no busca problemas.Con la gente es simpática y cariñosa, cuando nos ve llegar mueve su cola tan rá"
kerubi:abor-3597-ppp,18,Abor 3597 Ppp,hembra,85,adulto,2019-07-01,mediano,,Pitbull,raza,True,Alicante,Alicante,Mascotas de Zero,disponible,False,,,,,kerubi,https://kerubi.es/animales/perros-en-adopcion/abor-3597-ppp/,https://kerubi.es/wp-content/uploads/2024/05/2752a715-fde9-4790-91b4-4c97b4ed68fa.jpg,2026-08-03T01:11:33Z,2026-08-03T01:11:33Z,"Es una buena chica, sociable con todo el mundo, cariñosa y bastante obediente.No apta con ningun otro animal, es su inconveniente y por eso sigue aqui, porque quien la conoce se enamora de ella, pero debe ser perrita unica en el hogar.Por lo demas es educada, sabe pasear con la correa y esta dispuesta a dar todo el cariño que tiene si alguien le da la oportunidad."
apadac:bellita,18,Bella,hembra,60,adulto,,mediano,,Mezcla de American Staffordshire Terrier,mezcla,True,Alicante,Callosa de Segura,APADAC Callosa de Segura,disponible,False,,,,,apadac,https://protectora-apadac.org/adopta/bellita,https://protectora-apadac.org/_next/image?url=%2Fapi%2Fmedia%2Ffile%2FWhatsApp%2520Image%25202026-07-31%2520at%252004.43.33.jpg&w=3840&q=75,2026-08-03T01:11:33Z,2026-08-03T10:39:22Z,"Adopción responsable ¿Listo para dejarte cautivar? La espectacular Bella te espera para ser tu compañera ideal. 💌✨ Cuidados Historia 🐾 Bella , una auténtica reina que impone con solo verla. Si buscas una compañera fuerte, inteligente y con una personalidad que no deja indiferente a nadie, Bella está deseando conocerte. 💛"
apadac:bluelita,18,Blue,hembra,60,adulto,,mediano,,Mezcla de American Staffordshire Terrier,mezcla,True,Alicante,Callosa de Segura,APADAC Callosa de Segura,disponible,False,,,,,apadac,https://protectora-apadac.org/adopta/bluelita,https://protectora-apadac.org/_next/image?url=%2Fapi%2Fmedia%2Ffile%2FIMG_5293.jpeg&w=3840&q=75,2026-08-03T01:11:33Z,2026-08-03T10:39:22Z,"Caso de éxito ¿Listo para adoptar felicidad pura? La preciosa Blue te espera con los brazos abiertos. 💌✨ Convivencia Cuidados Historia 🐾 Blue , una preciosa grandullona que reparte alegría allá por donde va."
apadac:bozz,18,Bozz,hembra,60,adulto,,mediano,,Mezcla de American Staffordshire Terrier,mezcla,True,Alicante,Callosa del Segura,APADAC Callosa de Segura,disponible,False,,,,,apadac,https://protectora-apadac.org/adopta/bozz,https://protectora-apadac.org/_next/image?url=%2Fapi%2Fmedia%2Ffile%2FBozz.jpg&w=3840&q=75,2026-08-03T01:11:33Z,2026-08-03T10:39:22Z,"Caso de éxito Bozz es una perrita alegre y sociable que solo espera una familia con la que disfrutar de la vida ☀️ Convivencia Cuidados Historia 🐾 Bozz , una grandullona de mirada imponente y corazón de algodón."
apadac:bubbita,18,Bubba,hembra,84,adulto,,mediano,,Mezcla de American Staffordshire Terrier,mezcla,True,Alicante,Callosa,APADAC Callosa de Segura,disponible,False,,,,,apadac,https://protectora-apadac.org/adopta/bubbita,https://protectora-apadac.org/_next/image?url=%2Fapi%2Fmedia%2Ffile%2FWhatsApp%2520Image%25202026-07-31%2520at%252004.43.34.jpg&w=3840&q=75,2026-08-03T01:11:33Z,2026-08-03T10:39:22Z,"Adopción responsable ¡Adopta a Bubba: la princesa más cariñosa y sociable que robará tu corazón! 🐾👑 Convivencia Cuidados Historia 🐾 Bubba , la princesa de la protectora que enamora con solo mirarla."
miwuki:ag9o758hag,18,Freya,hembra,54,adulto,,mediano,30.0,American Staffordshire Terrier,raza,True,Valencia,"Valencia, España",Yaiza F.,disponible,False,True,True,True,True,miwuki,https://petshelter.miwuki.com/c/ag9o758hag,https://img.miwuki.com/MW3Qh8p9,2026-08-03T01:11:33Z,2026-08-03T01:11:33Z,"Freya es una perra muy buena con personas la adoptamos hace 1 año y queríamos darle una oportunidad. No se llevaba bien con un perro mío en concreto y tuvieron peleas muy graves. Desde la última pelea está en casa en una habitación la sacamos a pasear pero no queremos que esté toda la vida. Los futuros dueños no han de tener perros ni gatos. Le encanta el campo estaría muy feliz viviendo en una casa de campo, le encanta jugar con las pelotas y le gustan los niños."
apadac:ginsengita,18,Ginseng,hembra,84,adulto,,mediano,,Mezcla de American Staffordshire Terrier,mezcla,True,Alicante,Callosa de Segura,APADAC Callosa de Segura,disponible,False,,,,,apadac,https://protectora-apadac.org/adopta/ginsengita,https://protectora-apadac.org/_next/image?url=%2Fapi%2Fmedia%2Ffile%2FWhatsApp%2520Image%25202026-07-30%2520at%252023.33.06.jpg&w=3840&q=75,2026-08-03T01:11:33Z,2026-08-03T10:39:22Z,"Adopción responsable Adopta a Ginseng: nuestra veterana más especial busca por fin su hogar ideal. 🏠🐾 Cuidados Historia 🐾 Ginseng , una perrita muy especial que sigue esperando su oportunidad. Si buscas una compañera única, con una personalidad increíble y muchas ganas de disfrutar de la vida, Ginseng puede ser la perra que estás buscando. 💛"
miwuki:wtwaac7etf,18,Malena,hembra,55,adulto,,mediano,,American Bully,raza,True,Valencia,"Valencia, España",Huellas,disponible,False,True,True,True,True,miwuki,https://petshelter.miwuki.com/c/wtwaAc7eTF,https://img.miwuki.com/iL9QY2G4,2026-08-03T01:11:33Z,2026-08-03T01:11:33Z,"A esta preciosidad la dejaron abandonada dentro de una casa y el dueño se fue a vivir fuera. Una persona que vive cerca la oía ladrar hasta que averiguaron la situación. Es cariñosa, juguetona... un amor de perra. Mide 53 cm. de altura y 25 kilos"
anaa:anaaweb-org-manny,18,Manny,macho,87,adulto,2019-05-06,gigante,62.0,Pastor Del Caucaso,raza,False,Madrid,*,ANAA — Asociación Nacional Amigos de los Animales,disponible,False,,True,,,anaa,https://www.anaaweb.org/animales/35792,https://www.anaaweb.org/animals/image/35792?field=image_1920,2026-08-03T01:11:33Z,2026-08-03T01:15:20Z,"Anterior Siguiente 1 / 6 Adóptame Apadríname Comparte a MANNY MANNY Información Básica Especie Perro Raza Pastor Del Caucaso Sexo Macho Tamaño Gigante Peso 62.0 kg Pelo Largo Color Negro / Gris Fecha de nacimiento 06/05/2019 Esterilizado Sí Carácter y Compatibilidad Carácter: Todo un oso Bueno con perros Sobre mí Manny es un oso tan grande como su corazón. Es cariñoso y tranquilo, aunque en ANAA tiene mucho estrés. Le gustan mucho las personas y pasar tiempo con ellas, recibir caricias, pasear o"
miwuki:5op3g6kwkm,17,Dalila,hembra,79,adulto,,mediano,23.8,American Staffordshire Terrier,raza,True,Murcia,"Murcia, España",Centro Municipal De Control De Zoonosis Murcia - Ceproamur,disponible,False,,True,True,True,miwuki,https://petshelter.miwuki.com/c/5OP3g6kWkM,https://img.miwuki.com/hZ1lj0z6,2026-08-03T01:11:33Z,2026-08-03T01:11:33Z,"Dalila es super cariñosa. A esta pobre no solo la abandonaron, sino que antes le rajaron en el cuello para sacarle el microchip, y no entendemos porqué, porque es buena, cariñosa, y juguetona."
miwuki:znusigvq3w,17,Gilda,hembra,102,senior,,mediano,29.0,American Staffordshire Terrier,raza,True,Murcia,"Murcia, España",Centro Municipal De Control De Zoonosis Murcia - Ceproamur,disponible,False,,True,True,True,miwuki,https://petshelter.miwuki.com/c/ZnUSIgVQ3W,https://img.miwuki.com/zi7pd4I8,2026-08-03T01:11:33Z,2026-08-03T01:11:33Z,"Gilda tiene 5 años aproximadamente, la encontramos abandonada en la calle. Es una perra muy buena y simpática con otros animales y con las personas."
miwuki:xzqliygict,17,Kiara,hembra,112,senior,,mediano,32.0,American Staffordshire Terrier,raza,True,Murcia,"Murcia, España",Centro Municipal De Control De Zoonosis Murcia - Ceproamur,disponible,False,,True,True,True,miwuki,https://petshelter.miwuki.com/c/XzqLIYgICT,https://img.miwuki.com/Md2dI7v6,2026-08-03T01:11:33Z,2026-08-03T01:11:33Z,"Kiara tiene aproximadamente unos 6 años, es una perra muy buena y sociable, fue encontrada sola por la calle. Es muy cariñosa con las personas y está deseando encontrar una familia que la cuide."
miwuki:kguqn6abg0,17,Venus,hembra,40,adulto,,mediano,40.0,American Bully,raza,True,Castellón,"Castellón, España",Margarita,disponible,False,,,True,True,miwuki,https://petshelter.miwuki.com/c/KgUqN6ABG0,https://img.miwuki.com/Eb7ZP3c8,2026-08-03T01:11:33Z,2026-08-03T01:11:33Z,"Fue rescatada de un criadero cuando tenía 5 meses con muchísimo miedo. Para ella busco una familia que viva en alguna zona tranquila. De la gente al principio desconfía un poquito, con perros es muy juguetona y además es súper sinvergüenza y cara dura. Imprescindible que ya haya otro perrito en la casa con el que ella pueda jugar y refugiarse si se siente insegura en algún momento, o en su defecto, se daría en adopción junto a su hermano."
anaa:anaaweb-org-kitkat,16,Kitkat,hembra,43,adulto,2023-01-01,mediano,27.0,American Staffordshire,raza,True,Madrid,*,ANAA — Asociación Nacional Amigos de los Animales,disponible,False,,True,,,anaa,https://www.anaaweb.org/animales/41917,https://www.anaaweb.org/animals/image/41917?field=image_1920,2026-08-03T01:11:33Z,2026-08-03T01:15:20Z,"Anterior Siguiente 1 / 6 Adóptame Apadríname Comparte a KITKAT KITKAT Información Básica Especie Perro Raza American Staffordshire Sexo Hembra Tamaño Mediano Peso 27.0 kg Pelo Corto Color Atigrado / Blanco Fecha de nacimiento 01/01/2023 Esterilizado Sí Carácter y Compatibilidad Carácter: Necesita un buen compañero de vida. Bueno con perros Sobre mí Es una perrita juguetona y enérgica. Pasea estupendamente y es muy fácil ponerle el bozal. Siempre nos recibe con carita de ilusión, nos pide mimos y"
miwuki:uya877otls,16,Rona,hembra,48,adulto,,grande,40.0,Doberman,raza,True,Alicante,"Alicante, España",Veronica I.,disponible,False,True,True,True,True,miwuki,https://petshelter.miwuki.com/c/uYa877oTLS,https://img.miwuki.com/gB9RT7V6,2026-08-03T01:11:33Z,2026-08-03T01:11:33Z,"Hembra de 3 años con buen carácter y muy activa busca nueva familia, de raza pura. Todas las vacunas y desparasitaciones en regla, pasaporte europeo y esterilización realizadas. por motivos laborales me tengo que ir de España. Es un animal cariñoso y bueno con la familia. NO CONVIVE CON GATOS Y NO ES PARA ESTAR SOLA EN NINGUN CAMPO, ACOSTUMBRADA A VIVIR EN FAMILIA Y CON 3 PASEOS AL DIA."
miwuki:at8gnduio7,15,Duna,hembra,45,adulto,,gigante,28.0,Rottweiler,raza,True,Alicante,"Alicante, España",Tomas A.,disponible,False,True,,True,True,miwuki,https://petshelter.miwuki.com/c/aT8GNDuIo7,https://img.miwuki.com/gj4jF8V0,2026-08-03T01:11:33Z,2026-08-03T01:11:33Z,"Duna llegó a mi en un momento muy oportuno en mi vida, ha sido siempre muy buena y cariñosa, sobre todo con los niños y le encanta la gente. Actualmente tengo un niño pequeño y no tengo el tiempo necesario para poder atender sus necesidades, es muy buena pero necesita tiempo de juego y paseos largos, le encanta jugar y saltar. En casa no hace pipi ni caca y ya hace mucho que dejo de romper cosas, pero es muy nerviosa por falta de calle y estímulos."
anaa:anaaweb-org-mara,15,Mara,hembra,146,senior,2014-06-01,mediano,31.5,American Staffordshire,raza,True,Madrid,*,ANAA — Asociación Nacional Amigos de los Animales,disponible,False,,True,,,anaa,https://www.anaaweb.org/animales/35666,https://www.anaaweb.org/animals/image/35666?field=image_1920,2026-08-03T01:11:33Z,2026-08-03T01:15:20Z,"Anterior Siguiente 1 / 7 Adóptame Apadríname Comparte a MARA MARA Información Básica Especie Perro Raza American Staffordshire Sexo Hembra Tamaño Mediano Peso 31.5 kg Pelo Corto Color Crema Fecha de nacimiento 01/06/2014 Esterilizado Sí Carácter y Compatibilidad Carácter: Cariñosa y agradecida Sobre mí A nuestra Mara le gusta abrazarte mientras la acaricias y se restriega en ti cual gatito. Es una perrita confiada, demuestra afecto y cariño a cualquiera que vaya a verla, se deshace en muestras d"
apadac:marlonito,13,Marlon,macho,36,adulto,,mediano,,Mezcla de Rottweiler,mezcla,True,Alicante,Callosa de Segura,APADAC Callosa de Segura,disponible,False,,,,,apadac,https://protectora-apadac.org/adopta/marlonito,https://protectora-apadac.org/_next/image?url=%2Fapi%2Fmedia%2Ffile%2FWhatsApp%2520Image%25202026-07-30%2520at%252023.33.07.jpg&w=3840&q=75,2026-08-03T01:11:33Z,2026-08-03T10:39:22Z,"Adopción responsable Marlon busca familia: energía contagiosa, juegos y felicidad garantizada a tu lado. 🎾🐶 Convivencia Cuidados Historia 🐾 Marlon , un torbellino de alegría que nunca se queda quieto."
asoka:asokaelgrande-org-bully,12,Bully,macho,62,adulto,,mediano,,American Bully,raza,True,Alicante,"Alicante 
                 (Alicante)",ASOKA el Grande,disponible,False,,True,True,,asoka,https://asokaelgrande.org/ficha-11714,https://asokaelgrande.org/ficha-banner-11714,2026-08-03T01:11:33Z,2026-08-03T01:11:33Z,"Asoka el Grande - Ficha de Bully Foto 1 de 14 | Ficha de Bully en adopción Requiere licencia Nombre Bully Clase perros Desde 16-5-2026 Sexo Macho Edad 5 años y 2 meses fecha de nacimiento 5/2021 Raza American Bully Tamaño Mediano Localidad Alicante (Alicante) ID 11714 Descripción Bully, Enda y Tomi vivían en muy malas condiciones y en un lugar en el que no se merecían estar. Bully es un perro muy bueno y cariñoso. Con otros perros machos, tenemos que probarlo a ver qué tal. Salud Desparasitado, "
apadac:kaelito,12,Kael,macho,60,adulto,,mediano,,American Staffordshire,raza,True,Alicante,Callosa del Segura,APADAC Callosa de Segura,disponible,False,,,,,apadac,https://protectora-apadac.org/adopta/kaelito,https://protectora-apadac.org/_next/image?url=%2Fapi%2Fmedia%2Ffile%2F53ab08f1-4716-49fa-8aa8-afcf614602e4_Original.jpeg&w=3840&q=75,2026-08-03T01:11:33Z,2026-08-03T10:39:22Z,"Caso de éxito ¡Adopta a Kael: un compañero noble y tierno listo para entregarte su corazón! 🐾❤️ Convivencia Cuidados Historia 🐾 Kael , un compañero excepcional con un corazón que enamora."
kerubi:palomo-ppp-2813,12,Palomo Ppp 2813,macho,116,senior,2016-12-01,mediano,,Pitbull,raza,True,Alicante,Alicante,Mascotas de Zero,disponible,False,,,,,kerubi,https://kerubi.es/animales/perros-en-adopcion/palomo-ppp-2813/,https://kerubi.es/wp-content/uploads/2024/05/ebe19ba6-3c62-4796-b751-55325a475fbc.jpg,2026-08-03T01:11:33Z,2026-08-03T01:11:33Z,"Palomo fue encontrado por un chico que nos comentó que lo tuvo varios días en casa hasta que no pudo seguir cuidándolo y decidió traerlo aquí.Llegó gordito pero a la semana dio un bajón, empezó a adelgazar, estaba triste y asustado. Le hicimos un test de leishmania y dio positivo, así que empezamos con el tratamiento lo más rápido posible y ahora está empezando a mejorar.Es un perrito tímido pero muy bueno. Llegó asustado y aún tiene un poco de inseguridad, sobre todo con gente que no conoce, pe"
kerubi:palomo-ppp-2813-2,12,Palomo Ppp 2813,macho,116,senior,2016-12-01,mediano,,Pitbull,raza,True,Alicante,Alicante,Mascotas de Zero,disponible,False,,,,,kerubi,https://kerubi.es/animales/perros-en-adopcion/palomo-ppp-2813-2/,https://kerubi.es/wp-content/uploads/2024/05/ba197fdf-c019-464a-9b9a-85fd076a2d4a.jpg,2026-08-03T01:11:33Z,2026-08-03T01:11:33Z,"Palomo fue encontrado por un chico que nos comentó que lo tuvo varios días en casa hasta que no pudo seguir cuidándolo y decidió traerlo aquí.Llegó gordito pero a la semana dio un bajón, empezó a adelgazar, estaba triste y asustado. Le hicimos un test de leishmania y dio positivo, así que empezamos con el tratamiento lo más rápido posible y ahora está empezando a mejorar.Es un perrito tímido pero muy bueno. Llegó asustado y aún tiene un poco de inseguridad, sobre todo con gente que no conoce, pe"
apadac:paulito,12,Pau,macho,48,adulto,,mediano,,Mezcla de American Staffordshire Terrier,mezcla,True,Alicante,Callosa del Segura,APADAC Callosa de Segura,disponible,False,,,,,apadac,https://protectora-apadac.org/adopta/paulito,https://protectora-apadac.org/_next/image?url=%2Fapi%2Fmedia%2Ffile%2FIMG_5288.jpeg&w=3840&q=75,2026-08-03T01:11:33Z,2026-08-03T10:39:22Z,"Adopción responsable ¡Adopta a Pau: el grandullón imponente que esconde el corazón más dulce! 🐾❤️ Cuidados Historia 🐾 Pau , un grandullón que esconde un corazón de oro. Si buscas un compañero fiel, cariñoso y con una dulzura que te robe el corazón, Pau está deseando conocerte. 💛"
anaa:anaaweb-org-lluna,10,Lluna,hembra,63,adulto,2021-05-01,pequeno,10.0,Podenco,raza,False,Madrid,*,ANAA — Asociación Nacional Amigos de los Animales,adoptado,False,,True,,,anaa,https://www.anaaweb.org/animales/43322,https://www.anaaweb.org/animals/image/43322?field=image_1920,2026-08-03T01:11:33Z,2026-08-03T01:15:20Z,"Adóptame Apadríname Comparte a LLUNA LLUNA ¡Adoptado! Información Básica Especie Perro Raza Podenco Sexo Hembra Tamaño Pequeño Peso 10.0 kg Pelo Corto Color Marrón Fecha de nacimiento 01/05/2021 Esterilizado Sí Ver más animales Ayuda a LLUNA Formulario de Adopción ¡Gracias por elegir la adopción! Nuestro equipo le devolverá el mensaje tan pronto como sea posible. Mientras tanto, le invitamos a visitar nuestras redes sociales Redes sociales Otros Perro s en Adopción"
kerubi:rocky-4,10,Rocky,macho,95,adulto,2018-09-07,mediano,,Staffordshire Bull Terrier,raza,True,Valencia,Valencia,Akira Animal Sanctuary,disponible,False,,True,True,True,kerubi,https://kerubi.es/animales/perros-en-adopcion/rocky-4/,https://kerubi.es/wp-content/uploads/2023/10/rocky.png,2026-08-03T01:11:33Z,2026-08-03T01:11:33Z,"ROCKY BUSCA SU HOGAR DEFINITIVO Rocky está buscando su hogar definitivo; fue adoptado cuando era cachorro, pero desgraciadamente la situación de la familia cambió y tuvo que volver al refugio. La vida en el refugio fue muy estresante para él, por lo que ha estado en una casa de acogida donde la persona de acogida tiene experiencia con su raza, y encontró la vida un poco más fácil que en el refugio. Rocky tiene ahora 5 años, por lo que ha estado en su casa de acogida mucho tiempo y realmente nece"
kerubi:tucco,10,Tucco,macho,121,senior,2016-07-01,mediano,,Pitbull,raza,True,Murcia,Murcia,ASENA Protectora,disponible,False,,,,,kerubi,https://kerubi.es/animales/perros-en-adopcion/tucco/,https://kerubi.es/wp-content/uploads/2022/08/103502993_137338844602425_4796525716118784610_n.png,2026-08-03T01:11:33Z,2026-08-03T01:11:33Z,"Lleva con nosotras ya un año, todo el mundo chulea de su raza y todo el mundo lo quiere, pero nunca nadie sabe conocerlo. Iban a sacrificarlo por ser Pitbull Mejicano (PPP) criado en una cuadra, sin jugar, sin socializarse. Actualmente está en una residencia que nos cuesta 90€/mes. Cada vez que empieza de nuevo un mes, es una cuenta atrás y la factura nos viene muy grande y es una pena que siga en un chenil sin saber lo que es un hogar. Nuestro Tucco es muy amoroso con las personas y nunca ha at"
anaa:anaaweb-org-goku,9,Goku,macho,93,adulto,2018-11-13,mediano,29.5,American Staffordshire,raza,True,Madrid,*,ANAA — Asociación Nacional Amigos de los Animales,disponible,False,,True,,,anaa,https://www.anaaweb.org/animales/42949,https://www.anaaweb.org/animals/image/42949?field=image_1920,2026-08-03T01:11:33Z,2026-08-03T01:15:20Z,"Anterior Siguiente 1 / 12 Adóptame Apadríname Comparte a GOKU GOKU Información Básica Especie Perro Raza American Staffordshire Sexo Macho Tamaño Mediano Peso 29.5 kg Pelo Corto Color Blanco / Negro Fecha de nacimiento 13/11/2018 Esterilizado Sí Carácter y Compatibilidad Carácter: Adorablemente alegre Sobre mí Goku es de los perros más divertidos y simpáticos que tenemos en el Centro de Adopción. Es un perrito especial, agradecido, noble y con un puntito de locura que lo hace aún más adorable. S"
anaa:anaaweb-org-mufi,9,Mufi,macho,60,adulto,2021-08-28,mediano,31.5,Staffordshire Bull Terrier,raza,True,Madrid,*,ANAA — Asociación Nacional Amigos de los Animales,disponible,False,,True,,,anaa,https://www.anaaweb.org/animales/43417,https://www.anaaweb.org/animals/image/43417?field=image_1920,2026-08-03T01:11:33Z,2026-08-03T01:15:20Z,Anterior Siguiente 1 / 6 Adóptame Apadríname Comparte a MUFI MUFI Información Básica Especie Perro Raza Staffordshire Bull Terrier Sexo Macho Tamaño Mediano Peso 31.5 kg Pelo Corto Color Atigrado / Blanco Fecha de nacimiento 29/08/2021 Esterilizado Sí Carácter y Compatibilidad Carácter: No existe perro más bueno. Bueno con perros Sobre mí Nadie puede atreverse a decir que Mufi es potencialmente peligroso. Es el perro más noble y bueno que tenemos actualmente en adopción. Es sociable y permisivo 
anaa:anaaweb-org-koko,5,Koko,macho,45,adulto,2022-11-20,mediano,38.5,Mestizo,mestizo,False,Madrid,*,ANAA — Asociación Nacional Amigos de los Animales,adoptado,False,,True,,,anaa,https://www.anaaweb.org/animales/43021,https://www.anaaweb.org/animals/image/43021?field=image_1920,2026-08-03T01:11:33Z,2026-08-03T01:15:20Z,"Adóptame Apadríname Comparte a KOKO KOKO ¡Adoptado! Información Básica Especie Perro Raza Mestizo Sexo Macho Tamaño Mediano Peso 38.5 kg Pelo Corto Color Marrón Fecha de nacimiento 20/11/2022 Esterilizado Sí Carácter y Compatibilidad Carácter: Vital, mimoso e inteligente Sobre mí Koko es tan divertido como encantador. Te recibirá con mil piruetas para llamar tu atención y posteriormente disfrutará mostrándote como se sienta, tumba, deja que le pongas el arnés, etc. A pesar de ser un perro intens"
